-- phpMyAdmin SQL Dump
-- version 4.6.4
-- https://www.phpmyadmin.net/
--
-- Host: 127.0.0.1
-- Generation Time: Feb 29, 2024 at 08:05 PM
-- Server version: 5.7.14
-- PHP Version: 7.1.10

SET SQL_MODE = "NO_AUTO_VALUE_ON_ZERO";
SET time_zone = "+00:00";


/*!40101 SET @OLD_CHARACTER_SET_CLIENT=@@CHARACTER_SET_CLIENT */;
/*!40101 SET @OLD_CHARACTER_SET_RESULTS=@@CHARACTER_SET_RESULTS */;
/*!40101 SET @OLD_COLLATION_CONNECTION=@@COLLATION_CONNECTION */;
/*!40101 SET NAMES utf8mb4 */;

--
-- Database: `nextjs_pos_db`
--

-- --------------------------------------------------------

--
-- Table structure for table `account_types`
--

CREATE TABLE `account_types` (
  `id` int(22) NOT NULL,
  `name` varchar(22) COLLATE utf8_unicode_ci NOT NULL,
  `title` varchar(100) COLLATE utf8_unicode_ci NOT NULL
) ENGINE=InnoDB DEFAULT CHARSET=utf8 COLLATE=utf8_unicode_ci;

--
-- Dumping data for table `account_types`
--

INSERT INTO `account_types` (`id`, `name`, `title`) VALUES
(1, 'asset', 'Asset'),
(2, 'equity', 'Equity'),
(3, 'liability', 'Liability'),
(4, 'expense', 'Expense'),
(5, 'revenue', 'Revenue'),
(6, 'cos', 'Cost of Sales');

-- --------------------------------------------------------

--
-- Table structure for table `acc_bank_deposit_detail`
--

CREATE TABLE `acc_bank_deposit_detail` (
  `id` int(10) NOT NULL,
  `invoice_no` varchar(20) NOT NULL,
  `bank_deposit_id` int(10) NOT NULL DEFAULT '0',
  `account_code` varchar(100) DEFAULT NULL,
  `description` varchar(30) DEFAULT NULL,
  `amount` decimal(15,4) NOT NULL,
  `company_id` int(20) NOT NULL,
  `inventory_acc_code` varchar(20) DEFAULT '0',
  `customer_id` int(11) NOT NULL
) ENGINE=InnoDB DEFAULT CHARSET=utf8;

--
-- Dumping data for table `acc_bank_deposit_detail`
--

INSERT INTO `acc_bank_deposit_detail` (`id`, `invoice_no`, `bank_deposit_id`, `account_code`, `description`, `amount`, `company_id`, `inventory_acc_code`, `customer_id`) VALUES
(1, 'B1', 1, '2001', 'started business ', '600.0000', 21, '', 3),
(2, 'B1', 1, '1003', 'given to agent 1', '80.0000', 21, '', 2),
(3, 'B2', 2, '1008', 'Cash given to Agent 3 for loan', '559.0000', 21, '', 1),
(4, 'B3', 3, '1003', '', '600.0000', 21, '', 3),
(5, 'B3', 3, '1003', '', '500.0000', 21, '', 2),
(6, 'B4', 4, '4005', 'asdfa', '333.0000', 21, '', 2),
(9, 'B5', 7, '1004', '', '290.0000', 21, '', 5);

-- --------------------------------------------------------

--
-- Table structure for table `acc_bank_deposit_header`
--

CREATE TABLE `acc_bank_deposit_header` (
  `id` int(10) NOT NULL,
  `invoice_no` varchar(20) NOT NULL,
  `company_id` int(255) NOT NULL,
  `sale_time` timestamp NOT NULL DEFAULT CURRENT_TIMESTAMP,
  `sale_date` date NOT NULL,
  `deposit_to_acc_code` varchar(100) DEFAULT NULL,
  `employee_id` int(10) DEFAULT '0',
  `user_id` int(100) NOT NULL,
  `description` text,
  `total_amount` decimal(10,4) NOT NULL DEFAULT '0.0000',
  `created_on` timestamp NOT NULL DEFAULT CURRENT_TIMESTAMP
) ENGINE=InnoDB DEFAULT CHARSET=utf8;

--
-- Dumping data for table `acc_bank_deposit_header`
--

INSERT INTO `acc_bank_deposit_header` (`id`, `invoice_no`, `company_id`, `sale_time`, `sale_date`, `deposit_to_acc_code`, `employee_id`, `user_id`, `description`, `total_amount`, `created_on`) VALUES
(1, 'B1', 21, '2022-06-18 09:07:14', '2022-06-18', '1002', 0, 12, '', '680.0000', '2022-06-18 09:07:14'),
(2, 'B2', 21, '2022-06-18 09:37:19', '2022-06-18', '1002', 0, 12, '', '559.0000', '2022-06-18 09:37:19'),
(3, 'B3', 21, '2022-07-29 11:35:34', '2022-07-29', '1001', 0, 12, '', '1100.0000', '2022-07-29 11:35:34'),
(4, 'B4', 21, '2022-07-29 14:15:56', '2022-07-29', '1002', 0, 12, '', '333.0000', '2022-07-29 14:15:56'),
(7, 'B5', 21, '2022-12-13 11:36:52', '2022-12-13', '1003', 0, 12, '', '290.0000', '2022-12-13 11:36:52');

-- --------------------------------------------------------

--
-- Table structure for table `acc_entries`
--

CREATE TABLE `acc_entries` (
  `id` int(11) NOT NULL,
  `company_id` int(255) NOT NULL,
  `invoice_no` varchar(255) NOT NULL,
  `entry_no` int(50) DEFAULT NULL,
  `dr_total` decimal(10,4) DEFAULT '0.0000',
  `cr_total` decimal(10,4) DEFAULT '0.0000',
  `tag_id` int(11) DEFAULT NULL,
  `entry_type` int(5) DEFAULT NULL,
  `number` int(11) DEFAULT NULL,
  `date` date NOT NULL,
  `narration` text,
  `created_on` timestamp NOT NULL DEFAULT CURRENT_TIMESTAMP
) ENGINE=InnoDB DEFAULT CHARSET=utf8;

--
-- Dumping data for table `acc_entries`
--

INSERT INTO `acc_entries` (`id`, `company_id`, `invoice_no`, `entry_no`, `dr_total`, `cr_total`, `tag_id`, `entry_type`, `number`, `date`, `narration`, `created_on`) VALUES
(1, 21, '', 0, '0.0000', '0.0000', NULL, NULL, NULL, '2022-03-22', '', '2022-03-22 11:47:53'),
(2, 21, '', 0, '0.0000', '0.0000', NULL, NULL, NULL, '2022-03-22', '', '2022-03-22 11:47:53'),
(3, 21, '', 0, '0.0000', '0.0000', NULL, NULL, NULL, '2022-04-04', 'Thansk For Purchase', '2022-04-04 18:02:14'),
(4, 21, '', 0, '0.0000', '0.0000', NULL, NULL, NULL, '2022-04-04', 'Thansk For Purchase', '2022-04-04 18:02:14'),
(5, 21, '', 0, '0.0000', '0.0000', NULL, NULL, NULL, '2022-04-04', 'Safsd', '2022-04-04 18:07:26'),
(6, 21, '', 0, '0.0000', '0.0000', NULL, NULL, NULL, '2022-04-04', '', '2022-04-04 18:11:56'),
(7, 21, '', 0, '0.0000', '0.0000', NULL, NULL, NULL, '2022-04-06', 'Desctitptoan', '2022-04-06 17:58:30'),
(8, 21, '', 0, '0.0000', '0.0000', NULL, NULL, NULL, '2022-04-15', '', '2022-04-15 11:01:48'),
(9, 21, '', 0, '0.0000', '0.0000', NULL, NULL, NULL, '2022-04-15', 'Narrantion', '2022-04-15 11:21:13'),
(10, 21, '', 0, '0.0000', '0.0000', NULL, NULL, NULL, '2022-04-15', 'Narrantion', '2022-04-15 11:21:13'),
(11, 21, '', 0, '0.0000', '0.0000', NULL, NULL, NULL, '2022-04-15', '', '2022-04-15 11:24:21'),
(18, 21, '', 0, '0.0000', '0.0000', NULL, NULL, NULL, '2022-04-15', '', '2022-04-15 14:39:07'),
(19, 21, '', 0, '0.0000', '0.0000', NULL, NULL, NULL, '2022-04-15', '', '2022-04-15 14:39:07'),
(20, 21, '', 0, '0.0000', '0.0000', NULL, NULL, NULL, '2022-04-15', '', '2022-04-15 15:07:15'),
(21, 21, '', 0, '0.0000', '0.0000', NULL, NULL, NULL, '2022-04-15', '', '2022-04-15 15:07:15'),
(22, 21, '', 0, '0.0000', '0.0000', NULL, NULL, NULL, '2022-04-29', '', '2022-04-29 13:14:21'),
(23, 26, 'JV1', NULL, '999999.9999', '999999.9999', NULL, NULL, NULL, '2023-04-29', NULL, '2023-04-29 10:01:56'),
(24, 21, 'JV33', NULL, '10000.0000', '10000.0000', NULL, NULL, NULL, '2023-08-03', NULL, '2023-08-03 15:48:04'),
(25, 21, 'JV34', NULL, '2000.0000', '2000.0000', NULL, NULL, NULL, '2023-08-03', NULL, '2023-08-03 15:48:43'),
(26, 21, 'JV67', NULL, '210.0000', '210.0000', NULL, NULL, NULL, '2024-01-06', NULL, '2024-01-06 11:55:38'),
(34, 21, 'INV-14', NULL, '210.0000', '210.0000', NULL, NULL, NULL, '2024-01-09', NULL, '2024-01-09 14:03:09');

-- --------------------------------------------------------

--
-- Table structure for table `acc_entry_items`
--

CREATE TABLE `acc_entry_items` (
  `id` int(11) NOT NULL,
  `invoice_no` varchar(255) DEFAULT NULL,
  `account_code` varchar(100) NOT NULL,
  `dueTo_acc_code` varchar(100) NOT NULL,
  `ref_account_id` int(20) DEFAULT '0' COMMENT 'it will be customer, supp or bank id',
  `entry_id` int(11) DEFAULT NULL,
  `entry_no` varchar(50) DEFAULT NULL,
  `reconciliation_date` datetime DEFAULT NULL,
  `debit` double(18,4) NOT NULL,
  `credit` double(18,4) NOT NULL,
  `employee_id` int(100) NOT NULL,
  `date` date NOT NULL,
  `narration` varchar(255) DEFAULT NULL,
  `narration_ur` text NOT NULL,
  `created_on` timestamp NOT NULL DEFAULT CURRENT_TIMESTAMP,
  `company_id` int(20) NOT NULL,
  `is_cust` tinyint(1) DEFAULT '0',
  `is_supp` tinyint(1) DEFAULT '0',
  `is_bank` tinyint(1) DEFAULT '0',
  `user_id` int(11) DEFAULT NULL,
  `plaid_trans_id` varchar(256) DEFAULT NULL
) ENGINE=InnoDB DEFAULT CHARSET=utf8;

--
-- Dumping data for table `acc_entry_items`
--

INSERT INTO `acc_entry_items` (`id`, `invoice_no`, `account_code`, `dueTo_acc_code`, `ref_account_id`, `entry_id`, `entry_no`, `reconciliation_date`, `debit`, `credit`, `employee_id`, `date`, `narration`, `narration_ur`, `created_on`, `company_id`, `is_cust`, `is_supp`, `is_bank`, `user_id`, `plaid_trans_id`) VALUES
(1, 'S2', '1001', '4000', 0, 1, '', NULL, 1195.0000, 0.0000, 12, '2022-03-22', '', '', '2022-03-22 11:47:53', 21, 0, 0, 0, NULL, NULL),
(2, 'S2', '4000', '1001', 0, 1, '', NULL, 0.0000, 1195.0000, 12, '2022-03-22', '', '', '2022-03-22 11:47:53', 21, 0, 0, 0, NULL, NULL),
(3, 'S2', '1001', '2002', 0, 2, '', NULL, 105.0000, 0.0000, 12, '2022-03-22', '', '', '2022-03-22 11:47:53', 21, 0, 0, 0, NULL, NULL),
(4, 'S2', '2002', '1001', 0, 2, '', NULL, 0.0000, 105.0000, 12, '2022-03-22', '', '', '2022-03-22 11:47:53', 21, 0, 0, 0, NULL, NULL),
(5, 'S3', '1001', '4000', 0, 3, '', NULL, 1695.0000, 0.0000, 12, '2022-04-04', 'Thansk For Purchase', '', '2022-04-04 18:02:14', 21, 0, 0, 0, NULL, NULL),
(6, 'S3', '4000', '1001', 0, 3, '', NULL, 0.0000, 1695.0000, 12, '2022-04-04', 'Thansk For Purchase', '', '2022-04-04 18:02:14', 21, 0, 0, 0, NULL, NULL),
(7, 'S3', '1001', '2002', 0, 4, '', NULL, 105.0000, 0.0000, 12, '2022-04-04', 'Thansk For Purchase', '', '2022-04-04 18:02:14', 21, 0, 0, 0, NULL, NULL),
(8, 'S3', '2002', '1001', 0, 4, '', NULL, 0.0000, 105.0000, 12, '2022-04-04', 'Thansk For Purchase', '', '2022-04-04 18:02:14', 21, 0, 0, 0, NULL, NULL),
(9, 'S4', '1001', '4000', 0, 5, '', NULL, 600.0000, 0.0000, 12, '2022-04-04', 'Safsd', '', '2022-04-04 18:07:26', 21, 0, 0, 0, NULL, NULL),
(10, 'S4', '4000', '1001', 0, 5, '', NULL, 0.0000, 600.0000, 12, '2022-04-04', 'Safsd', '', '2022-04-04 18:07:26', 21, 0, 0, 0, NULL, NULL),
(11, 'S5', '1001', '4000', 0, 6, '', NULL, 500.0000, 0.0000, 12, '2022-04-04', '', '', '2022-04-04 18:11:56', 21, 0, 0, 0, NULL, NULL),
(12, 'S5', '4000', '1001', 0, 6, '', NULL, 0.0000, 500.0000, 12, '2022-04-04', '', '', '2022-04-04 18:11:56', 21, 0, 0, 0, NULL, NULL),
(13, 'R3', '1004', '1001', 0, 7, '', NULL, 800.0000, 0.0000, 12, '2022-04-06', 'Desctitptoan', '', '2022-04-06 17:58:30', 21, 0, 0, 0, NULL, NULL),
(14, 'R3', '1001', '1004', 0, 7, '', NULL, 0.0000, 800.0000, 12, '2022-04-06', 'Desctitptoan', '', '2022-04-06 17:58:30', 21, 0, 0, 0, NULL, NULL),
(15, 'W1', '1001', '1002', 1, 8, '', NULL, 3700.0000, 0.0000, 12, '2022-04-15', '', '', '2022-04-15 11:01:48', 21, 0, 0, 1, NULL, NULL),
(16, 'W1', '1002', '1001', 1, 8, '', NULL, 0.0000, 3700.0000, 12, '2022-04-15', '', '', '2022-04-15 11:01:48', 21, 0, 0, 1, NULL, NULL),
(17, 'S10', '1002', '4000', 0, 9, '', NULL, 1695.0000, 0.0000, 12, '2022-04-15', 'Narrantion', '', '2022-04-15 11:21:13', 21, 0, 0, 0, NULL, NULL),
(18, 'S10', '4000', '1002', 0, 9, '', NULL, 0.0000, 1695.0000, 12, '2022-04-15', 'Narrantion', '', '2022-04-15 11:21:13', 21, 0, 0, 0, NULL, NULL),
(19, 'S10', '1001', '2002', 0, 10, '', NULL, 105.0000, 0.0000, 12, '2022-04-15', 'Narrantion', '', '2022-04-15 11:21:13', 21, 0, 0, 0, NULL, NULL),
(20, 'S10', '2002', '1001', 0, 10, '', NULL, 0.0000, 105.0000, 12, '2022-04-15', 'Narrantion', '', '2022-04-15 11:21:13', 21, 0, 0, 0, NULL, NULL),
(21, 'S11', '1001', '4000', 0, 11, '', NULL, 1200.0000, 0.0000, 12, '2022-04-15', '', '', '2022-04-15 11:24:21', 21, 0, 0, 0, NULL, NULL),
(22, 'S11', '4000', '1001', 0, 11, '', NULL, 0.0000, 1200.0000, 12, '2022-04-15', '', '', '2022-04-15 11:24:21', 21, 0, 0, 0, NULL, NULL),
(29, 'S12', '1002', '4000', 0, 18, '', NULL, 2995.0000, 0.0000, 12, '2022-04-15', '', '', '2022-04-15 14:39:07', 21, 0, 0, 0, NULL, NULL),
(30, 'S12', '4000', '1002', 0, 18, '', NULL, 0.0000, 2995.0000, 12, '2022-04-15', '', '', '2022-04-15 14:39:07', 21, 0, 0, 0, NULL, NULL),
(31, 'S12', '1002', '2002', 0, 19, '', NULL, 105.0000, 0.0000, 12, '2022-04-15', '', '', '2022-04-15 14:39:07', 21, 0, 0, 0, NULL, NULL),
(32, 'S12', '2002', '1002', 0, 19, '', NULL, 0.0000, 105.0000, 12, '2022-04-15', '', '', '2022-04-15 14:39:07', 21, 0, 0, 0, NULL, NULL),
(33, 'R4', '1004', '1002', 0, 20, '', NULL, 21500.0000, 0.0000, 12, '2022-04-15', '', '', '2022-04-15 15:07:15', 21, 0, 0, 0, NULL, NULL),
(34, 'R4', '1002', '1004', 0, 20, '', NULL, 0.0000, 21500.0000, 12, '2022-04-15', '', '', '2022-04-15 15:07:15', 21, 0, 0, 0, NULL, NULL),
(35, 'R4', '2002', '1002', 0, 21, '', NULL, 105.0000, 0.0000, 12, '2022-04-15', '', '', '2022-04-15 15:07:15', 21, 0, 0, 0, NULL, NULL),
(36, 'R4', '1002', '2002', 0, 21, '', NULL, 0.0000, 105.0000, 12, '2022-04-15', '', '', '2022-04-15 15:07:15', 21, 0, 0, 0, NULL, NULL),
(37, 'S13', '1002', '4000', 0, 22, '', NULL, 1100.0000, 0.0000, 12, '2022-04-29', '', '', '2022-04-29 13:14:21', 21, 0, 0, 0, NULL, NULL),
(38, 'S13', '4000', '1002', 0, 22, '', NULL, 0.0000, 1100.0000, 12, '2022-04-29', '', '', '2022-04-29 13:14:21', 21, 0, 0, 0, NULL, NULL),
(39, 'S14', '2000', '', 0, NULL, NULL, NULL, 3333.0000, 3333.0000, 12, '2022-05-20', '', '', '2022-05-19 19:15:31', 21, 0, 0, 0, NULL, NULL),
(40, 'S15', '2001', '', 0, NULL, NULL, NULL, 666.0000, 666.0000, 12, '2022-05-20', '', '', '2022-05-19 19:15:48', 21, 0, 0, 0, NULL, NULL),
(41, 'S16', '1001', '', 0, NULL, NULL, NULL, 0.0000, 0.0000, 0, '2022-05-20', '', '', '2022-05-20 11:38:54', 21, 0, 0, 0, 12, NULL),
(42, 'S16', '2000', '', 0, NULL, NULL, NULL, 0.0000, 300.0000, 0, '2022-05-20', '', '', '2022-05-20 11:38:54', 21, 0, 0, 0, 12, NULL),
(43, 'S17', '1002', '', 0, NULL, NULL, NULL, 0.0000, 0.0000, 0, '2022-05-20', '', '', '2022-05-20 11:47:22', 21, 0, 0, 0, 12, NULL),
(44, 'S17', '2000', '', 0, NULL, NULL, NULL, 0.0000, 222.0000, 0, '2022-05-20', '', '', '2022-05-20 11:47:22', 21, 0, 0, 0, 12, NULL),
(45, 'S17', '2001', '', 0, NULL, NULL, NULL, 0.0000, 55.0000, 0, '2022-05-20', '', '', '2022-05-20 11:47:22', 21, 0, 0, 0, 12, NULL),
(46, 'S17', '3002', '', 0, NULL, NULL, NULL, 0.0000, 100.0000, 0, '2022-05-20', '', '', '2022-05-20 11:47:22', 21, 0, 0, 0, 12, NULL),
(47, 'S18', '1001', '', 0, NULL, NULL, NULL, 800.0000, 0.0000, 0, '2022-05-20', '', '', '2022-05-20 11:50:42', 21, 0, 0, 0, 12, NULL),
(48, 'S18', '2001', '', 0, NULL, NULL, NULL, 0.0000, 300.0000, 0, '2022-05-20', '', '', '2022-05-20 11:50:42', 21, 0, 0, 0, 12, NULL),
(49, 'S18', '2002', '', 0, NULL, NULL, NULL, 0.0000, 500.0000, 0, '2022-05-20', '', '', '2022-05-20 11:50:42', 21, 0, 0, 0, 12, NULL),
(50, 'S19', '1001', '', 0, NULL, NULL, NULL, 99.0000, 0.0000, 0, '2022-05-20', '', '', '2022-05-20 13:59:31', 21, 0, 0, 0, 12, NULL),
(51, 'S19', '2000', '', 0, NULL, NULL, NULL, 0.0000, 44.0000, 0, '2022-05-20', '', '', '2022-05-20 13:59:31', 21, 0, 0, 0, 12, NULL),
(52, 'S19', '3002', '', 0, NULL, NULL, NULL, 0.0000, 55.0000, 0, '2022-05-20', '', '', '2022-05-20 13:59:31', 21, 0, 0, 0, 12, NULL),
(53, 'R5', '263', '', 0, NULL, NULL, NULL, 33.0000, 0.0000, 0, '2022-05-20', '', '', '2022-05-20 14:05:21', 21, 0, 0, 0, 12, NULL),
(54, 'R5', '264', '', 0, NULL, NULL, NULL, 22.0000, 0.0000, 0, '2022-05-20', '', '', '2022-05-20 14:05:21', 21, 0, 0, 0, 12, NULL),
(55, 'R5', '1001', '', 0, NULL, NULL, NULL, 0.0000, 22.0000, 0, '2022-05-20', '', '', '2022-05-20 14:05:21', 21, 0, 0, 0, 12, NULL),
(56, 'R6', '263', '', 0, NULL, NULL, NULL, 44.0000, 0.0000, 0, '2022-05-20', '', '', '2022-05-20 14:15:16', 21, 0, 0, 0, 12, NULL),
(57, 'R6', '1001', '', 0, NULL, NULL, NULL, 0.0000, 44.0000, 0, '2022-05-20', '', '', '2022-05-20 14:15:16', 21, 0, 0, 0, 12, NULL),
(58, 'R7', '6000', '', 0, NULL, NULL, NULL, 33.0000, 0.0000, 0, '2022-05-20', '', '', '2022-05-20 14:18:09', 21, 0, 0, 0, 12, NULL),
(59, 'R7', '6001', '', 0, NULL, NULL, NULL, 44.0000, 0.0000, 0, '2022-05-20', '', '', '2022-05-20 14:18:09', 21, 0, 0, 0, 12, NULL),
(60, 'R7', '1001', '', 0, NULL, NULL, NULL, 0.0000, 44.0000, 0, '2022-05-20', '', '', '2022-05-20 14:18:09', 21, 0, 0, 0, 12, NULL),
(61, 'R8', '6001', '', 0, NULL, NULL, NULL, 500.0000, 0.0000, 0, '2022-05-20', '', '', '2022-05-20 14:20:56', 21, 0, 0, 0, 12, NULL),
(62, 'R8', '6002', '', 0, NULL, NULL, NULL, 400.0000, 0.0000, 0, '2022-05-20', '', '', '2022-05-20 14:20:56', 21, 0, 0, 0, 12, NULL),
(63, 'R8', '1001', '', 0, NULL, NULL, NULL, 0.0000, 900.0000, 0, '2022-05-20', '', '', '2022-05-20 14:20:56', 21, 0, 0, 0, 12, NULL),
(69, 'R9', '6000', '', 0, NULL, NULL, NULL, 11.0000, 0.0000, 0, '2022-05-21', '', '', '2022-05-20 19:18:17', 21, 0, 0, 0, 12, NULL),
(70, 'R9', '6005', '', 0, NULL, NULL, NULL, 22.0000, 0.0000, 0, '2022-05-21', '', '', '2022-05-20 19:18:17', 21, 0, 0, 0, 12, NULL),
(71, 'R9', '1001', '', 0, NULL, NULL, NULL, 0.0000, 33.0000, 0, '2022-05-21', '', '', '2022-05-20 19:18:17', 21, 0, 0, 0, 12, NULL),
(72, 'R10', '6000', '', 0, NULL, NULL, NULL, 566.0000, 0.0000, 0, '2022-05-21', '', '', '2022-05-20 19:25:51', 21, 0, 0, 0, 12, NULL),
(73, 'R10', '6006', '', 0, NULL, NULL, NULL, 666.0000, 0.0000, 0, '2022-05-21', '', '', '2022-05-20 19:25:51', 21, 0, 0, 0, 12, NULL),
(74, 'R10', '1001', '', 0, NULL, NULL, NULL, 0.0000, 1232.0000, 0, '2022-05-21', '', '', '2022-05-20 19:25:51', 21, 0, 0, 0, 12, NULL),
(79, 'JV1', '1002', '', 0, NULL, NULL, NULL, 3900.0000, 0.0000, 0, '2022-06-05', 'iPhone 6 plus', '', '2022-06-05 18:56:21', 21, 0, 0, 0, 12, NULL),
(80, 'JV1', '1001', '', 0, NULL, NULL, NULL, 0.0000, 3900.0000, 0, '2022-06-05', 'iPhone 6 plus', '', '2022-06-05 18:56:21', 21, 0, 0, 0, 12, NULL),
(81, 'JV2', '4000', '', 0, NULL, NULL, NULL, 5000.0000, 0.0000, 0, '2022-06-05', 'cash sales', '', '2022-06-05 18:58:24', 21, 0, 0, 0, 12, NULL),
(82, 'JV2', '1002', '', 0, NULL, NULL, NULL, 0.0000, 5000.0000, 0, '2022-06-05', 'cash sales', '', '2022-06-05 18:58:24', 21, 0, 0, 0, 12, NULL),
(83, 'JV3', '1001', '', 0, NULL, NULL, NULL, 3000.0000, 0.0000, 0, '2022-06-06', 'ar received', '', '2022-06-05 19:01:39', 21, 0, 0, 0, 12, NULL),
(84, 'JV3', '1003', '', 0, NULL, NULL, NULL, 0.0000, 3000.0000, 0, '2022-06-06', 'ar received', '', '2022-06-05 19:01:39', 21, 0, 0, 0, 12, NULL),
(85, 'B1', '1002', '', 0, NULL, NULL, NULL, 680.0000, 0.0000, 0, '2022-06-18', '', '', '2022-06-18 09:07:14', 21, 0, 0, 0, 12, NULL),
(86, 'B1', '2001', '', 0, NULL, NULL, NULL, 0.0000, 600.0000, 0, '2022-06-18', '', '', '2022-06-18 09:07:14', 21, 0, 0, 0, 12, NULL),
(87, 'B1', '1003', '', 0, NULL, NULL, NULL, 0.0000, 80.0000, 0, '2022-06-18', '', '', '2022-06-18 09:07:14', 21, 0, 0, 0, 12, NULL),
(88, 'B2', '1002', '', 0, NULL, NULL, NULL, 559.0000, 0.0000, 0, '2022-06-18', '', '', '2022-06-18 09:37:19', 21, 0, 0, 0, 12, NULL),
(89, 'B2', '1008', '', 0, NULL, NULL, NULL, 0.0000, 559.0000, 0, '2022-06-18', 'Cash given to Agent 3 for loan', '', '2022-06-18 09:37:19', 21, 0, 0, 0, 12, NULL),
(92, 'S24', '1003', '', 0, NULL, NULL, NULL, 16913.0000, 0.0000, 0, '2022-05-20', '', '', '2022-06-21 15:05:55', 21, 0, 0, 0, 12, NULL),
(93, 'S24', '2002', '', 0, NULL, NULL, NULL, 0.0000, 16690.0000, 0, '2022-05-20', '', '', '2022-06-21 15:05:55', 21, 0, 0, 0, 12, NULL),
(94, 'S24', '1007', '', 0, NULL, NULL, NULL, 0.0000, 223.0000, 0, '2022-05-20', '', '', '2022-06-21 15:05:55', 21, 0, 0, 0, 12, NULL),
(95, 'S25', '1003', '', 0, NULL, NULL, NULL, 16913.0000, 0.0000, 0, '2022-05-20', '', '', '2022-06-21 15:07:52', 21, 0, 0, 0, 12, NULL),
(96, 'S25', '2002', '', 0, NULL, NULL, NULL, 0.0000, 16690.0000, 0, '2022-05-20', '', '', '2022-06-21 15:07:52', 21, 0, 0, 0, 12, NULL),
(97, 'S25', '1007', '', 0, NULL, NULL, NULL, 0.0000, 223.0000, 0, '2022-05-20', '', '', '2022-06-21 15:07:52', 21, 0, 0, 0, 12, NULL),
(98, 'S20', '1003', '', 0, NULL, NULL, NULL, 3333.0000, 0.0000, 0, '2022-05-20', '', '', '2022-06-21 15:11:24', 21, 0, 0, 0, 12, NULL),
(99, 'S20', '2002', '', 0, NULL, NULL, NULL, 0.0000, 6666.0000, 0, '2022-05-20', '', '', '2022-06-21 15:11:24', 21, 0, 0, 0, 12, NULL),
(102, 'R11', '2002', '', 0, NULL, NULL, NULL, 500.0000, 0.0000, 0, '2022-06-21', '', '', '2022-06-21 16:18:40', 21, 0, 0, 0, 12, NULL),
(103, 'R11', '1007', '', 0, NULL, NULL, NULL, 700.0000, 0.0000, 0, '2022-06-21', '', '', '2022-06-21 16:18:40', 21, 0, 0, 0, 12, NULL),
(104, 'R11', '1001', '', 0, NULL, NULL, NULL, 0.0000, 1200.0000, 0, '2022-06-21', '', '', '2022-06-21 16:18:40', 21, 0, 0, 0, 12, NULL),
(112, 'S26', '1001', '', 0, NULL, NULL, NULL, 2520.0000, 0.0000, 0, '2022-07-08', '', '', '2022-07-07 19:37:37', 21, 0, 0, 0, 12, NULL),
(113, 'S26', '1004', '', 0, NULL, NULL, NULL, 0.0000, 1020.0000, 0, '2022-07-08', '', '', '2022-07-07 19:37:37', 21, 0, 0, 0, 12, NULL),
(114, 'S26', '3000', '', 0, NULL, NULL, NULL, 0.0000, 1500.0000, 0, '2022-07-08', '', '', '2022-07-07 19:37:37', 21, 0, 0, 0, 12, NULL),
(115, 'S26', '1001', '', 0, NULL, NULL, NULL, 378.0000, 0.0000, 0, '2022-07-08', '', '', '2022-07-07 19:37:37', 21, 0, 0, 0, 12, NULL),
(116, 'S26', '2002', '', 0, NULL, NULL, NULL, 0.0000, 378.0000, 0, '2022-07-08', '', '', '2022-07-07 19:37:37', 21, 0, 0, 0, 12, NULL),
(140, 'S27', '1001', '', 0, NULL, NULL, NULL, 1600.0000, 0.0000, 0, '2022-07-28', '', '', '2022-07-28 12:07:51', 21, 0, 0, 0, 12, NULL),
(141, 'S27', '1001', '', 0, NULL, NULL, NULL, 0.0000, 400.0000, 0, '2022-07-28', '', '', '2022-07-28 12:07:51', 21, 0, 0, 0, 12, NULL),
(142, 'S27', '1002', '', 0, NULL, NULL, NULL, 0.0000, 500.0000, 0, '2022-07-28', '', '', '2022-07-28 12:07:51', 21, 0, 0, 0, 12, NULL),
(143, 'S27', '1003', '', 0, NULL, NULL, NULL, 0.0000, 700.0000, 0, '2022-07-28', '', '', '2022-07-28 12:07:51', 21, 0, 0, 0, 12, NULL),
(144, 'S27', '1001', '', 0, NULL, NULL, NULL, 240.0000, 0.0000, 0, '2022-07-28', '', '', '2022-07-28 12:07:51', 21, 0, 0, 0, 12, NULL),
(145, 'S27', '2002', '', 0, NULL, NULL, NULL, 0.0000, 240.0000, 0, '2022-07-28', '', '', '2022-07-28 12:07:51', 21, 0, 0, 0, 12, NULL),
(146, 'S28', '1001', '', 0, NULL, NULL, NULL, 700.0000, 0.0000, 0, '2022-07-29', '', '', '2022-07-29 10:59:48', 21, 0, 0, 0, 12, NULL),
(147, 'S28', '1004', '', 0, NULL, NULL, NULL, 0.0000, 400.0000, 0, '2022-07-29', '', '', '2022-07-29 10:59:48', 21, 0, 0, 0, 12, NULL),
(148, 'S28', '4000', '', 0, NULL, NULL, NULL, 0.0000, 300.0000, 0, '2022-07-29', '', '', '2022-07-29 10:59:48', 21, 0, 0, 0, 12, NULL),
(149, 'S28', '1001', '', 0, NULL, NULL, NULL, 105.0000, 0.0000, 0, '2022-07-29', '', '', '2022-07-29 10:59:48', 21, 0, 0, 0, 12, NULL),
(150, 'S28', '2002', '', 0, NULL, NULL, NULL, 0.0000, 105.0000, 0, '2022-07-29', '', '', '2022-07-29 10:59:48', 21, 0, 0, 0, 12, NULL),
(151, 'B3', '1001', '', 0, NULL, NULL, NULL, 1100.0000, 0.0000, 0, '2022-07-29', '', '', '2022-07-29 11:35:34', 21, 0, 0, 0, 12, NULL),
(152, 'B3', '1003', '', 0, NULL, NULL, NULL, 0.0000, 600.0000, 0, '2022-07-29', '', '', '2022-07-29 11:35:34', 21, 0, 0, 0, 12, NULL),
(153, 'B3', '1003', '', 0, NULL, NULL, NULL, 0.0000, 500.0000, 0, '2022-07-29', '', '', '2022-07-29 11:35:34', 21, 0, 0, 0, 12, NULL),
(154, 'B4', '1002', '', 0, NULL, NULL, NULL, 333.0000, 0.0000, 0, '2022-07-29', '', '', '2022-07-29 14:15:56', 21, 0, 0, 0, 12, NULL),
(155, 'B4', '4005', '', 0, NULL, NULL, NULL, 0.0000, 333.0000, 0, '2022-07-29', 'asdfa', '', '2022-07-29 14:15:56', 21, 0, 0, 0, 12, NULL),
(159, 'S30', '1003', '', 0, NULL, NULL, NULL, 720.0000, 0.0000, 0, '2022-07-29', '', '', '2022-07-29 15:10:26', 21, 0, 0, 0, 12, NULL),
(160, 'S30', '6001', '', 0, NULL, NULL, NULL, 0.0000, 500.0000, 0, '2022-07-29', '', '', '2022-07-29 15:10:26', 21, 0, 0, 0, 12, NULL),
(161, 'S30', '6000', '', 0, NULL, NULL, NULL, 0.0000, 220.0000, 0, '2022-07-29', '', '', '2022-07-29 15:10:27', 21, 0, 0, 0, 12, NULL),
(162, 'S30', '1003', '', 0, NULL, NULL, NULL, 108.0000, 0.0000, 0, '2022-07-29', '', '', '2022-07-29 15:10:27', 21, 0, 0, 0, 12, NULL),
(163, 'S30', '2002', '', 0, NULL, NULL, NULL, 0.0000, 108.0000, 0, '2022-07-29', '', '', '2022-07-29 15:10:27', 21, 0, 0, 0, 12, NULL),
(164, 'JV4', '1001', '', 0, NULL, NULL, NULL, 100.0000, 0.0000, 0, '2022-07-29', '', '', '2022-07-29 17:23:59', 21, 0, 0, 0, 12, NULL),
(165, 'JV4', '1003', '', 0, NULL, NULL, NULL, 0.0000, 100.0000, 0, '2022-07-29', '', '', '2022-07-29 17:23:59', 21, 0, 0, 0, 12, NULL),
(168, 'JV5', '1001', '', 0, NULL, NULL, NULL, 500.0000, 0.0000, 0, '2022-08-02', '', '', '2022-08-02 15:37:50', 21, 0, 0, 0, 12, NULL),
(169, 'JV5', '1003', '', 0, NULL, NULL, NULL, 0.0000, 500.0000, 0, '2022-08-02', '', '', '2022-08-02 15:37:50', 21, 0, 0, 0, 12, NULL),
(170, 'JV6', '1001', '', 0, NULL, NULL, NULL, 50.0000, 0.0000, 0, '2022-08-02', '', '', '2022-08-02 15:38:26', 21, 0, 0, 0, 12, NULL),
(171, 'JV6', '1003', '', 0, NULL, NULL, NULL, 0.0000, 50.0000, 0, '2022-08-02', '', '', '2022-08-02 15:38:26', 21, 0, 0, 0, 12, NULL),
(172, 'JV7', '1001', '', 0, NULL, NULL, NULL, 500.0000, 0.0000, 0, '2022-08-02', '', '', '2022-08-02 15:40:06', 21, 0, 0, 0, 12, NULL),
(173, 'JV7', '1003', '', 0, NULL, NULL, NULL, 0.0000, 500.0000, 0, '2022-08-02', '', '', '2022-08-02 15:40:06', 21, 0, 0, 0, 12, NULL),
(174, 'JV8', '1001', '', 0, NULL, NULL, NULL, 170.0000, 0.0000, 0, '2022-08-02', '', '', '2022-08-02 16:01:52', 21, 0, 0, 0, 12, NULL),
(175, 'JV8', '1003', '', 0, NULL, NULL, NULL, 0.0000, 170.0000, 0, '2022-08-02', '', '', '2022-08-02 16:01:52', 21, 0, 0, 0, 12, NULL),
(176, 'JV9', '1001', '', 0, NULL, NULL, NULL, 108.0000, 0.0000, 0, '2022-08-02', '', '', '2022-08-02 16:08:44', 21, 0, 0, 0, 12, NULL),
(177, 'JV9', '1003', '', 0, NULL, NULL, NULL, 0.0000, 108.0000, 0, '2022-08-02', '', '', '2022-08-02 16:08:44', 21, 0, 0, 0, 12, NULL),
(178, 'R12', '1004', '', 0, NULL, NULL, NULL, 100.0000, 0.0000, 0, '2022-08-17', '', '', '2022-08-17 18:20:33', 21, 0, 0, 0, 12, NULL),
(179, 'R12', '2000', '', 0, NULL, NULL, NULL, 0.0000, 107.5000, 0, '2022-08-17', '', '', '2022-08-17 18:20:33', 21, 0, 0, 0, 12, NULL),
(180, 'R12', '2000', '', 0, NULL, NULL, NULL, 0.0000, 7.5000, 0, '2022-08-17', '', '', '2022-08-17 18:20:33', 21, 0, 0, 0, 12, NULL),
(181, 'R12', '2002', '', 0, NULL, NULL, NULL, 7.5000, 0.0000, 0, '2022-08-17', '', '', '2022-08-17 18:20:33', 21, 0, 0, 0, 12, NULL),
(183, 'R13', '2000', '', 0, NULL, NULL, NULL, 0.0000, 500.0000, 0, '2022-08-17', '', '', '2022-08-17 18:45:58', 21, 0, 0, 0, 12, NULL),
(184, 'R13', '1008', '', 0, NULL, NULL, NULL, 500.0000, 0.0000, 0, '2022-08-17', '', '', '2022-08-17 18:45:58', 21, 0, 0, 0, 12, NULL),
(185, 'R13', '2000', '', 0, NULL, NULL, NULL, 0.0000, 37.5000, 0, '2022-08-17', '', '', '2022-08-17 18:45:58', 21, 0, 0, 0, 12, NULL),
(186, 'R13', '2002', '', 0, NULL, NULL, NULL, 37.5000, 0.0000, 0, '2022-08-17', '', '', '2022-08-17 18:45:58', 21, 0, 0, 0, 12, NULL),
(188, 'JV10', '2000', '', 0, NULL, NULL, NULL, 100.0000, 0.0000, 0, '2022-08-17', '', '', '2022-08-17 18:49:27', 21, 0, 0, 0, 12, NULL),
(189, 'JV10', '1001', '', 0, NULL, NULL, NULL, 0.0000, 100.0000, 0, '2022-08-17', '', '', '2022-08-17 18:49:27', 21, 0, 0, 0, 12, NULL),
(190, 'JV11', '2000', '', 0, NULL, NULL, NULL, 100.0000, 0.0000, 0, '2022-08-17', '', '', '2022-08-17 18:50:41', 21, 0, 0, 0, 12, NULL),
(191, 'JV11', '1001', '', 0, NULL, NULL, NULL, 0.0000, 100.0000, 0, '2022-08-17', '', '', '2022-08-17 18:50:41', 21, 0, 0, 0, 12, NULL),
(192, 'JV12', '1001', '', 0, NULL, NULL, NULL, 33.0000, 0.0000, 0, '2022-08-17', '', '', '2022-08-17 18:52:30', 21, 0, 0, 0, 12, NULL),
(193, 'JV12', '1001', '', 0, NULL, NULL, NULL, 0.0000, 33.0000, 0, '2022-08-17', '', '', '2022-08-17 18:52:30', 21, 0, 0, 0, 12, NULL),
(194, 'S31', '1001', '', 0, NULL, NULL, NULL, 2920.0000, 0.0000, 0, '2022-09-22', '', '', '2022-09-22 18:23:33', 21, 0, 0, 0, 12, NULL),
(195, 'S31', '1002', '', 0, NULL, NULL, NULL, 0.0000, 500.0000, 0, '2022-09-22', '', '', '2022-09-22 18:23:33', 21, 0, 0, 0, 12, NULL),
(196, 'S31', '1003', '', 0, NULL, NULL, NULL, 0.0000, 300.0000, 0, '2022-09-22', '', '', '2022-09-22 18:23:33', 21, 0, 0, 0, 12, NULL),
(197, 'S31', '1003', '', 0, NULL, NULL, NULL, 0.0000, 100.0000, 0, '2022-09-22', '', '', '2022-09-22 18:23:33', 21, 0, 0, 0, 12, NULL),
(198, 'S31', '1007', '', 0, NULL, NULL, NULL, 0.0000, 150.0000, 0, '2022-09-22', '', '', '2022-09-22 18:23:33', 21, 0, 0, 0, 12, NULL),
(199, 'S31', '1008', '', 0, NULL, NULL, NULL, 0.0000, 140.0000, 0, '2022-09-22', '', '', '2022-09-22 18:23:33', 21, 0, 0, 0, 12, NULL),
(200, 'S31', '4004', '', 0, NULL, NULL, NULL, 0.0000, 540.0000, 0, '2022-09-22', '', '', '2022-09-22 18:23:33', 21, 0, 0, 0, 12, NULL),
(201, 'S31', '6004', '', 0, NULL, NULL, NULL, 0.0000, 600.0000, 0, '2022-09-22', '', '', '2022-09-22 18:23:33', 21, 0, 0, 0, 12, NULL),
(202, 'S31', '4100', '', 0, NULL, NULL, NULL, 0.0000, 590.0000, 0, '2022-09-22', '', '', '2022-09-22 18:23:33', 21, 0, 0, 0, 12, NULL),
(203, 'S31', '1001', '', 0, NULL, NULL, NULL, 0.0000, 0.0000, 0, '2022-09-22', '', '', '2022-09-22 18:23:33', 21, 0, 0, 0, 12, NULL),
(204, 'S31', '', '', 0, NULL, NULL, NULL, 0.0000, 0.0000, 0, '2022-09-22', '', '', '2022-09-22 18:23:33', 21, 0, 0, 0, 12, NULL),
(232, 'S32', '1001', '', 0, NULL, NULL, NULL, 550.0000, 0.0000, 0, '2022-09-26', '', '', '2022-09-26 13:09:36', 21, 0, 0, 0, 12, NULL),
(233, 'S32', '4000', '', 0, NULL, NULL, NULL, 0.0000, 500.0000, 0, '2022-09-26', '', '', '2022-09-26 13:09:36', 21, 0, 0, 0, 12, NULL),
(234, 'S32', '2002', '', 0, NULL, NULL, NULL, 0.0000, 50.0000, 0, '2022-09-26', '', '', '2022-09-26 13:09:36', 21, 0, 0, 0, 12, NULL),
(235, 'S32', '1001', '', 0, NULL, NULL, NULL, 0.0000, 0.0000, 0, '2022-09-26', '', '', '2022-09-26 13:09:36', 21, 0, 0, 0, 12, NULL),
(236, 'S32', '', '', 0, NULL, NULL, NULL, 0.0000, 0.0000, 0, '2022-09-26', '', '', '2022-09-26 13:09:36', 21, 0, 0, 0, 12, NULL),
(237, 'R16', '1001', '', 0, NULL, NULL, NULL, 0.0000, 1500.0000, 0, '2022-09-26', '', '', '2022-09-26 13:10:02', 21, 0, 0, 0, 12, NULL),
(238, 'R16', '6000', '', 0, NULL, NULL, NULL, 1500.0000, 0.0000, 0, '2022-09-26', '', '', '2022-09-26 13:10:02', 21, 0, 0, 0, 12, NULL),
(239, 'R16', '1001', '', 0, NULL, NULL, NULL, 0.0000, 0.0000, 0, '2022-09-26', '', '', '2022-09-26 13:10:02', 21, 0, 0, 0, 12, NULL),
(240, 'R16', '', '', 0, NULL, NULL, NULL, 0.0000, 0.0000, 0, '2022-09-26', '', '', '2022-09-26 13:10:02', 21, 0, 0, 0, 12, NULL),
(244, 'R17', '1001', '', 0, NULL, NULL, NULL, 0.0000, 1501.0000, 0, '2022-09-26', '', '', '2022-09-26 17:46:00', 21, 0, 0, 0, 12, NULL),
(245, 'R17', '6000', '', 0, NULL, NULL, NULL, 1501.0000, 0.0000, 0, '2022-09-26', '', '', '2022-09-26 17:46:00', 21, 0, 0, 0, 12, NULL),
(246, 'R17', '1001', '', 0, NULL, NULL, NULL, 0.0000, 225.1500, 0, '2022-09-26', '', '', '2022-09-26 17:46:00', 21, 0, 0, 0, 12, NULL),
(247, 'R17', '2002', '', 0, NULL, NULL, NULL, 225.1500, 0.0000, 0, '2022-09-26', '', '', '2022-09-26 17:46:00', 21, 0, 0, 0, 12, NULL),
(248, 'R18', '1001', '', 0, NULL, NULL, NULL, 0.0000, 1545.0000, 0, '2022-09-26', '', '', '2022-09-26 17:46:37', 21, 0, 0, 0, 12, NULL),
(249, 'R18', '6000', '', 0, NULL, NULL, NULL, 1500.0000, 0.0000, 0, '2022-09-26', '', '', '2022-09-26 17:46:37', 21, 0, 0, 0, 12, NULL),
(250, 'R18', '1001', '', 0, NULL, NULL, NULL, 0.0000, 231.7500, 0, '2022-09-26', '', '', '2022-09-26 17:46:37', 21, 0, 0, 0, 12, NULL),
(251, 'R18', '2002', '', 0, NULL, NULL, NULL, 231.7500, 0.0000, 0, '2022-09-26', '', '', '2022-09-26 17:46:37', 21, 0, 0, 0, 12, NULL),
(252, 'R19', '1001', '', 0, NULL, NULL, NULL, 0.0000, 1500.0000, 0, '2022-09-26', '', '', '2022-09-26 18:45:53', 21, 0, 0, 0, 12, NULL),
(253, 'R19', '6000', '', 0, NULL, NULL, NULL, 1500.0000, 0.0000, 0, '2022-09-26', '', '', '2022-09-26 18:45:53', 21, 0, 0, 0, 12, NULL),
(254, 'R19', '1001', '', 0, NULL, NULL, NULL, 0.0000, 112.5000, 0, '2022-09-26', '', '', '2022-09-26 18:45:53', 21, 0, 0, 0, 12, NULL),
(255, 'R19', '2002', '', 0, NULL, NULL, NULL, 112.5000, 0.0000, 0, '2022-09-26', '', '', '2022-09-26 18:45:53', 21, 0, 0, 0, 12, NULL),
(260, 'S33', '1001', '', 0, NULL, NULL, NULL, 1000.0000, 0.0000, 0, '2022-10-17', '', '', '2022-10-17 16:23:27', 21, 0, 0, 0, 12, NULL),
(261, 'S33', '3000', '', 0, NULL, NULL, NULL, 0.0000, 1000.0000, 0, '2022-10-17', '', '', '2022-10-17 16:23:27', 21, 0, 0, 0, 12, NULL),
(263, 'S33', '', '', 0, NULL, NULL, NULL, 0.0000, 0.0000, 0, '2022-10-17', '', '', '2022-10-17 16:23:27', 21, 0, 0, 0, 12, NULL),
(272, 'JV13', '1001', '', 0, NULL, NULL, NULL, 140.0000, 0.0000, 0, '2022-11-23', '', '', '2022-11-23 18:19:15', 21, 0, 0, 0, 12, NULL),
(273, 'JV13', '1003', '', 0, NULL, NULL, NULL, 0.0000, 140.0000, 0, '2022-11-23', '', '', '2022-11-23 18:19:15', 21, 0, 0, 0, 12, NULL),
(278, 'JV14', '1001', '', 0, NULL, NULL, NULL, 860.0000, 0.0000, 0, '2022-11-23', '', '', '2022-11-23 18:23:32', 21, 0, 0, 0, 12, NULL),
(279, 'JV14', '1001', '', 0, NULL, NULL, NULL, 0.0000, 860.0000, 0, '2022-11-23', '', '', '2022-11-23 18:23:32', 21, 0, 0, 0, 12, NULL),
(282, 'B5', '1003', '', 0, NULL, NULL, NULL, 290.0000, 0.0000, 0, '2022-12-13', '', '', '2022-12-13 11:36:52', 21, 0, 0, 0, 12, NULL),
(283, 'B5', '1004', '', 0, NULL, NULL, NULL, 0.0000, 290.0000, 0, '2022-12-13', '', '', '2022-12-13 11:36:52', 21, 0, 0, 0, 12, NULL),
(297, 'JV15', '1004', '', 0, NULL, NULL, NULL, 6777.0000, 0.0000, 0, '2022-12-15', '', '', '2022-12-15 16:05:09', 21, 0, 0, 0, 12, NULL),
(298, 'JV15', '1001', '', 0, NULL, NULL, NULL, 0.0000, 6777.0000, 0, '2022-12-15', '', '', '2022-12-15 16:05:09', 21, 0, 0, 0, 12, NULL),
(301, 'JV17', '1008', '', 0, NULL, NULL, NULL, 9000.0000, 0.0000, 0, '2022-12-15', '', '', '2022-12-15 16:05:56', 21, 0, 0, 0, 12, NULL),
(302, 'JV17', '1003', '', 0, NULL, NULL, NULL, 0.0000, 9000.0000, 0, '2022-12-15', '', '', '2022-12-15 16:05:56', 21, 0, 0, 0, 12, NULL),
(303, 'JV18', '3000', '', 0, NULL, NULL, NULL, 399.0000, 0.0000, 0, '2022-12-15', '', '', '2022-12-15 16:12:02', 21, 0, 0, 0, 12, NULL),
(304, 'JV18', '1001', '', 0, NULL, NULL, NULL, 0.0000, 399.0000, 0, '2022-12-15', '', '', '2022-12-15 16:12:02', 21, 0, 0, 0, 12, NULL),
(321, 'R20', '2000', '', 0, NULL, NULL, NULL, 0.0000, 4500.0000, 0, '2023-01-07', '', '', '2023-01-06 19:51:31', 21, 0, 0, 0, 12, NULL),
(322, 'R20', '1004', '', 0, NULL, NULL, NULL, 4500.0000, 0.0000, 0, '2023-01-07', '', '', '2023-01-06 19:51:31', 21, 0, 0, 0, 12, NULL),
(323, 'R20', '2000', '', 0, NULL, NULL, NULL, 0.0000, 0.0000, 0, '2023-01-07', '', '', '2023-01-06 19:51:31', 21, 0, 0, 0, 12, NULL),
(324, 'R20', '', '', 0, NULL, NULL, NULL, 0.0000, 0.0000, 0, '2023-01-07', '', '', '2023-01-06 19:51:31', 21, 0, 0, 0, 12, NULL),
(325, 'R21', '2000', '', 0, NULL, NULL, NULL, 0.0000, 5500.0000, 0, '2023-01-07', '', '', '2023-01-06 19:55:58', 21, 0, 0, 0, 12, NULL),
(326, 'R21', '1004', '', 0, NULL, NULL, NULL, 5500.0000, 0.0000, 0, '2023-01-07', '', '', '2023-01-06 19:55:58', 21, 0, 0, 0, 12, NULL),
(327, 'R21', '2000', '', 0, NULL, NULL, NULL, 0.0000, 0.0000, 0, '2023-01-07', '', '', '2023-01-06 19:55:58', 21, 0, 0, 0, 12, NULL),
(328, 'R21', '', '', 0, NULL, NULL, NULL, 0.0000, 0.0000, 0, '2023-01-07', '', '', '2023-01-06 19:55:58', 21, 0, 0, 0, 12, NULL),
(329, 'JV25', '2000', '', 0, NULL, NULL, NULL, 1500.0000, 0.0000, 0, '2023-01-07', '', '', '2023-01-06 19:56:41', 21, 0, 0, 0, 12, NULL),
(330, 'JV25', '1001', '', 0, NULL, NULL, NULL, 0.0000, 1500.0000, 0, '2023-01-07', '', '', '2023-01-06 19:56:41', 21, 0, 0, 0, 12, NULL),
(331, 'R22', '1008', '', 0, NULL, NULL, NULL, 8000.0000, 0.0000, 0, '2023-01-06', '', '', '2023-01-06 20:04:46', 21, 0, 0, 0, 12, NULL),
(332, 'R22', '2000', '', 0, NULL, NULL, NULL, 0.0000, 0.0000, 0, '2023-01-06', '', '', '2023-01-06 20:04:46', 21, 0, 0, 0, 12, NULL),
(333, 'R22', '', '', 0, NULL, NULL, NULL, 0.0000, 0.0000, 0, '2023-01-06', '', '', '2023-01-06 20:04:46', 21, 0, 0, 0, 12, NULL),
(334, 'JV26', '2000', '', 0, NULL, NULL, NULL, 1000.0000, 0.0000, 0, '2023-01-07', '', '', '2023-01-06 20:06:35', 21, 0, 0, 0, 12, NULL),
(335, 'R23', '1004', '', 0, NULL, NULL, NULL, 3000.0000, 0.0000, 0, '2023-01-07', '', '', '2023-01-07 11:12:41', 21, 0, 0, 0, 12, NULL),
(336, 'R23', '2000', '', 0, NULL, NULL, NULL, 0.0000, 0.0000, 0, '2023-01-07', '', '', '2023-01-07 11:12:41', 21, 0, 0, 0, 12, NULL),
(337, 'R23', '', '', 0, NULL, NULL, NULL, 0.0000, 0.0000, 0, '2023-01-07', '', '', '2023-01-07 11:12:41', 21, 0, 0, 0, 12, NULL),
(338, 'R24', '6001', '', 0, NULL, NULL, NULL, 3000.0000, 0.0000, 0, '2023-01-07', '', '', '2023-01-07 11:17:37', 21, 0, 0, 0, 12, NULL),
(339, 'R24', '2000', '', 0, NULL, NULL, NULL, 0.0000, 0.0000, 0, '2023-01-07', '', '', '2023-01-07 11:17:37', 21, 0, 0, 0, 12, NULL),
(340, 'R24', '', '', 0, NULL, NULL, NULL, 0.0000, 0.0000, 0, '2023-01-07', '', '', '2023-01-07 11:17:37', 21, 0, 0, 0, 12, NULL),
(341, 'S34', '1001', '', 0, NULL, NULL, NULL, 500.0000, 0.0000, 0, '2022-10-18', '', '', '2023-01-16 16:59:17', 21, 0, 0, 0, 12, NULL),
(342, 'S34', '5003', '', 0, NULL, NULL, NULL, 0.0000, 500.0000, 0, '2022-10-18', '', '', '2023-01-16 16:59:17', 21, 0, 0, 0, 12, NULL),
(343, 'S34', '1001', '', 0, NULL, NULL, NULL, 0.0000, 0.0000, 0, '2022-10-18', '', '', '2023-01-16 16:59:17', 21, 0, 0, 0, 12, NULL),
(344, 'S34', '', '', 0, NULL, NULL, NULL, 0.0000, 0.0000, 0, '2022-10-18', '', '', '2023-01-16 16:59:17', 21, 0, 0, 0, 12, NULL),
(345, 'R25', '2000', '', 0, NULL, NULL, NULL, 0.0000, 400.0000, 0, '2023-01-16', '', '', '2023-01-16 17:14:27', 21, 0, 0, 0, 12, NULL),
(346, 'R25', '2001', '', 0, NULL, NULL, NULL, 400.0000, 0.0000, 0, '2023-01-16', '', '', '2023-01-16 17:14:27', 21, 0, 0, 0, 12, NULL),
(347, 'R25', '2000', '', 0, NULL, NULL, NULL, 0.0000, 0.0000, 0, '2023-01-16', '', '', '2023-01-16 17:14:27', 21, 0, 0, 0, 12, NULL),
(348, 'R25', '', '', 0, NULL, NULL, NULL, 0.0000, 0.0000, 0, '2023-01-16', '', '', '2023-01-16 17:14:27', 21, 0, 0, 0, 12, NULL),
(349, 'JV27', '2000', '', 0, NULL, NULL, NULL, 1800.0000, 0.0000, 0, '2023-01-26', '', '', '2023-01-26 18:52:53', 21, 0, 0, 0, 12, NULL),
(350, 'JV27', '1001', '', 0, NULL, NULL, NULL, 0.0000, 1800.0000, 0, '2023-01-26', '', '', '2023-01-26 18:52:53', 21, 0, 0, 0, 12, NULL),
(351, 'S35', '1003', '', 0, NULL, NULL, NULL, 5000.0000, 0.0000, 0, '2023-01-07', '', '', '2023-01-26 19:05:11', 21, 0, 0, 0, 12, NULL),
(352, 'S35', '4000', '', 0, NULL, NULL, NULL, 0.0000, 5000.0000, 0, '2023-01-07', '', '', '2023-01-26 19:05:11', 21, 0, 0, 0, 12, NULL),
(353, 'S35', '1003', '', 0, NULL, NULL, NULL, 0.0000, 0.0000, 0, '2023-01-07', '', '', '2023-01-26 19:05:11', 21, 0, 0, 0, 12, NULL),
(354, 'S35', '', '', 0, NULL, NULL, NULL, 0.0000, 0.0000, 0, '2023-01-07', '', '', '2023-01-26 19:05:11', 21, 0, 0, 0, 12, NULL),
(355, 'S22', '1001', '', 0, NULL, NULL, NULL, 800.0000, 0.0000, 0, '2022-05-24', '', '', '2023-01-26 19:05:28', 21, 0, 0, 0, 12, NULL),
(356, 'S22', '4100', '', 0, NULL, NULL, NULL, 0.0000, 800.0000, 0, '2022-05-24', '', '', '2023-01-26 19:05:28', 21, 0, 0, 0, 12, NULL),
(357, 'S22', '1001', '', 0, NULL, NULL, NULL, 60.0000, 0.0000, 0, '2022-05-24', '', '', '2023-01-26 19:05:28', 21, 0, 0, 0, 12, NULL),
(358, 'S22', '2002', '', 0, NULL, NULL, NULL, 0.0000, 60.0000, 0, '2022-05-24', '', '', '2023-01-26 19:05:28', 21, 0, 0, 0, 12, NULL),
(359, 'JV28', '2000', '', 0, NULL, NULL, NULL, 2000.0000, 0.0000, 0, '2023-01-27', '', '', '2023-01-26 19:19:40', 21, 0, 0, 0, 12, NULL),
(360, 'JV28', '1001', '', 0, NULL, NULL, NULL, 0.0000, 2000.0000, 0, '2023-01-27', '', '', '2023-01-26 19:19:40', 21, 0, 0, 0, 12, NULL),
(361, 'JV29', '2000', '', 0, NULL, NULL, NULL, 1200.0000, 0.0000, 0, '2023-01-27', '', '', '2023-01-26 19:20:10', 21, 0, 0, 0, 12, NULL),
(362, 'JV29', '1001', '', 0, NULL, NULL, NULL, 0.0000, 1200.0000, 0, '2023-01-27', '', '', '2023-01-26 19:20:10', 21, 0, 0, 0, 12, NULL),
(368, 'R27', '1001', '', 0, NULL, NULL, NULL, 0.0000, 999.0000, 0, '2023-02-13', '', '', '2023-02-13 18:57:05', 21, 0, 0, 0, 12, NULL),
(369, 'R27', '1001', '', 0, NULL, NULL, NULL, 444.0000, 0.0000, 0, '2023-02-13', '', '', '2023-02-13 18:57:05', 21, 0, 0, 0, 12, NULL),
(370, 'R27', '1003', '', 0, NULL, NULL, NULL, 555.0000, 0.0000, 0, '2023-02-13', '', '', '2023-02-13 18:57:05', 21, 0, 0, 0, 12, NULL),
(371, 'R27', '1001', '', 0, NULL, NULL, NULL, 0.0000, 0.0000, 0, '2023-02-13', '', '', '2023-02-13 18:57:05', 21, 0, 0, 0, 12, NULL),
(372, 'R27', '', '', 0, NULL, NULL, NULL, 0.0000, 0.0000, 0, '2023-02-13', '', '', '2023-02-13 18:57:05', 21, 0, 0, 0, 12, NULL),
(373, 'R28', '1001', '', 0, NULL, NULL, NULL, 0.0000, 500.0000, 0, '2023-02-20', '', '', '2023-02-20 18:50:22', 21, 0, 0, 0, 12, NULL),
(374, 'R28', '1004', '', 0, NULL, NULL, NULL, 500.0000, 0.0000, 0, '2023-02-20', '', '', '2023-02-20 18:50:22', 21, 0, 0, 0, 12, NULL),
(375, 'R28', '1001', '', 0, NULL, NULL, NULL, 0.0000, 0.0000, 0, '2023-02-20', '', '', '2023-02-20 18:50:22', 21, 0, 0, 0, 12, NULL),
(376, 'R28', '', '', 0, NULL, NULL, NULL, 0.0000, 0.0000, 0, '2023-02-20', '', '', '2023-02-20 18:50:22', 21, 0, 0, 0, 12, NULL),
(377, 'R29', '1001', '', 0, NULL, NULL, NULL, 0.0000, 4500.0000, 0, '2023-02-20', '', '', '2023-02-20 18:58:47', 21, 0, 0, 0, 12, NULL),
(378, 'R29', '6000', '', 0, NULL, NULL, NULL, 4500.0000, 0.0000, 0, '2023-02-20', '', '', '2023-02-20 18:58:47', 21, 0, 0, 0, 12, NULL),
(379, 'R29', '1001', '', 0, NULL, NULL, NULL, 0.0000, 0.0000, 0, '2023-02-20', '', '', '2023-02-20 18:58:47', 21, 0, 0, 0, 12, NULL),
(380, 'R29', '', '', 0, NULL, NULL, NULL, 0.0000, 0.0000, 0, '2023-02-20', '', '', '2023-02-20 18:58:47', 21, 0, 0, 0, 12, NULL),
(381, 'R30', '1001', '', 0, NULL, NULL, NULL, 0.0000, 54000.0000, 0, '2023-02-21', '', '', '2023-02-20 19:08:30', 21, 0, 0, 0, 12, NULL),
(382, 'R30', '6001', '', 0, NULL, NULL, NULL, 54000.0000, 0.0000, 0, '2023-02-21', '', '', '2023-02-20 19:08:30', 21, 0, 0, 0, 12, NULL),
(383, 'R30', '1001', '', 0, NULL, NULL, NULL, 0.0000, 0.0000, 0, '2023-02-21', '', '', '2023-02-20 19:08:30', 21, 0, 0, 0, 12, NULL),
(384, 'R30', '', '', 0, NULL, NULL, NULL, 0.0000, 0.0000, 0, '2023-02-21', '', '', '2023-02-20 19:08:30', 21, 0, 0, 0, 12, NULL),
(389, 'R32', '1001', '', 0, NULL, NULL, NULL, 0.0000, 680.0000, 0, '2023-03-06', '', '', '2023-03-06 17:07:54', 21, 0, 0, 0, 12, NULL),
(390, 'R32', '4101', '', 0, NULL, NULL, NULL, 680.0000, 0.0000, 0, '2023-03-06', '', '', '2023-03-06 17:07:54', 21, 0, 0, 0, 12, NULL),
(391, 'R32', '1001', '', 0, NULL, NULL, NULL, 0.0000, 0.0000, 0, '2023-03-06', '', '', '2023-03-06 17:07:54', 21, 0, 0, 0, 12, NULL),
(392, 'R32', '', '', 0, NULL, NULL, NULL, 0.0000, 0.0000, 0, '2023-03-06', '', '', '2023-03-06 17:07:54', 21, 0, 0, 0, 12, NULL),
(397, 'S36', '1003', '', 0, NULL, NULL, NULL, 900.0000, 0.0000, 0, '2023-03-06', '', '', '2023-03-06 17:14:23', 21, 0, 0, 0, 12, NULL),
(398, 'S36', '1004', '', 0, NULL, NULL, NULL, 0.0000, 900.0000, 0, '2023-03-06', '', '', '2023-03-06 17:14:23', 21, 0, 0, 0, 12, NULL),
(399, 'S36', '1003', '', 0, NULL, NULL, NULL, 0.0000, 0.0000, 0, '2023-03-06', '', '', '2023-03-06 17:14:23', 21, 0, 0, 0, 12, NULL),
(400, 'S36', '', '', 0, NULL, NULL, NULL, 0.0000, 0.0000, 0, '2023-03-06', '', '', '2023-03-06 17:14:23', 21, 0, 0, 0, 12, NULL),
(415, 'R34', '1001', '', 0, NULL, NULL, NULL, 0.0000, 130.0000, 0, '2023-04-27', '', '', '2023-04-27 18:22:55', 21, 0, 0, 0, 12, NULL),
(416, 'R34', '2000', '', 0, NULL, NULL, NULL, 22.0000, 0.0000, 0, '2023-04-27', '', '', '2023-04-27 18:22:55', 21, 0, 0, 0, 12, NULL),
(417, 'R34', '1004', '', 0, NULL, NULL, NULL, 108.0000, 0.0000, 0, '2023-04-27', '', '', '2023-04-27 18:22:55', 21, 0, 0, 0, 12, NULL),
(418, 'R34', '1001', '', 0, NULL, NULL, NULL, 0.0000, 0.0000, 0, '2023-04-27', '', '', '2023-04-27 18:22:55', 21, 0, 0, 0, 12, NULL),
(419, 'R34', '', '', 0, NULL, NULL, NULL, 0.0000, 0.0000, 0, '2023-04-27', '', '', '2023-04-27 18:22:55', 21, 0, 0, 0, 12, NULL),
(420, 'R33', '1001', '', 0, NULL, NULL, NULL, 0.0000, 110.0000, 0, '2023-04-27', '', '', '2023-04-27 18:23:11', 21, 0, 0, 0, 12, NULL),
(421, 'R33', '2000', '', 0, NULL, NULL, NULL, 110.0000, 0.0000, 0, '2023-04-27', '', '', '2023-04-27 18:23:11', 21, 0, 0, 0, 12, NULL),
(422, 'R33', '1001', '', 0, NULL, NULL, NULL, 0.0000, 0.0000, 0, '2023-04-27', '', '', '2023-04-27 18:23:11', 21, 0, 0, 0, 12, NULL),
(423, 'R33', '', '', 0, NULL, NULL, NULL, 0.0000, 0.0000, 0, '2023-04-27', '', '', '2023-04-27 18:23:11', 21, 0, 0, 0, 12, NULL),
(429, 'JV1', '6000', '6000', 0, 23, NULL, NULL, 51000.0000, 0.0000, 16, '2023-04-29', '', '', '2023-04-29 10:01:56', 26, 0, 0, 0, NULL, NULL),
(430, 'JV1', '6001', '6001', 0, 23, NULL, NULL, 120750.1300, 0.0000, 16, '2023-04-29', '', '', '2023-04-29 10:01:56', 26, 0, 0, 0, NULL, NULL),
(431, 'JV1', '6002', '6002', 0, 23, NULL, NULL, 21186.2100, 0.0000, 16, '2023-04-29', '', '', '2023-04-29 10:01:56', 26, 0, 0, 0, NULL, NULL),
(432, 'JV1', '6003', '6003', 0, 23, NULL, NULL, 42891.8100, 0.0000, 16, '2023-04-29', '', '', '2023-04-29 10:01:56', 26, 0, 0, 0, NULL, NULL),
(433, 'JV1', '6004', '6004', 0, 23, NULL, NULL, 11823.7500, 0.0000, 16, '2023-04-29', '', '', '2023-04-29 10:01:56', 26, 0, 0, 0, NULL, NULL),
(434, 'JV1', '6005', '6005', 0, 23, NULL, NULL, 22408.9600, 0.0000, 16, '2023-04-29', '', '', '2023-04-29 10:01:56', 26, 0, 0, 0, NULL, NULL),
(435, 'JV1', '6006', '6006', 0, 23, NULL, NULL, 30510.0000, 0.0000, 16, '2023-04-29', '', '', '2023-04-29 10:01:56', 26, 0, 0, 0, NULL, NULL),
(436, 'JV1', '6007', '6007', 0, 23, NULL, NULL, 232102.0000, 0.0000, 16, '2023-04-29', '', '', '2023-04-29 10:01:56', 26, 0, 0, 0, NULL, NULL),
(437, 'JV1', '6008', '6008', 0, 23, NULL, NULL, 5543.4700, 0.0000, 16, '2023-04-29', '', '', '2023-04-29 10:01:56', 26, 0, 0, 0, NULL, NULL),
(438, 'JV1', '6010', '6010', 0, 23, NULL, NULL, 101000.0000, 0.0000, 16, '2023-04-29', '', '', '2023-04-29 10:01:56', 26, 0, 0, 0, NULL, NULL),
(439, 'JV1', '1001', '1001', 0, 23, NULL, NULL, 5495.1300, 0.0000, 16, '2023-04-29', '', '', '2023-04-29 10:01:56', 26, 0, 0, 0, NULL, NULL),
(440, 'JV1', '1002', '1002', 0, 23, NULL, NULL, 82452.7900, 0.0000, 16, '2023-04-29', '', '', '2023-04-29 10:01:56', 26, 0, 0, 0, NULL, NULL),
(441, 'JV1', '1004', '1004', 0, 23, NULL, NULL, 7958409.9300, 0.0000, 16, '2023-04-29', '', '', '2023-04-29 10:01:56', 26, 0, 0, 0, NULL, NULL),
(442, 'JV1', '2001', '2001', 0, 23, NULL, NULL, 65882.9055, 0.0000, 16, '2023-04-29', '', '', '2023-04-29 10:01:56', 26, 0, 0, 0, NULL, NULL),
(443, 'JV1', '3000', '3000', 0, 23, NULL, NULL, 0.0000, 8905237.7160, 16, '2023-04-29', '', '', '2023-04-29 10:01:56', 26, 0, 0, 0, NULL, NULL),
(444, 'JV1', '4000', '4000', 0, 23, NULL, NULL, 0.0000, 7855471.2600, 16, '2023-04-29', '', '', '2023-04-29 10:01:56', 26, 0, 0, 0, NULL, NULL),
(445, 'JV1', '5001', '5001', 0, 23, NULL, NULL, 7416251.8900, 0.0000, 16, '2023-04-29', '', '', '2023-04-29 10:01:56', 26, 0, 0, 0, NULL, NULL),
(446, 'JV1', '6009', '6009', 0, 23, NULL, NULL, 593000.0000, 0.0000, 16, '2023-04-29', '', '', '2023-04-29 10:01:56', 26, 0, 0, 0, NULL, NULL),
(447, 'S37', '1001', '', 0, NULL, NULL, NULL, 500.0000, 0.0000, 0, '2023-05-08', '', '', '2023-05-08 14:44:34', 21, 0, 0, 0, 12, NULL),
(448, 'S37', '1004', '', 0, NULL, NULL, NULL, 0.0000, 500.0000, 0, '2023-05-08', '', '', '2023-05-08 14:44:34', 21, 0, 0, 0, 12, NULL),
(449, 'S37', '1001', '', 0, NULL, NULL, NULL, 0.0000, 0.0000, 0, '2023-05-08', '', '', '2023-05-08 14:44:34', 21, 0, 0, 0, 12, NULL),
(450, 'S37', '', '', 0, NULL, NULL, NULL, 0.0000, 0.0000, 0, '2023-05-08', '', '', '2023-05-08 14:44:34', 21, 0, 0, 0, 12, NULL),
(474, 'R26', '1001', '', 0, NULL, NULL, NULL, 0.0000, 999000.0000, 0, '2023-02-13', '', '', '2023-05-22 16:59:21', 21, 0, 0, 0, 12, NULL),
(475, 'R26', '1001', '', 0, NULL, NULL, NULL, 444000.0000, 0.0000, 0, '2023-02-13', '', '', '2023-05-22 16:59:21', 21, 0, 0, 0, 12, NULL),
(476, 'R26', '1003', '', 0, NULL, NULL, NULL, 555000.0000, 0.0000, 0, '2023-02-13', '', '', '2023-05-22 16:59:21', 21, 0, 0, 0, 12, NULL),
(477, 'R26', '1001', '', 0, NULL, NULL, NULL, 0.0000, 0.0000, 0, '2023-02-13', '', '', '2023-05-22 16:59:21', 21, 0, 0, 0, 12, NULL),
(478, 'R26', '', '', 0, NULL, NULL, NULL, 0.0000, 0.0000, 0, '2023-02-13', '', '', '2023-05-22 16:59:21', 21, 0, 0, 0, 12, NULL),
(484, 'S38', '1001', '', 0, NULL, NULL, NULL, 152300000.0000, 0.0000, 0, '2023-05-08', '', '', '2023-05-25 17:29:41', 21, 0, 0, 0, 12, NULL),
(485, 'S38', '1004', '', 0, NULL, NULL, NULL, 0.0000, 300000.0000, 0, '2023-05-08', '', '', '2023-05-25 17:29:41', 21, 0, 0, 0, 12, NULL),
(486, 'S38', '1008', '', 0, NULL, NULL, NULL, 0.0000, 152000000.0000, 0, '2023-05-08', '', '', '2023-05-25 17:29:41', 21, 0, 0, 0, 12, NULL),
(487, 'S38', '1001', '', 0, NULL, NULL, NULL, 0.0000, 0.0000, 0, '2023-05-08', '', '', '2023-05-25 17:29:41', 21, 0, 0, 0, 12, NULL),
(488, 'S38', '', '', 0, NULL, NULL, NULL, 0.0000, 0.0000, 0, '2023-05-08', '', '', '2023-05-25 17:29:41', 21, 0, 0, 0, 12, NULL),
(489, 'S39', '1003', '', 0, NULL, NULL, NULL, 9000.0000, 0.0000, 0, '2023-06-07', '', '', '2023-06-07 15:13:35', 21, 0, 0, 0, 12, NULL),
(490, 'S39', '1004', '', 0, NULL, NULL, NULL, 0.0000, 5000.0000, 0, '2023-06-07', '', '', '2023-06-07 15:13:35', 21, 0, 0, 0, 12, NULL),
(491, 'S39', '1004', '', 0, NULL, NULL, NULL, 0.0000, 4000.0000, 0, '2023-06-07', '', '', '2023-06-07 15:13:35', 21, 0, 0, 0, 12, NULL),
(492, 'S39', '1003', '', 0, NULL, NULL, NULL, 1350.0000, 0.0000, 0, '2023-06-07', '', '', '2023-06-07 15:13:35', 21, 0, 0, 0, 12, NULL),
(493, 'S39', '2002', '', 0, NULL, NULL, NULL, 0.0000, 1350.0000, 0, '2023-06-07', '', '', '2023-06-07 15:13:35', 21, 0, 0, 0, 12, NULL),
(494, 'JV30', '1001', '', 0, NULL, NULL, NULL, 200.0000, 0.0000, 0, '2023-06-17', '', '', '2023-06-17 08:51:07', 21, 0, 0, 0, 12, NULL),
(495, 'JV30', '1003', '', 0, NULL, NULL, NULL, 0.0000, 200.0000, 0, '2023-06-17', '', '', '2023-06-17 08:51:07', 21, 0, 0, 0, 12, NULL),
(496, 'S40', '1003', '', 0, NULL, NULL, NULL, 5200.0000, 0.0000, 0, '2023-07-09', '', '', '2023-07-09 12:45:38', 21, 0, 0, 0, 12, NULL),
(497, 'S40', '1004', '', 0, NULL, NULL, NULL, 0.0000, 5200.0000, 0, '2023-07-09', '', '', '2023-07-09 12:45:38', 21, 0, 0, 0, 12, NULL),
(498, 'S40', '1003', '', 0, NULL, NULL, NULL, 0.0000, 0.0000, 0, '2023-07-09', '', '', '2023-07-09 12:45:38', 21, 0, 0, 0, 12, NULL),
(499, 'S40', '', '', 0, NULL, NULL, NULL, 0.0000, 0.0000, 0, '2023-07-09', '', '', '2023-07-09 12:45:38', 21, 0, 0, 0, 12, NULL),
(500, 'S41', '1003', '', 0, NULL, NULL, NULL, 1500.0000, 0.0000, 0, '2023-07-09', '', '', '2023-07-09 12:49:29', 21, 0, 0, 0, 12, NULL),
(501, 'S41', '4000', '', 0, NULL, NULL, NULL, 0.0000, 1500.0000, 0, '2023-07-09', '', '', '2023-07-09 12:49:29', 21, 0, 0, 0, 12, NULL),
(502, 'S41', '1003', '', 0, NULL, NULL, NULL, 0.0000, 0.0000, 0, '2023-07-09', '', '', '2023-07-09 12:49:29', 21, 0, 0, 0, 12, NULL),
(503, 'S41', '', '', 0, NULL, NULL, NULL, 0.0000, 0.0000, 0, '2023-07-09', '', '', '2023-07-09 12:49:29', 21, 0, 0, 0, 12, NULL),
(504, 'JV31', '1001', '', 0, NULL, NULL, NULL, 1000.0000, 0.0000, 0, '2023-07-09', '', '', '2023-07-09 13:01:40', 21, 0, 0, 0, 12, NULL),
(505, 'JV31', '1003', '', 0, NULL, NULL, NULL, 0.0000, 1000.0000, 0, '2023-07-09', '', '', '2023-07-09 13:01:40', 21, 0, 0, 0, 12, NULL),
(520, 'INV-2', '1003', '', 0, NULL, NULL, NULL, 250.0000, 0.0000, 0, '2023-07-24', '', '', '2023-07-24 18:25:35', 21, 0, 0, 0, 12, NULL),
(521, 'INV-2', '1004', '', 0, NULL, NULL, NULL, 0.0000, 250.0000, 0, '2023-07-24', '', '', '2023-07-24 18:25:35', 21, 0, 0, 0, 12, NULL),
(522, 'INV-2', '1003', '', 0, NULL, NULL, NULL, 0.0000, 0.0000, 0, '2023-07-24', '', '', '2023-07-24 18:25:35', 21, 0, 0, 0, 12, NULL),
(523, 'INV-2', '', '', 0, NULL, NULL, NULL, 0.0000, 0.0000, 0, '2023-07-24', '', '', '2023-07-24 18:25:35', 21, 0, 0, 0, 12, NULL),
(524, 'INV-3', '1003', '', 0, NULL, NULL, NULL, 450.0000, 0.0000, 0, '2023-07-24', '', '', '2023-07-24 18:25:57', 21, 0, 0, 0, 12, NULL),
(525, 'INV-3', '1004', '', 0, NULL, NULL, NULL, 0.0000, 450.0000, 0, '2023-07-24', '', '', '2023-07-24 18:25:57', 21, 0, 0, 0, 12, NULL),
(526, 'INV-3', '1003', '', 0, NULL, NULL, NULL, 0.0000, 0.0000, 0, '2023-07-24', '', '', '2023-07-24 18:25:57', 21, 0, 0, 0, 12, NULL),
(527, 'INV-3', '', '', 0, NULL, NULL, NULL, 0.0000, 0.0000, 0, '2023-07-24', '', '', '2023-07-24 18:25:57', 21, 0, 0, 0, 12, NULL),
(532, 'INV-4', '1003', '', 0, NULL, NULL, NULL, 165000.0000, 0.0000, 0, '2023-07-24', '', '', '2023-07-24 18:27:30', 21, 0, 0, 0, 12, NULL),
(533, 'INV-4', '1004', '', 0, NULL, NULL, NULL, 0.0000, 165000.0000, 0, '2023-07-24', '', '', '2023-07-24 18:27:30', 21, 0, 0, 0, 12, NULL),
(534, 'INV-4', '1003', '', 0, NULL, NULL, NULL, 0.0000, 0.0000, 0, '2023-07-24', '', '', '2023-07-24 18:27:30', 21, 0, 0, 0, 12, NULL),
(535, 'INV-4', '', '', 0, NULL, NULL, NULL, 0.0000, 0.0000, 0, '2023-07-24', '', '', '2023-07-24 18:27:30', 21, 0, 0, 0, 12, NULL),
(536, 'INV-5', '1003', '', 0, NULL, NULL, NULL, 454.0000, 0.0000, 0, '2023-07-24', '', '', '2023-07-24 18:36:17', 21, 0, 0, 0, 12, NULL),
(537, 'INV-5', '1004', '', 0, NULL, NULL, NULL, 0.0000, 454.0000, 0, '2023-07-24', '', '', '2023-07-24 18:36:17', 21, 0, 0, 0, 12, NULL),
(538, 'INV-5', '1003', '', 0, NULL, NULL, NULL, 0.0000, 0.0000, 0, '2023-07-24', '', '', '2023-07-24 18:36:17', 21, 0, 0, 0, 12, NULL),
(539, 'INV-5', '', '', 0, NULL, NULL, NULL, 0.0000, 0.0000, 0, '2023-07-24', '', '', '2023-07-24 18:36:17', 21, 0, 0, 0, 12, NULL),
(555, 'S42', '1001', '', 0, NULL, NULL, NULL, 6500.0000, 0.0000, 0, '2023-07-24', '', '', '2023-07-24 19:17:57', 21, 0, 0, 0, 12, NULL),
(556, 'S42', '1004', '', 0, NULL, NULL, NULL, 0.0000, 5000.0000, 0, '2023-07-24', '', '', '2023-07-24 19:17:57', 21, 0, 0, 0, 12, NULL),
(557, 'S42', '4004', '', 0, NULL, NULL, NULL, 0.0000, 1500.0000, 0, '2023-07-24', '', '', '2023-07-24 19:17:57', 21, 0, 0, 0, 12, NULL),
(558, 'S42', '1001', '', 0, NULL, NULL, NULL, 0.0000, 0.0000, 0, '2023-07-24', '', '', '2023-07-24 19:17:57', 21, 0, 0, 0, 12, NULL),
(559, 'S42', '', '', 0, NULL, NULL, NULL, 0.0000, 0.0000, 0, '2023-07-24', '', '', '2023-07-24 19:17:57', 21, 0, 0, 0, 12, NULL),
(595, 'INV-2', '1003', '', 0, NULL, NULL, NULL, 15000.0000, 0.0000, 0, '2023-07-25', '', '', '2023-07-24 19:49:42', 21, 0, 0, 0, 12, NULL),
(596, 'INV-2', '1004', '', 0, NULL, NULL, NULL, 0.0000, 15000.0000, 0, '2023-07-25', '', '', '2023-07-24 19:49:42', 21, 0, 0, 0, 12, NULL),
(597, 'INV-2', '1003', '', 0, NULL, NULL, NULL, 0.0000, 0.0000, 0, '2023-07-25', '', '', '2023-07-24 19:49:42', 21, 0, 0, 0, 12, NULL),
(598, 'INV-2', '', '', 0, NULL, NULL, NULL, 0.0000, 0.0000, 0, '2023-07-25', '', '', '2023-07-24 19:49:42', 21, 0, 0, 0, 12, NULL),
(605, 'INV-1', '1003', '', 0, NULL, NULL, NULL, 19250.0000, 0.0000, 0, '2023-07-25', '', '', '2023-07-24 19:50:16', 21, 0, 0, 0, 12, NULL),
(606, 'INV-1', '1004', '', 0, NULL, NULL, NULL, 0.0000, 18550.0000, 0, '2023-07-25', '', '', '2023-07-24 19:50:16', 21, 0, 0, 0, 12, NULL),
(607, 'INV-1', '4100', '', 0, NULL, NULL, NULL, 0.0000, 200.0000, 0, '2023-07-25', '', '', '2023-07-24 19:50:16', 21, 0, 0, 0, 12, NULL),
(608, 'INV-1', '6005', '', 0, NULL, NULL, NULL, 0.0000, 500.0000, 0, '2023-07-25', '', '', '2023-07-24 19:50:16', 21, 0, 0, 0, 12, NULL),
(609, 'INV-1', '1003', '', 0, NULL, NULL, NULL, 0.0000, 0.0000, 0, '2023-07-25', '', '', '2023-07-24 19:50:16', 21, 0, 0, 0, 12, NULL),
(610, 'INV-1', '', '', 0, NULL, NULL, NULL, 0.0000, 0.0000, 0, '2023-07-25', '', '', '2023-07-24 19:50:16', 21, 0, 0, 0, 12, NULL),
(611, 'JV33', '1001', '1001', 0, 24, NULL, NULL, 10000.0000, 0.0000, 12, '2023-08-03', '', '', '2023-08-03 15:48:04', 21, 0, 0, 0, NULL, NULL),
(612, 'JV33', '3000', '3000', 0, 24, NULL, NULL, 0.0000, 10000.0000, 12, '2023-08-03', '', '', '2023-08-03 15:48:04', 21, 0, 0, 0, NULL, NULL),
(613, 'JV34', '3000', '3000', 0, 25, NULL, NULL, 0.0000, 2000.0000, 12, '2023-08-03', 'inventory', '', '2023-08-03 15:48:43', 21, 0, 0, 0, NULL, NULL),
(614, 'JV34', '1004', '1004', 0, 25, NULL, NULL, 2000.0000, 0.0000, 12, '2023-08-03', '', '', '2023-08-03 15:48:43', 21, 0, 0, 0, NULL, NULL),
(615, 'S43', '1001', '', 0, NULL, NULL, NULL, 1000.0000, 0.0000, 0, '2023-08-03', '', '', '2023-08-03 15:49:40', 21, 0, 0, 0, 12, NULL),
(616, 'S43', '4000', '', 0, NULL, NULL, NULL, 0.0000, 1000.0000, 0, '2023-08-03', '', '', '2023-08-03 15:49:40', 21, 0, 0, 0, 12, NULL),
(617, 'S43', '1001', '', 0, NULL, NULL, NULL, 0.0000, 0.0000, 0, '2023-08-03', '', '', '2023-08-03 15:49:40', 21, 0, 0, 0, 12, NULL),
(618, 'S43', '', '', 0, NULL, NULL, NULL, 0.0000, 0.0000, 0, '2023-08-03', '', '', '2023-08-03 15:49:40', 21, 0, 0, 0, 12, NULL),
(619, 'JV35', '1002', '', 0, NULL, NULL, NULL, 6.3300, 0.0000, 0, '2023-08-17', 'Payee: Uber 072515 SF**POOL**', '', '2023-08-17 17:03:14', 21, 0, 0, 0, 12, NULL),
(620, 'JV35', '1001', '', 0, NULL, NULL, NULL, 0.0000, 6.3300, 0, '2023-08-17', 'Payee: Uber 072515 SF**POOL**', '', '2023-08-17 17:03:14', 21, 0, 0, 0, 12, NULL),
(621, 'JV36', '1002', '', 0, NULL, NULL, NULL, 6.3300, 0.0000, 0, '2023-08-23', 'Payee: Uber 072515 SF**POOL**', '', '2023-08-23 15:27:37', 21, 0, 0, 0, 12, 'jdljdkxpB1Cde3Bw6GGJhVjvVAp4zzuv9VJ9m'),
(622, 'JV36', '1001', '', 0, NULL, NULL, NULL, 0.0000, 6.3300, 0, '2023-08-23', 'Payee: Uber 072515 SF**POOL**', '', '2023-08-23 15:27:37', 21, 0, 0, 0, 12, 'jdljdkxpB1Cde3Bw6GGJhVjvVAp4zzuv9VJ9m'),
(623, 'JV37', '1002', '', 0, NULL, NULL, NULL, 89.4000, 0.0000, 0, '2023-08-23', 'Payee: SparkFun', '', '2023-08-23 17:52:15', 21, 0, 0, 0, 12, 'Mx5pxRLlvbFk3jnQK77xT14M1p3Xmmh4kJQkM'),
(624, 'JV37', '3000', '', 0, NULL, NULL, NULL, 0.0000, 89.4000, 0, '2023-08-23', 'Payee: SparkFun', '', '2023-08-23 17:52:15', 21, 0, 0, 0, 12, 'Mx5pxRLlvbFk3jnQK77xT14M1p3Xmmh4kJQkM'),
(625, 'JV38', '1002', '', 0, NULL, NULL, NULL, -500.0000, 0.0000, 0, '2023-08-23', 'Payee: United Airlines', '', '2023-08-23 17:54:17', 21, 0, 0, 0, 12, 'er5dryK6l7inJbkZXrrKt4lx45BRWWcaP4WPZ'),
(626, 'JV38', '1001', '', 0, NULL, NULL, NULL, 0.0000, -500.0000, 0, '2023-08-23', 'Payee: United Airlines', '', '2023-08-23 17:54:17', 21, 0, 0, 0, 12, 'er5dryK6l7inJbkZXrrKt4lx45BRWWcaP4WPZ'),
(627, 'JV39', '1002', '', 0, NULL, NULL, NULL, 5.4000, 0.0000, 0, '2023-08-23', 'Payee: Uber 063015 SF**POOL**', '', '2023-08-23 17:56:02', 21, 0, 0, 0, 12, '44o94pX6NBtGZJjDgrrqUgX78PZjR3iJq7pLB'),
(628, 'JV39', '1001', '', 0, NULL, NULL, NULL, 0.0000, 5.4000, 0, '2023-08-23', 'Payee: Uber 063015 SF**POOL**', '', '2023-08-23 17:56:02', 21, 0, 0, 0, 12, '44o94pX6NBtGZJjDgrrqUgX78PZjR3iJq7pLB'),
(629, 'JV40', '1002', '', 0, NULL, NULL, NULL, 12.0000, 0.0000, 0, '2023-08-23', 'Payee: McDonald\'s', '', '2023-08-23 18:00:22', 21, 0, 0, 0, 12, 'P4584jgrv9tearvWAoo8S9XjW3AzdwSobZLAr'),
(630, 'JV40', '1001', '', 0, NULL, NULL, NULL, 0.0000, 12.0000, 0, '2023-08-23', 'Payee: McDonald\'s', '', '2023-08-23 18:00:22', 21, 0, 0, 0, 12, 'P4584jgrv9tearvWAoo8S9XjW3AzdwSobZLAr'),
(631, 'R1', '2000', '', 0, NULL, NULL, NULL, 0.0000, 291332.0000, 0, '2023-09-01', '', '', '2023-10-08 13:55:02', 28, 0, 0, 0, 18, NULL),
(632, 'R1', '5001', '', 0, NULL, NULL, NULL, 291332.0000, 0.0000, 0, '2023-09-01', '', '', '2023-10-08 13:55:02', 28, 0, 0, 0, 18, NULL),
(633, 'R1', '2000', '', 0, NULL, NULL, NULL, 0.0000, 0.0000, 0, '2023-09-01', '', '', '2023-10-08 13:55:02', 28, 0, 0, 0, 18, NULL);
INSERT INTO `acc_entry_items` (`id`, `invoice_no`, `account_code`, `dueTo_acc_code`, `ref_account_id`, `entry_id`, `entry_no`, `reconciliation_date`, `debit`, `credit`, `employee_id`, `date`, `narration`, `narration_ur`, `created_on`, `company_id`, `is_cust`, `is_supp`, `is_bank`, `user_id`, `plaid_trans_id`) VALUES
(634, 'R1', '', '', 0, NULL, NULL, NULL, 0.0000, 0.0000, 0, '2023-09-01', '', '', '2023-10-08 13:55:02', 28, 0, 0, 0, 18, NULL),
(635, 'R2', '2000', '', 0, NULL, NULL, NULL, 0.0000, 138646.0000, 0, '2023-09-08', '', '', '2023-10-08 13:56:05', 28, 0, 0, 0, 18, NULL),
(636, 'R2', '5001', '', 0, NULL, NULL, NULL, 138646.0000, 0.0000, 0, '2023-09-08', '', '', '2023-10-08 13:56:05', 28, 0, 0, 0, 18, NULL),
(637, 'R2', '2000', '', 0, NULL, NULL, NULL, 0.0000, 0.0000, 0, '2023-09-08', '', '', '2023-10-08 13:56:05', 28, 0, 0, 0, 18, NULL),
(638, 'R2', '', '', 0, NULL, NULL, NULL, 0.0000, 0.0000, 0, '2023-09-08', '', '', '2023-10-08 13:56:05', 28, 0, 0, 0, 18, NULL),
(639, 'S1', '1001', '', 0, NULL, NULL, NULL, 500.0000, 0.0000, 0, '2023-10-08', '', '', '2023-10-08 14:22:46', 28, 0, 0, 0, 18, NULL),
(640, 'S1', '1004', '', 0, NULL, NULL, NULL, 0.0000, 500.0000, 0, '2023-10-08', '', '', '2023-10-08 14:22:46', 28, 0, 0, 0, 18, NULL),
(641, 'S1', '1001', '', 0, NULL, NULL, NULL, 0.0000, 0.0000, 0, '2023-10-08', '', '', '2023-10-08 14:22:46', 28, 0, 0, 0, 18, NULL),
(642, 'S1', '', '', 0, NULL, NULL, NULL, 0.0000, 0.0000, 0, '2023-10-08', '', '', '2023-10-08 14:22:46', 28, 0, 0, 0, 18, NULL),
(643, 'S44', '1001', '', 0, NULL, NULL, NULL, 4500.0000, 0.0000, 0, '2023-10-10', '', '', '2023-10-10 15:37:53', 21, 0, 0, 0, 12, NULL),
(644, 'S44', '4000', '', 0, NULL, NULL, NULL, 0.0000, 4500.0000, 0, '2023-10-10', '', '', '2023-10-10 15:37:53', 21, 0, 0, 0, 12, NULL),
(645, 'S44', '1001', '', 0, NULL, NULL, NULL, 0.0000, 0.0000, 0, '2023-10-10', '', '', '2023-10-10 15:37:53', 21, 0, 0, 0, 12, NULL),
(646, 'S44', '', '', 0, NULL, NULL, NULL, 0.0000, 0.0000, 0, '2023-10-10', '', '', '2023-10-10 15:37:53', 21, 0, 0, 0, 12, NULL),
(655, 'S45', '1001', '', 0, NULL, NULL, NULL, 5000.0000, 0.0000, 0, '2023-10-11', '', '', '2023-10-11 15:26:10', 21, 0, 0, 0, 12, NULL),
(656, 'S45', '4000', '', 0, NULL, NULL, NULL, 0.0000, 5000.0000, 0, '2023-10-11', '', '', '2023-10-11 15:26:10', 21, 0, 0, 0, 12, NULL),
(657, 'S45', '1001', '', 0, NULL, NULL, NULL, 0.0000, 0.0000, 0, '2023-10-11', '', '', '2023-10-11 15:26:10', 21, 0, 0, 0, 12, NULL),
(658, 'S45', '', '', 0, NULL, NULL, NULL, 0.0000, 0.0000, 0, '2023-10-11', '', '', '2023-10-11 15:26:10', 21, 0, 0, 0, 12, NULL),
(661, 'JV41', '1002', '', 0, NULL, NULL, NULL, 470.7800, 0.0000, 0, '2023-06-09', 'KIRKLAND\'S #540WEBSTERTX', '', '2023-10-23 18:46:18', 21, 0, 0, 0, 12, NULL),
(662, 'JV41', '1001', '', 0, NULL, NULL, NULL, 0.0000, 470.7800, 0, '2023-06-09', 'KIRKLAND\'S #540WEBSTERTX', '', '2023-10-23 18:46:18', 21, 0, 0, 0, 12, NULL),
(663, 'JV42', '1002', '', 0, NULL, NULL, NULL, 470.7800, 0.0000, 0, '2023-06-09', 'KIRKLAND\'S #540WEBSTERTX', '', '2023-10-23 18:54:32', 21, 0, 0, 0, 12, NULL),
(664, 'JV42', '1001', '', 0, NULL, NULL, NULL, 0.0000, 470.7800, 0, '2023-06-09', 'KIRKLAND\'S #540WEBSTERTX', '', '2023-10-23 18:54:32', 21, 0, 0, 0, 12, NULL),
(665, 'JV43', '1001', '', 0, NULL, NULL, NULL, -5.4000, 0.0000, 0, '2023-11-30', 'Payee: Uber 063015 SF**POOL**', '', '2023-11-30 15:50:47', 21, 0, 0, 0, 12, 'XANXX9x61MIZo8R6yzvmHA818bQQm5IbaGPxg'),
(666, 'JV43', '1002', '', 0, NULL, NULL, NULL, 0.0000, -5.4000, 0, '2023-11-30', 'Payee: Uber 063015 SF**POOL**', '', '2023-11-30 15:50:47', 21, 0, 0, 0, 12, 'XANXX9x61MIZo8R6yzvmHA818bQQm5IbaGPxg'),
(667, 'JV44', '1001', '', 0, NULL, NULL, NULL, 4.2200, 0.0000, 0, '2023-12-08', 'Payee: INTRST PYMNT', '', '2023-12-08 16:03:11', 21, 0, 0, 0, 12, '83zyAmdGxeIv3dPPXWBNUKna8qoyNQTWBzD37'),
(668, 'JV44', '1002', '', 0, NULL, NULL, NULL, 0.0000, 4.2200, 0, '2023-12-08', 'Payee: INTRST PYMNT', '', '2023-12-08 16:03:11', 21, 0, 0, 0, 12, '83zyAmdGxeIv3dPPXWBNUKna8qoyNQTWBzD37'),
(673, 'JV45', '1002', '', 0, NULL, NULL, NULL, -36.7500, 0.0000, 0, '2023-09-02', 'ALERT 360TULSAOK', '', '2023-12-26 17:42:56', 21, 0, 0, 0, 12, NULL),
(674, 'JV45', '1001', '', 0, NULL, NULL, NULL, 0.0000, -36.7500, 0, '2023-09-02', 'ALERT 360TULSAOK', '', '2023-12-26 17:42:56', 21, 0, 0, 0, 12, NULL),
(683, 'JV49', '1001', '', 0, NULL, NULL, NULL, -4.3300, 0.0000, 0, '2023-12-23', 'Payee: Starbucks', '', '2023-12-30 13:41:22', 21, 0, 0, 0, 12, 'RmnpDEzK45CBbR5LNXgkhZ1nV5QbJbCP1NJy6'),
(684, 'JV49', '1002', '', 0, NULL, NULL, NULL, 0.0000, -4.3300, 0, '2023-12-23', 'Payee: Starbucks', '', '2023-12-30 13:41:22', 21, 0, 0, 0, 12, 'RmnpDEzK45CBbR5LNXgkhZ1nV5QbJbCP1NJy6'),
(685, 'JV50', '1001', '', 0, NULL, NULL, NULL, -5.4000, 0.0000, 0, '2023-11-26', 'Payee: Uber 063015 SF**POOL**', '', '2023-12-30 13:41:32', 21, 0, 0, 0, 12, 'nLd7nNyr3ztP3dKx4pn7FvNKlMMGPBuK49M74'),
(686, 'JV50', '1003', '', 0, NULL, NULL, NULL, 0.0000, -5.4000, 0, '2023-11-26', 'Payee: Uber 063015 SF**POOL**', '', '2023-12-30 13:41:32', 21, 0, 0, 0, 12, 'nLd7nNyr3ztP3dKx4pn7FvNKlMMGPBuK49M74'),
(687, 'JV51', '1001', '', 0, NULL, NULL, NULL, -12.0000, 0.0000, 0, '2023-12-23', 'Payee: McDonald\'s', '', '2023-12-30 13:41:55', 21, 0, 0, 0, 12, 'vGQon1xN7PumzV4weWLQF5rnkbldadtv7blm4'),
(688, 'JV51', '1004', '', 0, NULL, NULL, NULL, 0.0000, -12.0000, 0, '2023-12-23', 'Payee: McDonald\'s', '', '2023-12-30 13:41:55', 21, 0, 0, 0, 12, 'vGQon1xN7PumzV4weWLQF5rnkbldadtv7blm4'),
(689, 'JV52', '0', '', 0, NULL, NULL, NULL, -25.0000, 0.0000, 0, '2023-11-26', 'Payee: CREDIT CARD 3333 PAYMENT *//', '', '2023-12-30 13:42:26', 21, 0, 0, 0, 12, 'PnV1DgKld5FoNK5JaRqmCQmR977lvVTQRLy7j'),
(690, 'JV52', '0', '', 0, NULL, NULL, NULL, 0.0000, -25.0000, 0, '2023-11-26', 'Payee: CREDIT CARD 3333 PAYMENT *//', '', '2023-12-30 13:42:26', 21, 0, 0, 0, 12, 'PnV1DgKld5FoNK5JaRqmCQmR977lvVTQRLy7j'),
(691, 'JV53', '1002', '', 0, NULL, NULL, NULL, 500.0000, 0.0000, 0, '2023-11-24', 'Payee: United Airlines', '', '2023-12-30 13:42:39', 21, 0, 0, 0, 12, 'bdnKW5LM9Jclxy4aAqwJH6ANXggxlDfNen69J'),
(692, 'JV53', '1001', '', 0, NULL, NULL, NULL, 0.0000, 500.0000, 0, '2023-11-24', 'Payee: United Airlines', '', '2023-12-30 13:42:39', 21, 0, 0, 0, 12, 'bdnKW5LM9Jclxy4aAqwJH6ANXggxlDfNen69J'),
(693, 'JV54', '1001', '', 0, NULL, NULL, NULL, -89.4000, 0.0000, 0, '2023-12-22', 'Payee: SparkFun', '', '2023-12-30 13:43:21', 21, 0, 0, 0, 12, '6rDGEVaq18Fejd3G6gNzCqJvjbEk8kC1AQGZV'),
(694, 'JV54', '1007', '', 0, NULL, NULL, NULL, 0.0000, -89.4000, 0, '2023-12-22', 'Payee: SparkFun', '', '2023-12-30 13:43:21', 21, 0, 0, 0, 12, '6rDGEVaq18Fejd3G6gNzCqJvjbEk8kC1AQGZV'),
(697, 'JV56', '1001', '', 0, NULL, NULL, NULL, 4.2200, 0.0000, 0, '2023-10-22', 'Payee: INTRST PYMNT', '', '2023-12-30 13:44:00', 21, 0, 0, 0, 12, 'eNnBWKgp85Cr1RjyJEwDIMn74zzdrji7Gv3LR'),
(698, 'JV56', '1001', '', 0, NULL, NULL, NULL, 0.0000, 4.2200, 0, '2023-10-22', 'Payee: INTRST PYMNT', '', '2023-12-30 13:44:00', 21, 0, 0, 0, 12, 'eNnBWKgp85Cr1RjyJEwDIMn74zzdrji7Gv3LR'),
(699, 'JV57', '1001', '', 0, NULL, NULL, NULL, -25.0000, 0.0000, 0, '2023-08-28', 'Payee: CREDIT CARD 3333 PAYMENT *//', '', '2023-12-30 13:44:10', 21, 0, 0, 0, 12, 'MWXQDLy8B5c7Pv5638eXCGZK1ggwyDcerXR9a'),
(700, 'JV57', '1003', '', 0, NULL, NULL, NULL, 0.0000, -25.0000, 0, '2023-08-28', 'Payee: CREDIT CARD 3333 PAYMENT *//', '', '2023-12-30 13:44:10', 21, 0, 0, 0, 12, 'MWXQDLy8B5c7Pv5638eXCGZK1ggwyDcerXR9a'),
(701, 'JV58', '1001', '', 0, NULL, NULL, NULL, -25.0000, 0.0000, 0, '2023-06-29', 'Payee: CREDIT CARD 3333 PAYMENT *//', '', '2023-12-30 13:44:20', 21, 0, 0, 0, 12, 'opaenPlzkBtjVvromNQ7Hxnk8ppbjJikmQVoE'),
(702, 'JV58', '1002', '', 0, NULL, NULL, NULL, 0.0000, -25.0000, 0, '2023-06-29', 'Payee: CREDIT CARD 3333 PAYMENT *//', '', '2023-12-30 13:44:20', 21, 0, 0, 0, 12, 'opaenPlzkBtjVvromNQ7Hxnk8ppbjJikmQVoE'),
(703, 'JV59', '1001', '', 0, NULL, NULL, NULL, -6.3300, 0.0000, 0, '2023-12-09', 'Payee: Uber 072515 SF**POOL**', '', '2024-01-01 13:16:58', 21, 0, 0, 0, 12, 'XXJAWm4dD5tjXplkZoyvH3lkd6rLBLS1lkyZo'),
(704, 'JV59', '1002', '', 0, NULL, NULL, NULL, 0.0000, -6.3300, 0, '2023-12-09', 'Payee: Uber 072515 SF**POOL**', '', '2024-01-01 13:16:58', 21, 0, 0, 0, 12, 'XXJAWm4dD5tjXplkZoyvH3lkd6rLBLS1lkyZo'),
(707, 'JV61', '1002', '', 0, NULL, NULL, NULL, -12.0000, 0.0000, 0, '2023-11-23', 'Payee: McDonald\'s', '', '2024-01-01 14:36:42', 21, 0, 0, 0, 12, 'm1xjn4mKBkINQyqBaWPwCRnMkBB6G5fMaeQKK'),
(708, 'JV61', '1003', '', 0, NULL, NULL, NULL, 0.0000, -12.0000, 0, '2023-11-23', 'Payee: McDonald\'s', '', '2024-01-01 14:36:42', 21, 0, 0, 0, 12, 'm1xjn4mKBkINQyqBaWPwCRnMkBB6G5fMaeQKK'),
(709, 'JV62', '1001', '', 0, NULL, NULL, NULL, -16.5600, 0.0000, 0, '2024-01-02', 'Payee: ', '', '2024-01-01 19:15:18', 21, 0, 0, 0, 12, 'jQz4nxGWKlsGVaA5eWKnfRgZVQQyG3fZeKR6l, 7zknDw4KWEclGLEZgJpnHKbmJjj9avHMqbBdV, eNnBWKgp85Cr1RjyJEwDIMn74zzdrji7Gv3rR'),
(710, 'JV62', '1002', '', 0, NULL, NULL, NULL, 0.0000, -16.5600, 0, '2024-01-02', 'Payee: ', '', '2024-01-01 19:15:18', 21, 0, 0, 0, 12, 'jQz4nxGWKlsGVaA5eWKnfRgZVQQyG3fZeKR6l, 7zknDw4KWEclGLEZgJpnHKbmJjj9avHMqbBdV, eNnBWKgp85Cr1RjyJEwDIMn74zzdrji7Gv3rR'),
(711, 'JV63', '1001', '', 0, NULL, NULL, NULL, -16.5600, 0.0000, 0, '2024-01-02', 'Payee: ', '', '2024-01-01 19:16:31', 21, 0, 0, 0, 12, 'jQz4nxGWKlsGVaA5eWKnfRgZVQQyG3fZeKR6l, 7zknDw4KWEclGLEZgJpnHKbmJjj9avHMqbBdV, eNnBWKgp85Cr1RjyJEwDIMn74zzdrji7Gv3rR'),
(712, 'JV63', '1002', '', 0, NULL, NULL, NULL, 0.0000, -16.5600, 0, '2024-01-02', 'Payee: ', '', '2024-01-01 19:16:31', 21, 0, 0, 0, 12, 'jQz4nxGWKlsGVaA5eWKnfRgZVQQyG3fZeKR6l, 7zknDw4KWEclGLEZgJpnHKbmJjj9avHMqbBdV, eNnBWKgp85Cr1RjyJEwDIMn74zzdrji7Gv3rR'),
(713, 'JV64', '1001', '', 0, NULL, NULL, NULL, 4.2200, 0.0000, 0, '2022-03-01', 'Payee: INTRST PYMNT', '', '2024-01-01 19:16:49', 21, 0, 0, 0, 12, 'NkXZDplE35teN15KxdAJCRNEqPP7k6fnw8AyV'),
(714, 'JV64', '1003', '', 0, NULL, NULL, NULL, 0.0000, 4.2200, 0, '2022-03-01', 'Payee: INTRST PYMNT', '', '2024-01-01 19:16:49', 21, 0, 0, 0, 12, 'NkXZDplE35teN15KxdAJCRNEqPP7k6fnw8AyV'),
(715, 'JV65', '1002', '', 0, NULL, NULL, NULL, -20.7800, 0.0000, 0, '2022-03-01', 'Payee: INTRST PYMNT', '', '2024-01-01 19:20:16', 21, 0, 0, 0, 12, 'nLd7nNyr3ztP3dKx4pn7FvNKlMMGPBuK49MAM, bdnKW5LM9Jclxy4aAqwJH6ANXggxlDfNen6mn'),
(716, 'JV65', '1003', '', 0, NULL, NULL, NULL, 0.0000, -20.7800, 0, '2022-03-01', 'Payee: INTRST PYMNT', '', '2024-01-01 19:20:16', 21, 0, 0, 0, 12, 'nLd7nNyr3ztP3dKx4pn7FvNKlMMGPBuK49MAM, bdnKW5LM9Jclxy4aAqwJH6ANXggxlDfNen6mn'),
(717, 'JV66', '1001', '', 0, NULL, NULL, NULL, -4.3300, 0.0000, 0, '2024-01-02', 'Payee: ', '', '2024-01-01 19:24:36', 21, 0, 0, 0, 12, 'ym1Eno47ZeCGxQjgnKlAfaAbG55PVQHWBP81k'),
(718, 'JV66', '1003', '', 0, NULL, NULL, NULL, 0.0000, -4.3300, 0, '2024-01-02', 'Payee: ', '', '2024-01-01 19:24:36', 21, 0, 0, 0, 12, 'ym1Eno47ZeCGxQjgnKlAfaAbG55PVQHWBP81k'),
(719, 'INV-3', '1003', '', 0, NULL, NULL, NULL, 333.0000, 0.0000, 0, '2024-01-05', '', '', '2024-01-05 18:00:47', 21, 0, 0, 0, 12, NULL),
(720, 'INV-3', '1004', '', 0, NULL, NULL, NULL, 0.0000, 333.0000, 0, '2024-01-05', '', '', '2024-01-05 18:00:47', 21, 0, 0, 0, 12, NULL),
(721, 'INV-3', '1003', '', 0, NULL, NULL, NULL, 0.0000, 0.0000, 0, '2024-01-05', '', '', '2024-01-05 18:00:47', 21, 0, 0, 0, 12, NULL),
(722, 'INV-3', '', '', 0, NULL, NULL, NULL, 0.0000, 0.0000, 0, '2024-01-05', '', '', '2024-01-05 18:00:47', 21, 0, 0, 0, 12, NULL),
(723, 'INV-4', '1001', '', 0, NULL, NULL, NULL, 233.0000, 0.0000, 0, '2024-01-05', '', '', '2024-01-05 18:01:39', 21, 0, 0, 0, 12, NULL),
(724, 'INV-4', '1001', '', 0, NULL, NULL, NULL, 0.0000, 233.0000, 0, '2024-01-05', '', '', '2024-01-05 18:01:39', 21, 0, 0, 0, 12, NULL),
(725, 'INV-4', '1001', '', 0, NULL, NULL, NULL, 0.0000, 0.0000, 0, '2024-01-05', '', '', '2024-01-05 18:01:39', 21, 0, 0, 0, 12, NULL),
(726, 'INV-4', '', '', 0, NULL, NULL, NULL, 0.0000, 0.0000, 0, '2024-01-05', '', '', '2024-01-05 18:01:39', 21, 0, 0, 0, 12, NULL),
(727, 'INV-5', '1001', '', 0, NULL, NULL, NULL, 333.0000, 0.0000, 0, '2024-01-05', '', '', '2024-01-05 18:01:54', 21, 0, 0, 0, 12, NULL),
(728, 'INV-5', '1004', '', 0, NULL, NULL, NULL, 0.0000, 333.0000, 0, '2024-01-05', '', '', '2024-01-05 18:01:54', 21, 0, 0, 0, 12, NULL),
(729, 'INV-5', '1001', '', 0, NULL, NULL, NULL, 0.0000, 0.0000, 0, '2024-01-05', '', '', '2024-01-05 18:01:54', 21, 0, 0, 0, 12, NULL),
(730, 'INV-5', '', '', 0, NULL, NULL, NULL, 0.0000, 0.0000, 0, '2024-01-05', '', '', '2024-01-05 18:01:54', 21, 0, 0, 0, 12, NULL),
(731, 'INV-6', '1003', '', 0, NULL, NULL, NULL, 333.0000, 0.0000, 0, '2024-01-05', '', '', '2024-01-05 18:03:11', 21, 0, 0, 0, 12, NULL),
(732, 'INV-6', '1007', '', 0, NULL, NULL, NULL, 0.0000, 333.0000, 0, '2024-01-05', '', '', '2024-01-05 18:03:11', 21, 0, 0, 0, 12, NULL),
(733, 'INV-6', '1003', '', 0, NULL, NULL, NULL, 0.0000, 0.0000, 0, '2024-01-05', '', '', '2024-01-05 18:03:11', 21, 0, 0, 0, 12, NULL),
(734, 'INV-6', '', '', 0, NULL, NULL, NULL, 0.0000, 0.0000, 0, '2024-01-05', '', '', '2024-01-05 18:03:11', 21, 0, 0, 0, 12, NULL),
(735, 'INV-7', '1003', '', 0, NULL, NULL, NULL, 444.0000, 0.0000, 0, '2024-01-05', '', '', '2024-01-05 18:04:38', 21, 0, 0, 0, 12, NULL),
(736, 'INV-7', '1007', '', 0, NULL, NULL, NULL, 0.0000, 444.0000, 0, '2024-01-05', '', '', '2024-01-05 18:04:38', 21, 0, 0, 0, 12, NULL),
(737, 'INV-7', '1003', '', 0, NULL, NULL, NULL, 0.0000, 0.0000, 0, '2024-01-05', '', '', '2024-01-05 18:04:38', 21, 0, 0, 0, 12, NULL),
(738, 'INV-7', '', '', 0, NULL, NULL, NULL, 0.0000, 0.0000, 0, '2024-01-05', '', '', '2024-01-05 18:04:38', 21, 0, 0, 0, 12, NULL),
(739, 'INV-8', '1003', '', 0, NULL, NULL, NULL, 3434.0000, 0.0000, 0, '2024-01-05', '', '', '2024-01-05 18:04:56', 21, 0, 0, 0, 12, NULL),
(740, 'INV-8', '3002', '', 0, NULL, NULL, NULL, 0.0000, 3434.0000, 0, '2024-01-05', '', '', '2024-01-05 18:04:56', 21, 0, 0, 0, 12, NULL),
(741, 'INV-8', '1003', '', 0, NULL, NULL, NULL, 0.0000, 0.0000, 0, '2024-01-05', '', '', '2024-01-05 18:04:56', 21, 0, 0, 0, 12, NULL),
(742, 'INV-8', '', '', 0, NULL, NULL, NULL, 0.0000, 0.0000, 0, '2024-01-05', '', '', '2024-01-05 18:04:56', 21, 0, 0, 0, 12, NULL),
(743, 'INV-9', '1003', '', 0, NULL, NULL, NULL, 444.0000, 0.0000, 0, '2024-01-05', '', '', '2024-01-05 18:05:08', 21, 0, 0, 0, 12, NULL),
(744, 'INV-9', '4100', '', 0, NULL, NULL, NULL, 0.0000, 444.0000, 0, '2024-01-05', '', '', '2024-01-05 18:05:08', 21, 0, 0, 0, 12, NULL),
(745, 'INV-9', '1003', '', 0, NULL, NULL, NULL, 0.0000, 0.0000, 0, '2024-01-05', '', '', '2024-01-05 18:05:08', 21, 0, 0, 0, 12, NULL),
(746, 'INV-9', '', '', 0, NULL, NULL, NULL, 0.0000, 0.0000, 0, '2024-01-05', '', '', '2024-01-05 18:05:08', 21, 0, 0, 0, 12, NULL),
(747, 'INV-10', '1003', '', 0, NULL, NULL, NULL, 444.0000, 0.0000, 0, '2024-01-05', '', '', '2024-01-05 18:05:22', 21, 0, 0, 0, 12, NULL),
(748, 'INV-10', '2001', '', 0, NULL, NULL, NULL, 0.0000, 444.0000, 0, '2024-01-05', '', '', '2024-01-05 18:05:22', 21, 0, 0, 0, 12, NULL),
(749, 'INV-10', '1003', '', 0, NULL, NULL, NULL, 0.0000, 0.0000, 0, '2024-01-05', '', '', '2024-01-05 18:05:22', 21, 0, 0, 0, 12, NULL),
(750, 'INV-10', '', '', 0, NULL, NULL, NULL, 0.0000, 0.0000, 0, '2024-01-05', '', '', '2024-01-05 18:05:22', 21, 0, 0, 0, 12, NULL),
(751, 'INV-10', '1003', '', 0, NULL, NULL, NULL, 333.0000, 0.0000, 0, '2024-01-05', '', '', '2024-01-05 18:05:30', 21, 0, 0, 0, 12, NULL),
(752, 'INV-10', '4004', '', 0, NULL, NULL, NULL, 0.0000, 333.0000, 0, '2024-01-05', '', '', '2024-01-05 18:05:30', 21, 0, 0, 0, 12, NULL),
(753, 'INV-10', '1003', '', 0, NULL, NULL, NULL, 0.0000, 0.0000, 0, '2024-01-05', '', '', '2024-01-05 18:05:30', 21, 0, 0, 0, 12, NULL),
(754, 'INV-10', '', '', 0, NULL, NULL, NULL, 0.0000, 0.0000, 0, '2024-01-05', '', '', '2024-01-05 18:05:30', 21, 0, 0, 0, 12, NULL),
(755, 'INV-10', '1003', '', 0, NULL, NULL, NULL, 445.0000, 0.0000, 0, '2024-01-05', '', '', '2024-01-05 18:15:44', 21, 0, 0, 0, 12, NULL),
(756, 'INV-10', '1004', '', 0, NULL, NULL, NULL, 0.0000, 445.0000, 0, '2024-01-05', '', '', '2024-01-05 18:15:44', 21, 0, 0, 0, 12, NULL),
(757, 'INV-10', '1003', '', 0, NULL, NULL, NULL, 0.0000, 0.0000, 0, '2024-01-05', '', '', '2024-01-05 18:15:44', 21, 0, 0, 0, 12, NULL),
(758, 'INV-10', '', '', 0, NULL, NULL, NULL, 0.0000, 0.0000, 0, '2024-01-05', '', '', '2024-01-05 18:15:44', 21, 0, 0, 0, 12, NULL),
(759, 'INV-11', '1003', '', 0, NULL, NULL, NULL, 220.0000, 0.0000, 0, '2024-01-05', '', '', '2024-01-05 18:31:15', 21, 0, 0, 0, 12, NULL),
(760, 'INV-11', '1002', '', 0, NULL, NULL, NULL, 0.0000, 220.0000, 0, '2024-01-05', '', '', '2024-01-05 18:31:15', 21, 0, 0, 0, 12, NULL),
(761, 'INV-11', '1003', '', 0, NULL, NULL, NULL, 0.0000, 0.0000, 0, '2024-01-05', '', '', '2024-01-05 18:31:15', 21, 0, 0, 0, 12, NULL),
(762, 'INV-11', '', '', 0, NULL, NULL, NULL, 0.0000, 0.0000, 0, '2024-01-05', '', '', '2024-01-05 18:31:15', 21, 0, 0, 0, 12, NULL),
(771, 'S46', '1001', '', 0, NULL, NULL, NULL, 333.0000, 0.0000, 0, '2023-12-16', '', '', '2024-01-06 10:10:17', 21, 0, 0, 0, 12, NULL),
(772, 'S46', '1004', '', 0, NULL, NULL, NULL, 0.0000, 333.0000, 0, '2023-12-16', '', '', '2024-01-06 10:10:17', 21, 0, 0, 0, 12, NULL),
(773, 'S46', '1001', '', 0, NULL, NULL, NULL, 0.0000, 0.0000, 0, '2023-12-16', '', '', '2024-01-06 10:10:17', 21, 0, 0, 0, 12, NULL),
(774, 'S46', '', '', 0, NULL, NULL, NULL, 0.0000, 0.0000, 0, '2023-12-16', '', '', '2024-01-06 10:10:17', 21, 0, 0, 0, 12, NULL),
(775, 'R38', '1001', '', 0, NULL, NULL, NULL, 0.0000, 750.0000, 0, '2024-01-06', '', '', '2024-01-06 10:18:29', 21, 0, 0, 0, 12, NULL),
(776, 'R38', '6002', '', 0, NULL, NULL, NULL, 500.0000, 0.0000, 0, '2024-01-06', '', '', '2024-01-06 10:18:29', 21, 0, 0, 0, 12, NULL),
(777, 'R38', '1002', '', 0, NULL, NULL, NULL, 250.0000, 0.0000, 0, '2024-01-06', '', '', '2024-01-06 10:18:29', 21, 0, 0, 0, 12, NULL),
(778, 'R38', '1001', '', 0, NULL, NULL, NULL, 0.0000, 0.0000, 0, '2024-01-06', '', '', '2024-01-06 10:18:29', 21, 0, 0, 0, 12, NULL),
(779, 'R38', '', '', 0, NULL, NULL, NULL, 0.0000, 0.0000, 0, '2024-01-06', '', '', '2024-01-06 10:18:29', 21, 0, 0, 0, 12, NULL),
(780, 'R36', '1001', '', 0, NULL, NULL, NULL, 0.0000, 2000.0000, 0, '2023-10-10', '', '', '2024-01-06 10:20:56', 21, 0, 0, 0, 12, NULL),
(781, 'R36', '5001', '', 0, NULL, NULL, NULL, 2000.0000, 0.0000, 0, '2023-10-10', '', '', '2024-01-06 10:20:56', 21, 0, 0, 0, 12, NULL),
(782, 'R36', '1001', '', 0, NULL, NULL, NULL, 0.0000, 0.0000, 0, '2023-10-10', '', '', '2024-01-06 10:20:56', 21, 0, 0, 0, 12, NULL),
(783, 'R36', '', '', 0, NULL, NULL, NULL, 0.0000, 0.0000, 0, '2023-10-10', '', '', '2024-01-06 10:20:56', 21, 0, 0, 0, 12, NULL),
(798, 'R31', '2000', '', 0, NULL, NULL, NULL, 0.0000, 2900.0000, 0, '2023-03-06', '', '', '2024-01-06 11:20:32', 21, 0, 0, 0, 12, NULL),
(799, 'R31', '6005', '', 0, NULL, NULL, NULL, 400.0000, 0.0000, 0, '2023-03-06', '', '', '2024-01-06 11:20:32', 21, 0, 0, 0, 12, NULL),
(800, 'R31', '6006', '', 0, NULL, NULL, NULL, 2500.0000, 0.0000, 0, '2023-03-06', '', '', '2024-01-06 11:20:32', 21, 0, 0, 0, 12, NULL),
(801, 'R31', '2000', '', 0, NULL, NULL, NULL, 0.0000, 0.0000, 0, '2023-03-06', '', '', '2024-01-06 11:20:32', 21, 0, 0, 0, 12, NULL),
(802, 'R31', '', '', 0, NULL, NULL, NULL, 0.0000, 0.0000, 0, '2023-03-06', '', '', '2024-01-06 11:20:32', 21, 0, 0, 0, 12, NULL),
(805, 'INV-12', '1003', '', 0, NULL, NULL, NULL, 2333.0000, 0.0000, 0, '2024-01-06', '', '', '2024-01-06 11:24:35', 21, 0, 0, 0, 12, NULL),
(806, 'INV-12', '1004', '', 0, NULL, NULL, NULL, 0.0000, 2333.0000, 0, '2024-01-06', '', '', '2024-01-06 11:24:35', 21, 0, 0, 0, 12, NULL),
(807, 'INV-12', '1003', '', 0, NULL, NULL, NULL, 0.0000, 0.0000, 0, '2024-01-06', '', '', '2024-01-06 11:24:35', 21, 0, 0, 0, 12, NULL),
(808, 'INV-12', '', '', 0, NULL, NULL, NULL, 0.0000, 0.0000, 0, '2024-01-06', '', '', '2024-01-06 11:24:35', 21, 0, 0, 0, 12, NULL),
(809, 'JV67', '1001', '1001', 0, 26, NULL, NULL, 0.0000, 210.0000, 12, '2024-01-06', '', '', '2024-01-06 11:55:38', 21, 0, 0, NULL, NULL, NULL),
(810, 'JV67', '2000', '2000', 0, 26, NULL, NULL, 210.0000, 0.0000, 12, '2024-01-06', '', '', '2024-01-06 11:55:38', 21, 0, 0, NULL, NULL, NULL),
(833, 'INV-14', '1003', '1003', 0, 34, NULL, NULL, 210.0000, 0.0000, 12, '2024-01-09', 'asdf', '', '2024-01-09 14:03:09', 21, 0, 0, NULL, NULL, NULL),
(834, 'INV-14', '1003', '1003', 0, 34, NULL, NULL, 0.0000, 210.0000, 12, '2024-01-09', 'asdf', '', '2024-01-09 14:03:09', 21, 0, 0, NULL, NULL, NULL),
(837, 'JV68', '1002', '', 0, NULL, NULL, NULL, 693.1800, 0.0000, 0, '2023-09-07', '4TE*GEXA ENERGYHOUSTONTX', '', '2024-01-10 16:39:00', 21, 0, 0, 0, 12, NULL),
(838, 'JV68', '1003', '', 0, NULL, NULL, NULL, 0.0000, 693.1800, 0, '2023-09-07', '4TE*GEXA ENERGYHOUSTONTX', '', '2024-01-10 16:39:00', 21, 0, 0, 0, 12, NULL),
(844, 'INV-15', '1003', '', 0, NULL, NULL, NULL, 500.0000, 0.0000, 0, '2024-01-15', '', '', '2024-01-15 17:14:51', 21, 0, 0, 0, 12, NULL),
(845, 'INV-15', '1004', '', 0, NULL, NULL, NULL, 0.0000, 200.0000, 0, '2024-01-15', '', '', '2024-01-15 17:14:51', 21, 0, 0, 0, 12, NULL),
(846, 'INV-15', '4004', '', 0, NULL, NULL, NULL, 0.0000, 300.0000, 0, '2024-01-15', '', '', '2024-01-15 17:14:51', 21, 0, 0, 0, 12, NULL),
(847, 'INV-15', '1003', '', 0, NULL, NULL, NULL, 37.5000, 0.0000, 0, '2024-01-15', '', '', '2024-01-15 17:14:51', 21, 0, 0, 0, 12, NULL),
(848, 'INV-15', '2002', '', 0, NULL, NULL, NULL, 0.0000, 37.5000, 0, '2024-01-15', '', '', '2024-01-15 17:14:51', 21, 0, 0, 0, 12, NULL),
(849, 'INV-16', '1003', '', 0, NULL, NULL, NULL, 2500.0000, 0.0000, 0, '2024-01-15', '', '', '2024-01-15 17:15:26', 21, 0, 0, 0, 12, NULL),
(850, 'INV-16', '1001', '', 0, NULL, NULL, NULL, 0.0000, 2500.0000, 0, '2024-01-15', '', '', '2024-01-15 17:15:26', 21, 0, 0, 0, 12, NULL),
(851, 'INV-16', '1003', '', 0, NULL, NULL, NULL, 0.0000, 0.0000, 0, '2024-01-15', '', '', '2024-01-15 17:15:26', 21, 0, 0, 0, 12, NULL),
(852, 'INV-16', '', '', 0, NULL, NULL, NULL, 0.0000, 0.0000, 0, '2024-01-15', '', '', '2024-01-15 17:15:26', 21, 0, 0, 0, 12, NULL),
(853, 'JV69', '1002', '', 0, NULL, NULL, NULL, -54.1300, 0.0000, 0, '2023-09-07', 'ZIGGYS TERMITE PEST ESTAFFORDTX', '', '2024-01-17 15:38:25', 21, 0, 0, 0, 12, NULL),
(854, 'JV69', '1004', '', 0, NULL, NULL, NULL, 0.0000, -54.1300, 0, '2023-09-07', 'ZIGGYS TERMITE PEST ESTAFFORDTX', '', '2024-01-17 15:38:25', 21, 0, 0, 0, 12, NULL),
(855, 'JV70', '1001', '', 0, NULL, NULL, NULL, 210.0000, 0.0000, 0, '2024-01-17', '', '', '2024-01-17 16:13:51', 21, 0, 0, 0, 12, NULL),
(856, 'JV70', '1003', '', 0, NULL, NULL, NULL, 0.0000, 210.0000, 0, '2024-01-17', '', '', '2024-01-17 16:13:51', 21, 0, 0, 0, 12, NULL),
(857, 'JV71', '1002', '', 0, NULL, NULL, NULL, -36.7500, 0.0000, 0, '2024-01-18', 'ALERT 360TULSAOK', '', '2024-01-18 12:23:45', 21, 0, 0, 0, 12, NULL),
(858, 'JV71', '1004', '', 0, NULL, NULL, NULL, 0.0000, -36.7500, 0, '2024-01-18', 'ALERT 360TULSAOK', '', '2024-01-18 12:23:45', 21, 0, 0, 0, 12, NULL),
(859, 'JV72', '1001', '', 0, NULL, NULL, NULL, 20000.0000, 0.0000, 0, '2024-02-19', '', '', '2024-02-19 14:28:23', 21, 0, 0, 0, 12, NULL),
(860, 'JV72', '1003', '', 0, NULL, NULL, NULL, 0.0000, 20000.0000, 0, '2024-02-19', '', '', '2024-02-19 14:28:23', 21, 0, 0, 0, 12, NULL),
(861, 'JV73', '1001', '', 0, NULL, NULL, NULL, 2333.0000, 0.0000, 0, '2024-02-19', '', '', '2024-02-19 14:29:07', 21, 0, 0, 0, 12, NULL),
(862, 'JV73', '1003', '', 0, NULL, NULL, NULL, 0.0000, 2333.0000, 0, '2024-02-19', '', '', '2024-02-19 14:29:07', 21, 0, 0, 0, 12, NULL);

-- --------------------------------------------------------

--
-- Table structure for table `acc_fiscal_years`
--

CREATE TABLE `acc_fiscal_years` (
  `id` int(100) NOT NULL,
  `fy_start_date` date NOT NULL,
  `fy_end_date` date NOT NULL,
  `fy_year` varchar(20) COLLATE utf8_unicode_ci NOT NULL,
  `status` enum('active','inactive') COLLATE utf8_unicode_ci NOT NULL,
  `company_id` int(100) NOT NULL
) ENGINE=InnoDB DEFAULT CHARSET=utf8 COLLATE=utf8_unicode_ci;

--
-- Dumping data for table `acc_fiscal_years`
--

INSERT INTO `acc_fiscal_years` (`id`, `fy_start_date`, `fy_end_date`, `fy_year`, `status`, `company_id`) VALUES
(13, '2020-01-01', '2026-12-31', '2021', 'active', 21),
(14, '2019-09-01', '2019-12-31', '2019', 'active', 22),
(16, '2020-10-01', '2021-06-30', '2020-21', 'active', 22),
(17, '2022-06-01', '2022-06-30', '22', 'active', 23),
(18, '2022-09-01', '2022-09-30', '2022', 'active', 24),
(19, '2022-01-01', '2022-12-31', '22', 'active', 25),
(20, '2022-01-01', '2022-12-31', '2022', 'active', 26),
(21, '2022-01-01', '2022-12-31', '2022', 'active', 27),
(22, '2023-01-01', '2023-12-31', '2023', 'inactive', 21),
(23, '2023-01-01', '2024-12-31', '2023', 'active', 28);

-- --------------------------------------------------------

--
-- Table structure for table `acc_groups`
--

CREATE TABLE `acc_groups` (
  `id` int(11) NOT NULL,
  `parent_code` int(11) NOT NULL,
  `account_type_id` int(25) NOT NULL,
  `account_code` varchar(11) NOT NULL,
  `title` varchar(255) NOT NULL,
  `title_ur` varchar(100) CHARACTER SET utf8 COLLATE utf8_unicode_ci NOT NULL,
  `title_ar` varchar(100) NOT NULL,
  `name` varchar(100) NOT NULL,
  `op_balance_dr` decimal(10,2) NOT NULL DEFAULT '0.00',
  `op_balance_cr` decimal(10,2) NOT NULL DEFAULT '0.00',
  `type` varchar(20) NOT NULL,
  `level` decimal(20,0) NOT NULL,
  `company_id` int(255) NOT NULL,
  `date_created` datetime NOT NULL
) ENGINE=InnoDB DEFAULT CHARSET=utf8;

--
-- Dumping data for table `acc_groups`
--

INSERT INTO `acc_groups` (`id`, `parent_code`, `account_type_id`, `account_code`, `title`, `title_ur`, `title_ar`, `name`, `op_balance_dr`, `op_balance_cr`, `type`, `level`, `company_id`, `date_created`) VALUES
(233, 0, 1, '1', 'Assets', ' ', '', 'assets', '0.00', '0.00', 'group', '1', 21, '2017-10-20 15:10:42'),
(234, 0, 3, '2', 'Liabilities', '', '', 'Liabilities', '0.00', '0.00', 'group', '1', 21, '2017-10-20 15:10:42'),
(235, 0, 2, '3', 'Equity', '', ' ', 'equity', '0.00', '0.00', 'group', '1', 21, '2017-10-20 15:10:42'),
(236, 0, 5, '4', 'Revenue', '', '', 'revenue', '0.00', '0.00', 'group', '1', 21, '2017-10-20 15:10:42'),
(237, 0, 6, '5', 'Cost of Goods Sold', '   ', '  ', 'cos', '0.00', '0.00', 'group', '1', 21, '2017-10-20 15:10:42'),
(238, 0, 4, '6', 'Expenses', '', '', 'expenses', '0.00', '0.00', 'group', '1', 21, '2017-10-20 15:10:42'),
(239, 1, 1, '10', 'Current Assets', '  ', ' ', 'current_assets', '0.00', '0.00', 'group', '2', 21, '2017-10-20 15:10:42'),
(240, 1, 1, '12', 'Fixed Assets', ' ', ' ', 'fixed_assets', '0.00', '0.00', 'group', '2', 21, '2017-10-20 15:10:42'),
(241, 1, 1, '13', 'Other Assets', ' ', ' ', 'other_assets', '0.00', '0.00', 'group', '2', 21, '2017-10-20 15:10:42'),
(242, 2, 3, '20', 'Current Liabilities', ' ', ' ', 'current_liabilities', '0.00', '0.00', 'group', '2', 21, '2017-10-20 15:10:42'),
(243, 2, 3, '21', 'Long Term Liabilities', '  ', '  ', 'long_term_liabilities', '0.00', '0.00', 'group', '2', 21, '2017-10-20 15:10:42'),
(244, 3, 2, '30', 'Equity Account', ' ', ' ', 'equity_account', '0.00', '0.00', 'group', '2', 21, '2017-10-20 15:10:42'),
(245, 4, 5, '40', 'Revenue Account', ' ', ' ', 'revenue_account', '0.00', '0.00', 'group', '2', 21, '2017-10-20 15:10:42'),
(246, 5, 6, '50', 'Cost of goods sold', '   ', '', 'cogs', '0.00', '0.00', 'group', '2', 21, '2017-10-20 15:10:42'),
(247, 6, 4, '60', 'Operative Expenses', ' ', ' ', 'operative_expenses', '0.00', '0.00', 'group', '2', 21, '2017-10-20 15:10:42'),
(248, 10, 1, '1001', 'Cash on Hand', 'Eldeki nakit', '  ', 'cash_hand', '0.00', '0.00', 'detail', '3', 21, '2017-10-20 15:10:42'),
(249, 10, 1, '1002', 'Cash at Bank', '  ', '  ', 'cashatbank', '0.00', '0.00', 'detail', '3', 21, '2017-10-20 15:10:42'),
(250, 10, 1, '1003', 'Accounts Receivable', ' ', ' ', 'accounts_receivable', '0.00', '0.00', 'detail', '3', 21, '2017-10-20 15:10:42'),
(251, 10, 1, '1004', 'Inventory', '', '', 'inventory', '390396.00', '0.00', 'detail', '3', 21, '2017-10-20 15:10:42'),
(252, 20, 3, '2000', 'Accounts Payable', '  ', '  ', 'accounts_payable', '0.00', '0.00', 'detail', '3', 21, '2017-10-20 15:10:42'),
(253, 30, 2, '3000', 'Capital', '', '', 'capital', '0.00', '0.00', 'detail', '3', 21, '2017-10-20 15:10:42'),
(254, 30, 2, '3001', 'Retained Earnings', '  ', ' ', 'retained_earnings', '0.00', '0.00', 'detail', '3', 21, '2017-10-20 15:10:42'),
(255, 40, 5, '4000', 'Sales', '', '', 'sales', '0.00', '0.00', 'detail', '3', 21, '2017-10-20 15:10:42'),
(256, 40, 5, '4001', 'Sales Returns and Allowances', '    ', '  ', 'sales_allowances', '0.00', '0.00', 'detail', '3', 21, '2017-10-20 15:10:42'),
(257, 40, 5, '4002', 'Sales Discounts', ' ', ' ', 'sales_discounts', '0.00', '0.00', 'detail', '3', 21, '2017-10-20 15:10:42'),
(258, 40, 5, '4003', 'Forex Gain Account', ' ', '', 'forex_gain_acc_code', '0.00', '0.00', 'detail', '3', 21, '2017-10-20 15:10:42'),
(259, 50, 6, '5000', 'Cost of Sales', '  ', '', 'cost_sales', '0.00', '0.00', 'detail', '3', 21, '2017-10-20 15:10:42'),
(260, 50, 6, '5001', 'Purchases', '', '', 'purchases_purchases', '0.00', '0.00', 'detail', '3', 21, '2017-10-20 15:10:42'),
(261, 50, 6, '5002', 'Purchase Returns and Allowances', '   ', '', 'purchase_allowances', '0.00', '0.00', 'detail', '3', 21, '2017-10-20 15:10:42'),
(262, 50, 6, '5003', 'Purchase Discounts', ' ', '', 'purchase_discounts', '0.00', '0.00', 'detail', '3', 21, '2017-10-20 15:10:42'),
(263, 60, 4, '6000', 'Office Expense', '  ', '', 'office_expense', '0.00', '0.00', 'detail', '3', 21, '2017-10-20 15:10:42'),
(264, 60, 4, '6001', 'Salaries Expense', ' ', '', 'salaries_expense', '0.00', '0.00', 'detail', '3', 21, '2017-10-20 15:10:42'),
(265, 60, 4, '6002', 'Forex Loss Account', ' ', '', 'forex_loss_acc_code', '0.00', '0.00', 'detail', '3', 21, '2017-10-20 15:10:42'),
(266, 20, 3, '2001', 'Bank of Khyber Loan', 'Bank of Khyber Loan', '', 'BOK Loan', '0.00', '0.00', 'detail', '3', 21, '2017-10-22 18:03:05'),
(268, 30, 2, '3002', 'Drawing', 'Drawing', '', 'Drawing', '0.00', '0.00', 'detail', '3', 21, '2017-10-28 17:29:30'),
(273, 60, 4, '6003', 'Home Expense', 'Home Expense', '', 'Home', '0.00', '0.00', 'detail', '3', 21, '2017-10-28 17:45:25'),
(274, 60, 4, '6004', 'Shop Rent', 'Shop Rent', '', 'Shop Rent', '0.00', '0.00', 'detail', '3', 21, '2017-10-28 17:48:40'),
(276, 60, 4, '6005', 'Security Fees', 'Security Fees', '', 'Security Fees', '0.00', '0.00', 'detail', '3', 21, '2017-10-28 17:49:49'),
(277, 60, 4, '6006', 'Electracity Bill', 'Electracity Bill', '', 'Electracity Bill', '0.00', '0.00', 'detail', '3', 21, '2017-10-28 17:50:47'),
(278, 50, 6, '5004', 'Carriage In', 'Carriage In', '', 'Carriage In', '0.00', '0.00', 'detail', '3', 21, '2017-10-28 17:57:17'),
(279, 20, 3, '2002', 'Sales Tax ', '   ', '', 'sales tax', '0.00', '0.00', 'detail', '3', 21, '2019-07-27 13:45:54'),
(280, 0, 1, '1', 'Assets', ' ', '', 'assets', '0.00', '0.00', 'group', '1', 22, '2019-10-30 18:10:11'),
(281, 0, 3, '2', 'Liabilities', '', '', 'Liabilities', '0.00', '0.00', 'group', '1', 22, '2019-10-30 18:10:11'),
(282, 0, 2, '3', 'Equity', '', '', 'equity', '0.00', '0.00', 'group', '1', 22, '2019-10-30 18:10:11'),
(283, 0, 5, '4', 'Revenue', '', '', 'revenue', '0.00', '0.00', 'group', '1', 22, '2019-10-30 18:10:11'),
(284, 0, 6, '5', 'Cost of Goods Sold', '   ', '', 'cos', '0.00', '0.00', 'group', '1', 22, '2019-10-30 18:10:11'),
(285, 0, 4, '6', 'Expenses', '', '', 'expenses', '0.00', '0.00', 'group', '1', 22, '2019-10-30 18:10:11'),
(286, 1, 1, '10', 'Current Assets', '  ', '', 'current_assets', '0.00', '0.00', 'group', '2', 22, '2019-10-30 18:10:11'),
(287, 1, 1, '12', 'Fixed Assets', ' ', '', 'fixed_assets', '0.00', '0.00', 'group', '2', 22, '2019-10-30 18:10:11'),
(288, 1, 1, '13', 'Other Assets', ' ', '', 'other_assets', '0.00', '0.00', 'group', '2', 22, '2019-10-30 18:10:11'),
(289, 2, 3, '20', 'Current Liabilities', ' ', '', 'current_liabilities', '0.00', '0.00', 'group', '2', 22, '2019-10-30 18:10:11'),
(290, 2, 3, '21', 'Long Term Liabilities', '  ', '', 'long_term_liabilities', '0.00', '0.00', 'group', '2', 22, '2019-10-30 18:10:11'),
(291, 3, 2, '30', 'Equity Account', ' ', '', 'equity_account', '0.00', '0.00', 'group', '2', 22, '2019-10-30 18:10:11'),
(292, 4, 5, '40', 'Revenue Account', ' ', '', 'revenue_account', '0.00', '0.00', 'group', '2', 22, '2019-10-30 18:10:11'),
(293, 5, 6, '50', 'Cost of goods sold', '   ', '', 'cogs', '0.00', '0.00', 'group', '2', 22, '2019-10-30 18:10:11'),
(294, 6, 4, '60', 'Operative Expenses', ' ', '', 'operative_expenses', '0.00', '0.00', 'group', '2', 22, '2019-10-30 18:10:11'),
(295, 10, 1, '1001', 'Cash on Hand', '  ', '', 'cash_hand', '0.00', '0.00', 'detail', '3', 22, '2019-10-30 18:10:11'),
(296, 10, 1, '1002', 'Cash at Bank', '  ', '', 'cashatbank', '0.00', '0.00', 'detail', '3', 22, '2019-10-30 18:10:11'),
(297, 10, 1, '1003', 'Accounts Receivable', ' ', '', 'accounts_receivable', '0.00', '0.00', 'detail', '3', 22, '2019-10-30 18:10:11'),
(298, 10, 1, '1004', 'Inventory', '', '', 'inventory', '0.00', '0.00', 'detail', '3', 22, '2019-10-30 18:10:11'),
(299, 20, 3, '2000', 'Accounts Payable', '  ', '', 'accounts_payable', '0.00', '0.00', 'detail', '3', 22, '2019-10-30 18:10:11'),
(300, 20, 3, '2001', 'Sales Tax Payable', '   ', '', 'sales_tax', '0.00', '0.00', 'detail', '3', 22, '2019-10-30 18:10:11'),
(301, 30, 2, '3000', 'Capital', '', '', 'capital', '0.00', '0.00', 'detail', '3', 22, '2019-10-30 18:10:11'),
(302, 30, 2, '3001', 'Retained Earnings', '  ', '', 'retained_earnings', '0.00', '0.00', 'detail', '3', 22, '2019-10-30 18:10:11'),
(303, 40, 5, '4000', 'Sales', '', '', 'sales', '0.00', '0.00', 'detail', '3', 22, '2019-10-30 18:10:11'),
(304, 40, 5, '4001', 'Sales Returns and Allowances', '    ', '', 'sales_allowances', '0.00', '0.00', 'detail', '3', 22, '2019-10-30 18:10:11'),
(305, 40, 5, '4002', 'Sales Discounts', ' ', '', 'sales_discounts', '0.00', '0.00', 'detail', '3', 22, '2019-10-30 18:10:11'),
(306, 40, 5, '4003', 'Forex Gain Account', ' ', '', 'forex_gain_acc_code', '0.00', '0.00', 'detail', '3', 22, '2019-10-30 18:10:11'),
(307, 50, 6, '5000', 'Cost of Sales', '  ', '', 'cost_sales', '0.00', '0.00', 'detail', '3', 22, '2019-10-30 18:10:11'),
(308, 50, 6, '5001', 'Purchases', '', '', 'purchases', '0.00', '0.00', 'detail', '3', 22, '2019-10-30 18:10:11'),
(309, 50, 6, '5002', 'Purchase Returns and Allowances', '   ', '', 'purchase_allowances', '0.00', '0.00', 'detail', '3', 22, '2019-10-30 18:10:11'),
(310, 50, 6, '5003', 'Purchase Discounts', ' ', '', 'purchase_discounts', '0.00', '0.00', 'detail', '3', 22, '2019-10-30 18:10:11'),
(311, 60, 4, '6000', 'Office Expense', '  ', '', 'office_expense', '0.00', '0.00', 'detail', '3', 22, '2019-10-30 18:10:11'),
(312, 60, 4, '6001', 'Salaries Expense', ' ', '', 'salaries_expense', '0.00', '0.00', 'detail', '3', 22, '2019-10-30 18:10:11'),
(313, 60, 4, '6002', 'Forex Loss Account', ' ', '', 'forex_loss_acc_code', '0.00', '0.00', 'detail', '3', 22, '2019-10-30 18:10:11'),
(314, 0, 1, '1', 'Assets', ' ', '', 'assets', '0.00', '0.00', 'group', '1', 23, '2019-10-30 18:10:37'),
(315, 0, 3, '2', 'Liabilities', '', '', 'Liabilities', '0.00', '0.00', 'group', '1', 23, '2019-10-30 18:10:37'),
(316, 0, 2, '3', 'Equity', '', '', 'equity', '0.00', '0.00', 'group', '1', 23, '2019-10-30 18:10:37'),
(317, 0, 5, '4', 'Revenue', '', '', 'revenue', '0.00', '0.00', 'group', '1', 23, '2019-10-30 18:10:37'),
(318, 0, 6, '5', 'Cost of Goods Sold', '   ', '', 'cos', '0.00', '0.00', 'group', '1', 23, '2019-10-30 18:10:37'),
(319, 0, 4, '6', 'Expenses', '', '', 'expenses', '0.00', '0.00', 'group', '1', 23, '2019-10-30 18:10:37'),
(320, 1, 1, '10', 'Current Assets', '  ', '', 'current_assets', '0.00', '0.00', 'group', '2', 23, '2019-10-30 18:10:37'),
(321, 1, 1, '12', 'Fixed Assets', ' ', '', 'fixed_assets', '0.00', '0.00', 'group', '2', 23, '2019-10-30 18:10:37'),
(322, 1, 1, '13', 'Other Assets', ' ', '', 'other_assets', '0.00', '0.00', 'group', '2', 23, '2019-10-30 18:10:37'),
(323, 2, 3, '20', 'Current Liabilities', ' ', '', 'current_liabilities', '0.00', '0.00', 'group', '2', 23, '2019-10-30 18:10:37'),
(324, 2, 3, '21', 'Long Term Liabilities', '  ', '', 'long_term_liabilities', '0.00', '0.00', 'group', '2', 23, '2019-10-30 18:10:37'),
(325, 3, 2, '30', 'Equity Account', ' ', '', 'equity_account', '0.00', '0.00', 'group', '2', 23, '2019-10-30 18:10:37'),
(326, 4, 5, '40', 'Revenue Account', ' ', '', 'revenue_account', '0.00', '0.00', 'group', '2', 23, '2019-10-30 18:10:37'),
(327, 5, 6, '50', 'Cost of goods sold', '   ', '', 'cogs', '0.00', '0.00', 'group', '2', 23, '2019-10-30 18:10:37'),
(328, 6, 4, '60', 'Operative Expenses', ' ', '', 'operative_expenses', '0.00', '0.00', 'group', '2', 23, '2019-10-30 18:10:37'),
(329, 10, 1, '1001', 'Cash on Hand', '  ', '', 'cash_hand', '0.00', '0.00', 'detail', '3', 23, '2019-10-30 18:10:37'),
(330, 10, 1, '1002', 'Cash at Bank', '  ', '', 'cashatbank', '0.00', '0.00', 'detail', '3', 23, '2019-10-30 18:10:37'),
(331, 10, 1, '1003', 'Accounts Receivable', ' ', '', 'accounts_receivable', '0.00', '0.00', 'detail', '3', 23, '2019-10-30 18:10:37'),
(332, 10, 1, '1004', 'Inventory', '', '', 'inventory', '0.00', '0.00', 'detail', '3', 23, '2019-10-30 18:10:37'),
(333, 20, 3, '2000', 'Accounts Payable', '  ', '', 'accounts_payable', '0.00', '0.00', 'detail', '3', 23, '2019-10-30 18:10:37'),
(334, 20, 3, '2001', 'Sales Tax Payable', '   ', '', 'sales_tax', '0.00', '0.00', 'detail', '3', 23, '2019-10-30 18:10:37'),
(335, 30, 2, '3000', 'Capital', '', '', 'capital', '0.00', '0.00', 'detail', '3', 23, '2019-10-30 18:10:37'),
(336, 30, 2, '3001', 'Retained Earnings', '  ', '', 'retained_earnings', '0.00', '0.00', 'detail', '3', 23, '2019-10-30 18:10:37'),
(337, 40, 5, '4000', 'Sales', '', '', 'sales', '0.00', '0.00', 'detail', '3', 23, '2019-10-30 18:10:37'),
(338, 40, 5, '4001', 'Sales Returns and Allowances', '    ', '', 'sales_allowances', '0.00', '0.00', 'detail', '3', 23, '2019-10-30 18:10:37'),
(339, 40, 5, '4002', 'Sales Discounts', ' ', '', 'sales_discounts', '0.00', '0.00', 'detail', '3', 23, '2019-10-30 18:10:37'),
(340, 40, 5, '4003', 'Forex Gain Account', ' ', '', 'forex_gain_acc_code', '0.00', '0.00', 'detail', '3', 23, '2019-10-30 18:10:37'),
(341, 50, 6, '5000', 'Cost of Sales', '  ', '', 'cost_sales', '0.00', '0.00', 'detail', '3', 23, '2019-10-30 18:10:37'),
(342, 50, 6, '5001', 'Purchases', '', '', 'purchases', '0.00', '0.00', 'detail', '3', 23, '2019-10-30 18:10:37'),
(343, 50, 6, '5002', 'Purchase Returns and Allowances', '   ', '', 'purchase_allowances', '0.00', '0.00', 'detail', '3', 23, '2019-10-30 18:10:37'),
(344, 50, 6, '5003', 'Purchase Discounts', ' ', '', 'purchase_discounts', '0.00', '0.00', 'detail', '3', 23, '2019-10-30 18:10:37'),
(345, 60, 4, '6000', 'Office Expense', '  ', '', 'office_expense', '0.00', '0.00', 'detail', '3', 23, '2019-10-30 18:10:37'),
(346, 60, 4, '6001', 'Salaries Expense', ' ', '', 'salaries_expense', '0.00', '0.00', 'detail', '3', 23, '2019-10-30 18:10:37'),
(347, 60, 4, '6002', 'Forex Loss Account', ' ', '', 'forex_loss_acc_code', '0.00', '0.00', 'detail', '3', 23, '2019-10-30 18:10:37'),
(348, 0, 1, '1', 'Assets', ' ', '', 'assets', '0.00', '0.00', 'group', '1', 24, '2019-10-30 18:10:41'),
(349, 0, 3, '2', 'Liabilities', '', '', 'Liabilities', '0.00', '0.00', 'group', '1', 24, '2019-10-30 18:10:41'),
(350, 0, 2, '3', 'Equity', '', '', 'equity', '0.00', '0.00', 'group', '1', 24, '2019-10-30 18:10:41'),
(351, 0, 5, '4', 'Revenue', '', '', 'revenue', '0.00', '0.00', 'group', '1', 24, '2019-10-30 18:10:41'),
(352, 0, 6, '5', 'Cost of Goods Sold', '   ', '', 'cos', '0.00', '0.00', 'group', '1', 24, '2019-10-30 18:10:41'),
(353, 0, 4, '6', 'Expenses', '', '', 'expenses', '0.00', '0.00', 'group', '1', 24, '2019-10-30 18:10:41'),
(354, 1, 1, '10', 'Current Assets', '  ', '', 'current_assets', '0.00', '0.00', 'group', '2', 24, '2019-10-30 18:10:41'),
(355, 1, 1, '12', 'Fixed Assets', ' ', '', 'fixed_assets', '0.00', '0.00', 'group', '2', 24, '2019-10-30 18:10:41'),
(356, 1, 1, '13', 'Other Assets', ' ', '', 'other_assets', '0.00', '0.00', 'group', '2', 24, '2019-10-30 18:10:41'),
(357, 2, 3, '20', 'Current Liabilities', ' ', '', 'current_liabilities', '0.00', '0.00', 'group', '2', 24, '2019-10-30 18:10:41'),
(358, 2, 3, '21', 'Long Term Liabilities', '  ', '', 'long_term_liabilities', '0.00', '0.00', 'group', '2', 24, '2019-10-30 18:10:41'),
(359, 3, 2, '30', 'Equity Account', ' ', '', 'equity_account', '0.00', '0.00', 'group', '2', 24, '2019-10-30 18:10:41'),
(360, 4, 5, '40', 'Revenue Account', ' ', '', 'revenue_account', '0.00', '0.00', 'group', '2', 24, '2019-10-30 18:10:41'),
(361, 5, 6, '50', 'Cost of goods sold', '   ', '', 'cogs', '0.00', '0.00', 'group', '2', 24, '2019-10-30 18:10:41'),
(362, 6, 4, '60', 'Operative Expenses', ' ', '', 'operative_expenses', '0.00', '0.00', 'group', '2', 24, '2019-10-30 18:10:41'),
(363, 10, 1, '1001', 'Cash on Hand', '  ', '', 'cash_hand', '0.00', '0.00', 'detail', '3', 24, '2019-10-30 18:10:41'),
(364, 10, 1, '1002', 'Cash at Bank', '  ', '', 'cashatbank', '0.00', '0.00', 'detail', '3', 24, '2019-10-30 18:10:41'),
(365, 10, 1, '1003', 'Accounts Receivable', ' ', '', 'accounts_receivable', '0.00', '0.00', 'detail', '3', 24, '2019-10-30 18:10:41'),
(366, 10, 1, '1004', 'Inventory', '', '', 'inventory', '0.00', '0.00', 'detail', '3', 24, '2019-10-30 18:10:41'),
(367, 20, 3, '2000', 'Accounts Payable', '  ', '', 'accounts_payable', '0.00', '0.00', 'detail', '3', 24, '2019-10-30 18:10:41'),
(368, 20, 3, '2001', 'Sales Tax Payable', '   ', '', 'sales_tax', '0.00', '0.00', 'detail', '3', 24, '2019-10-30 18:10:41'),
(369, 30, 2, '3000', 'Capital', '', '', 'capital', '0.00', '0.00', 'detail', '3', 24, '2019-10-30 18:10:41'),
(370, 30, 2, '3001', 'Retained Earnings', '  ', '', 'retained_earnings', '0.00', '0.00', 'detail', '3', 24, '2019-10-30 18:10:41'),
(371, 40, 5, '4000', 'Sales', '', '', 'sales', '0.00', '0.00', 'detail', '3', 24, '2019-10-30 18:10:41'),
(372, 40, 5, '4001', 'Sales Returns and Allowances', '    ', '', 'sales_allowances', '0.00', '0.00', 'detail', '3', 24, '2019-10-30 18:10:41'),
(373, 40, 5, '4002', 'Sales Discounts', ' ', '', 'sales_discounts', '0.00', '0.00', 'detail', '3', 24, '2019-10-30 18:10:41'),
(374, 40, 5, '4003', 'Forex Gain Account', ' ', '', 'forex_gain_acc_code', '0.00', '0.00', 'detail', '3', 24, '2019-10-30 18:10:41'),
(375, 50, 6, '5000', 'Cost of Sales', '  ', '', 'cost_sales', '0.00', '0.00', 'detail', '3', 24, '2019-10-30 18:10:41'),
(376, 50, 6, '5001', 'Purchases', '', '', 'purchases', '0.00', '0.00', 'detail', '3', 24, '2019-10-30 18:10:41'),
(377, 50, 6, '5002', 'Purchase Returns and Allowances', '   ', '', 'purchase_allowances', '0.00', '0.00', 'detail', '3', 24, '2019-10-30 18:10:41'),
(378, 50, 6, '5003', 'Purchase Discounts', ' ', '', 'purchase_discounts', '0.00', '0.00', 'detail', '3', 24, '2019-10-30 18:10:41'),
(379, 60, 4, '6000', 'Office Expense', '  ', '', 'office_expense', '0.00', '0.00', 'detail', '3', 24, '2019-10-30 18:10:41'),
(380, 60, 4, '6001', 'Salaries Expense', ' ', '', 'salaries_expense', '0.00', '0.00', 'detail', '3', 24, '2019-10-30 18:10:41'),
(381, 60, 4, '6002', 'Forex Loss Account', ' ', '', 'forex_loss_acc_code', '0.00', '0.00', 'detail', '3', 24, '2019-10-30 18:10:41'),
(382, 0, 1, '1', 'Assets', ' ', '', 'assets', '0.00', '0.00', 'group', '1', 25, '2019-10-30 18:10:45'),
(383, 0, 3, '2', 'Liabilities', '', '', 'Liabilities', '0.00', '0.00', 'group', '1', 25, '2019-10-30 18:10:45'),
(384, 0, 2, '3', 'Equity', '', '', 'equity', '0.00', '0.00', 'group', '1', 25, '2019-10-30 18:10:45'),
(385, 0, 5, '4', 'Revenue', '', '', 'revenue', '0.00', '0.00', 'group', '1', 25, '2019-10-30 18:10:45'),
(386, 0, 6, '5', 'Cost of Goods Sold', '   ', '', 'cos', '0.00', '0.00', 'group', '1', 25, '2019-10-30 18:10:45'),
(387, 0, 4, '6', 'Expenses', '', '', 'expenses', '0.00', '0.00', 'group', '1', 25, '2019-10-30 18:10:45'),
(388, 1, 1, '10', 'Current Assets', '  ', '', 'current_assets', '0.00', '0.00', 'group', '2', 25, '2019-10-30 18:10:45'),
(389, 1, 1, '12', 'Fixed Assets', ' ', '', 'fixed_assets', '0.00', '0.00', 'group', '2', 25, '2019-10-30 18:10:45'),
(390, 1, 1, '13', 'Other Assets', ' ', '', 'other_assets', '0.00', '0.00', 'group', '2', 25, '2019-10-30 18:10:45'),
(391, 2, 3, '20', 'Current Liabilities', ' ', '', 'current_liabilities', '0.00', '0.00', 'group', '2', 25, '2019-10-30 18:10:45'),
(392, 2, 3, '21', 'Long Term Liabilities', '  ', '', 'long_term_liabilities', '0.00', '0.00', 'group', '2', 25, '2019-10-30 18:10:45'),
(393, 3, 2, '30', 'Equity Account', ' ', '', 'equity_account', '0.00', '0.00', 'group', '2', 25, '2019-10-30 18:10:45'),
(394, 4, 5, '40', 'Revenue Account', ' ', '', 'revenue_account', '0.00', '0.00', 'group', '2', 25, '2019-10-30 18:10:45'),
(395, 5, 6, '50', 'Cost of goods sold', '   ', '', 'cogs', '0.00', '0.00', 'group', '2', 25, '2019-10-30 18:10:45'),
(396, 6, 4, '60', 'Operative Expenses', ' ', '', 'operative_expenses', '0.00', '0.00', 'group', '2', 25, '2019-10-30 18:10:45'),
(397, 10, 1, '1001', 'Cash on Hand', '  ', '', 'cash_hand', '0.00', '0.00', 'detail', '3', 25, '2019-10-30 18:10:45'),
(398, 10, 1, '1002', 'Cash at Bank', '  ', '', 'cashatbank', '0.00', '0.00', 'detail', '3', 25, '2019-10-30 18:10:45'),
(399, 10, 1, '1003', 'Accounts Receivable', ' ', '', 'accounts_receivable', '0.00', '0.00', 'detail', '3', 25, '2019-10-30 18:10:45'),
(400, 10, 1, '1004', 'Inventory', '', '', 'inventory', '0.00', '0.00', 'detail', '3', 25, '2019-10-30 18:10:45'),
(401, 20, 3, '2000', 'Accounts Payable', '  ', '', 'accounts_payable', '0.00', '0.00', 'detail', '3', 25, '2019-10-30 18:10:45'),
(402, 20, 3, '2001', 'Sales Tax Payable', '   ', '', 'sales_tax', '0.00', '0.00', 'detail', '3', 25, '2019-10-30 18:10:45'),
(403, 30, 2, '3000', 'Capital', '', '', 'capital', '0.00', '0.00', 'detail', '3', 25, '2019-10-30 18:10:45'),
(404, 30, 2, '3001', 'Retained Earnings', '  ', '', 'retained_earnings', '0.00', '0.00', 'detail', '3', 25, '2019-10-30 18:10:45'),
(405, 40, 5, '4000', 'Sales', '', '', 'sales', '0.00', '0.00', 'detail', '3', 25, '2019-10-30 18:10:45'),
(406, 40, 5, '4001', 'Sales Returns and Allowances', '    ', '', 'sales_allowances', '0.00', '0.00', 'detail', '3', 25, '2019-10-30 18:10:45'),
(407, 40, 5, '4002', 'Sales Discounts', ' ', '', 'sales_discounts', '0.00', '0.00', 'detail', '3', 25, '2019-10-30 18:10:45'),
(408, 40, 5, '4003', 'Forex Gain Account', ' ', '', 'forex_gain_acc_code', '0.00', '0.00', 'detail', '3', 25, '2019-10-30 18:10:45'),
(409, 50, 6, '5000', 'Cost of Sales', '  ', '', 'cost_sales', '0.00', '0.00', 'detail', '3', 25, '2019-10-30 18:10:45'),
(410, 50, 6, '5001', 'Purchases', '', '', 'purchases', '0.00', '0.00', 'detail', '3', 25, '2019-10-30 18:10:45'),
(411, 50, 6, '5002', 'Purchase Returns and Allowances', '   ', '', 'purchase_allowances', '0.00', '0.00', 'detail', '3', 25, '2019-10-30 18:10:45'),
(412, 50, 6, '5003', 'Purchase Discounts', ' ', '', 'purchase_discounts', '0.00', '0.00', 'detail', '3', 25, '2019-10-30 18:10:45'),
(413, 60, 4, '6000', 'Office Expense', '  ', '', 'office_expense', '0.00', '0.00', 'detail', '3', 25, '2019-10-30 18:10:45'),
(414, 60, 4, '6001', 'Salaries Expense', ' ', '', 'salaries_expense', '0.00', '0.00', 'detail', '3', 25, '2019-10-30 18:10:45'),
(415, 60, 4, '6002', 'Forex Loss Account', ' ', '', 'forex_loss_acc_code', '0.00', '0.00', 'detail', '3', 25, '2019-10-30 18:10:45'),
(450, 10, 1, '1007', 'Work in Progress', 'wip', '', 'wip', '0.00', '0.00', 'detail', '3', 21, '2020-08-09 14:55:48'),
(451, 10, 1, '1008', 'Raw Materials', 'Raw', '', 'raw', '0.00', '0.00', 'detail', '3', 21, '2020-10-04 13:14:32'),
(452, 0, 1, '1', 'Assets', ' ', '', 'assets', '0.00', '0.00', 'group', '1', 22, '2020-10-25 07:10:56'),
(453, 0, 3, '2', 'Liabilities', '', '', 'Liabilities', '0.00', '0.00', 'group', '1', 22, '2020-10-25 07:10:56'),
(454, 0, 2, '3', 'Equity', '', '', 'equity', '0.00', '0.00', 'group', '1', 22, '2020-10-25 07:10:56'),
(455, 0, 5, '4', 'Revenue', '', '', 'revenue', '0.00', '0.00', 'group', '1', 22, '2020-10-25 07:10:56'),
(456, 0, 6, '5', 'Cost of Goods Sold', '   ', '', 'cos', '0.00', '0.00', 'group', '1', 22, '2020-10-25 07:10:56'),
(457, 0, 4, '6', 'Expenses', '', '', 'expenses', '0.00', '0.00', 'group', '1', 22, '2020-10-25 07:10:56'),
(458, 1, 1, '10', 'Current Assets', '  ', '', 'current_assets', '0.00', '0.00', 'group', '2', 22, '2020-10-25 07:10:56'),
(459, 1, 1, '12', 'Fixed Assets', ' ', '', 'fixed_assets', '0.00', '0.00', 'group', '2', 22, '2020-10-25 07:10:56'),
(460, 1, 1, '13', 'Other Assets', ' ', '', 'other_assets', '0.00', '0.00', 'group', '2', 22, '2020-10-25 07:10:56'),
(461, 2, 3, '20', 'Current Liabilities', ' ', '', 'current_liabilities', '0.00', '0.00', 'group', '2', 22, '2020-10-25 07:10:56'),
(462, 2, 3, '21', 'Long Term Liabilities', '  ', '', 'long_term_liabilities', '0.00', '0.00', 'group', '2', 22, '2020-10-25 07:10:56'),
(463, 3, 2, '30', 'Equity Account', ' ', '', 'equity_account', '0.00', '0.00', 'group', '2', 22, '2020-10-25 07:10:56'),
(464, 4, 5, '40', 'Revenue Account', ' ', '', 'revenue_account', '0.00', '0.00', 'group', '2', 22, '2020-10-25 07:10:56'),
(465, 5, 6, '50', 'Cost of goods sold', '   ', '', 'cogs', '0.00', '0.00', 'group', '2', 22, '2020-10-25 07:10:56'),
(466, 6, 4, '60', 'Operative Expenses', ' ', '', 'operative_expenses', '0.00', '0.00', 'group', '2', 22, '2020-10-25 07:10:56'),
(467, 10, 1, '1001', 'Cash on Hand', '  ', '', 'cash_hand', '0.00', '0.00', 'detail', '3', 22, '2020-10-25 07:10:56'),
(468, 10, 1, '1002', 'Cash at Bank', '  ', '', 'cashatbank', '0.00', '0.00', 'detail', '3', 22, '2020-10-25 07:10:56'),
(469, 10, 1, '1003', 'Accounts Receivable', ' ', '', 'accounts_receivable', '0.00', '0.00', 'detail', '3', 22, '2020-10-25 07:10:56'),
(470, 10, 1, '1004', 'Inventory', '', '', 'inventory', '0.00', '0.00', 'detail', '3', 22, '2020-10-25 07:10:56'),
(471, 20, 3, '2000', 'Accounts Payable', '  ', '', 'accounts_payable', '0.00', '0.00', 'detail', '3', 22, '2020-10-25 07:10:56'),
(472, 20, 3, '2001', 'Sales Tax Payable', '   ', '', 'sales_tax', '0.00', '0.00', 'detail', '3', 22, '2020-10-25 07:10:56'),
(473, 30, 2, '3000', 'Capital', '', '', 'capital', '0.00', '0.00', 'detail', '3', 22, '2020-10-25 07:10:56'),
(474, 30, 2, '3001', 'Retained Earnings', '  ', '', 'retained_earnings', '0.00', '0.00', 'detail', '3', 22, '2020-10-25 07:10:56'),
(475, 40, 5, '4000', 'Sales', '', '', 'sales', '0.00', '0.00', 'detail', '3', 22, '2020-10-25 07:10:56'),
(476, 40, 5, '4001', 'Sales Returns and Allowances', '    ', '', 'sales_allowances', '0.00', '0.00', 'detail', '3', 22, '2020-10-25 07:10:56'),
(477, 40, 5, '4002', 'Sales Discounts', ' ', '', 'sales_discounts', '0.00', '0.00', 'detail', '3', 22, '2020-10-25 07:10:56'),
(478, 40, 5, '4003', 'Forex Gain Account', ' ', '', 'forex_gain_acc_code', '0.00', '0.00', 'detail', '3', 22, '2020-10-25 07:10:56'),
(479, 50, 6, '5000', 'Cost of Sales', '  ', '', 'cost_sales', '0.00', '0.00', 'detail', '3', 22, '2020-10-25 07:10:56'),
(480, 50, 6, '5001', 'Purchases', '', '', 'purchases', '0.00', '0.00', 'detail', '3', 22, '2020-10-25 07:10:56'),
(481, 50, 6, '5002', 'Purchase Returns and Allowances', '   ', '', 'purchase_allowances', '0.00', '0.00', 'detail', '3', 22, '2020-10-25 07:10:56'),
(482, 50, 6, '5003', 'Purchase Discounts', ' ', '', 'purchase_discounts', '0.00', '0.00', 'detail', '3', 22, '2020-10-25 07:10:56'),
(483, 60, 4, '6000', 'Office Expense', '  ', '', 'office_expense', '0.00', '0.00', 'detail', '3', 22, '2020-10-25 07:10:56'),
(484, 60, 4, '6001', 'Salaries Expense', ' ', '', 'salaries_expense', '0.00', '0.00', 'detail', '3', 22, '2020-10-25 07:10:56'),
(485, 60, 4, '6002', 'Forex Loss Account', ' ', '', 'forex_loss_acc_code', '0.00', '0.00', 'detail', '3', 22, '2020-10-25 07:10:56'),
(486, 40, 5, '4004', 'HR Training ', 'HR Training ', '', 'HR Training ', '0.00', '0.00', 'detail', '3', 21, '2020-11-10 22:03:55'),
(487, 40, 5, '4005', 'Income', '', '', '', '0.00', '0.00', 'detail', '3', 21, '2022-04-29 18:24:44'),
(488, 41, 5, '4100', 'Installation Service', '', '', '', '0.00', '0.00', 'detail', '3', 21, '2022-05-24 23:18:25'),
(489, 4, 5, '41', 'Services', '', '', '', '0.00', '0.00', 'group', '2', 21, '2022-05-24 23:32:50'),
(490, 41, 5, '4101', 'Government Tax Paying ', '', '', '', '0.00', '0.00', 'detail', '3', 21, '2022-05-25 00:20:23'),
(491, 0, 1, '1', 'Assets', ' ', '', 'assets', '0.00', '0.00', 'group', '1', 23, '2022-06-22 15:06:13'),
(492, 0, 3, '2', 'Liabilities', '', '', 'Liabilities', '0.00', '0.00', 'group', '1', 23, '2022-06-22 15:06:13'),
(493, 0, 2, '3', 'Equity', '', '', 'equity', '0.00', '0.00', 'group', '1', 23, '2022-06-22 15:06:13'),
(494, 0, 5, '4', 'Revenue', '', '', 'revenue', '0.00', '0.00', 'group', '1', 23, '2022-06-22 15:06:13'),
(495, 0, 6, '5', 'Cost of Goods Sold', '   ', '', 'cos', '0.00', '0.00', 'group', '1', 23, '2022-06-22 15:06:13'),
(496, 0, 4, '6', 'Expenses', '', '', 'expenses', '0.00', '0.00', 'group', '1', 23, '2022-06-22 15:06:13'),
(497, 1, 1, '10', 'Current Assets', '  ', '', 'current_assets', '0.00', '0.00', 'group', '2', 23, '2022-06-22 15:06:13'),
(498, 1, 1, '12', 'Fixed Assets', ' ', '', 'fixed_assets', '0.00', '0.00', 'group', '2', 23, '2022-06-22 15:06:13'),
(499, 1, 1, '13', 'Other Assets', ' ', '', 'other_assets', '0.00', '0.00', 'group', '2', 23, '2022-06-22 15:06:13'),
(500, 2, 3, '20', 'Current Liabilities', ' ', '', 'current_liabilities', '0.00', '0.00', 'group', '2', 23, '2022-06-22 15:06:13'),
(501, 2, 3, '21', 'Long Term Liabilities', '  ', '', 'long_term_liabilities', '0.00', '0.00', 'group', '2', 23, '2022-06-22 15:06:13'),
(502, 3, 2, '30', 'Equity Account', ' ', '', 'equity_account', '0.00', '0.00', 'group', '2', 23, '2022-06-22 15:06:13'),
(503, 4, 5, '40', 'Revenue Account', ' ', '', 'revenue_account', '0.00', '0.00', 'group', '2', 23, '2022-06-22 15:06:13'),
(504, 5, 6, '50', 'Cost of goods sold', '   ', '', 'cogs', '0.00', '0.00', 'group', '2', 23, '2022-06-22 15:06:13'),
(505, 6, 4, '60', 'Operative Expenses', ' ', '', 'operative_expenses', '0.00', '0.00', 'group', '2', 23, '2022-06-22 15:06:13'),
(506, 10, 1, '1001', 'Cash on Hand', '  ', '', 'cash_hand', '0.00', '0.00', 'detail', '3', 23, '2022-06-22 15:06:13'),
(507, 10, 1, '1002', 'Cash at Bank', '  ', '', 'cashatbank', '0.00', '0.00', 'detail', '3', 23, '2022-06-22 15:06:13'),
(508, 10, 1, '1003', 'Accounts Receivable', ' ', '', 'accounts_receivable', '0.00', '0.00', 'detail', '3', 23, '2022-06-22 15:06:13'),
(509, 10, 1, '1004', 'Inventory', '', '', 'inventory', '0.00', '0.00', 'detail', '3', 23, '2022-06-22 15:06:13'),
(510, 20, 3, '2000', 'Accounts Payable', '  ', '', 'accounts_payable', '0.00', '0.00', 'detail', '3', 23, '2022-06-22 15:06:13'),
(511, 20, 3, '2001', 'Sales Tax Payable', '   ', '', 'sales_tax', '0.00', '0.00', 'detail', '3', 23, '2022-06-22 15:06:13'),
(512, 30, 2, '3000', 'Capital', '', '', 'capital', '0.00', '0.00', 'detail', '3', 23, '2022-06-22 15:06:13'),
(513, 30, 2, '3001', 'Retained Earnings', '  ', '', 'retained_earnings', '0.00', '0.00', 'detail', '3', 23, '2022-06-22 15:06:13'),
(514, 40, 5, '4000', 'Sales', '', '', 'sales', '0.00', '0.00', 'detail', '3', 23, '2022-06-22 15:06:13'),
(515, 40, 5, '4001', 'Sales Returns and Allowances', '    ', '', 'sales_allowances', '0.00', '0.00', 'detail', '3', 23, '2022-06-22 15:06:13'),
(516, 40, 5, '4002', 'Sales Discounts', ' ', '', 'sales_discounts', '0.00', '0.00', 'detail', '3', 23, '2022-06-22 15:06:13'),
(517, 40, 5, '4003', 'Forex Gain Account', ' ', '', 'forex_gain_acc_code', '0.00', '0.00', 'detail', '3', 23, '2022-06-22 15:06:13'),
(518, 50, 6, '5000', 'Cost of Sales', '  ', '', 'cost_sales', '0.00', '0.00', 'detail', '3', 23, '2022-06-22 15:06:13'),
(519, 50, 6, '5001', 'Purchases', '', '', 'purchases', '0.00', '0.00', 'detail', '3', 23, '2022-06-22 15:06:13'),
(520, 50, 6, '5002', 'Purchase Returns and Allowances', '   ', '', 'purchase_allowances', '0.00', '0.00', 'detail', '3', 23, '2022-06-22 15:06:13'),
(521, 50, 6, '5003', 'Purchase Discounts', ' ', '', 'purchase_discounts', '0.00', '0.00', 'detail', '3', 23, '2022-06-22 15:06:13'),
(522, 60, 4, '6000', 'Office Expense', '  ', '', 'office_expense', '0.00', '0.00', 'detail', '3', 23, '2022-06-22 15:06:13'),
(523, 60, 4, '6001', 'Salaries Expense', ' ', '', 'salaries_expense', '0.00', '0.00', 'detail', '3', 23, '2022-06-22 15:06:13'),
(524, 60, 4, '6002', 'Forex Loss Account', ' ', '', 'forex_loss_acc_code', '0.00', '0.00', 'detail', '3', 23, '2022-06-22 15:06:13'),
(525, 0, 1, '1', 'Assets', ' ', '', 'assets', '0.00', '0.00', 'group', '1', 24, '2022-09-05 18:09:25'),
(526, 0, 3, '2', 'Liabilities', '', '', 'Liabilities', '0.00', '0.00', 'group', '1', 24, '2022-09-05 18:09:25'),
(527, 0, 2, '3', 'Equity', '', '', 'equity', '0.00', '0.00', 'group', '1', 24, '2022-09-05 18:09:25'),
(528, 0, 5, '4', 'Revenue', '', '', 'revenue', '0.00', '0.00', 'group', '1', 24, '2022-09-05 18:09:25'),
(529, 0, 6, '5', 'Cost of Goods Sold', '   ', '', 'cos', '0.00', '0.00', 'group', '1', 24, '2022-09-05 18:09:25'),
(530, 0, 4, '6', 'Expenses', '', '', 'expenses', '0.00', '0.00', 'group', '1', 24, '2022-09-05 18:09:25'),
(531, 1, 1, '10', 'Current Assets', '  ', '', 'current_assets', '0.00', '0.00', 'group', '2', 24, '2022-09-05 18:09:25'),
(532, 1, 1, '12', 'Fixed Assets', ' ', '', 'fixed_assets', '0.00', '0.00', 'group', '2', 24, '2022-09-05 18:09:25'),
(533, 1, 1, '13', 'Other Assets', ' ', '', 'other_assets', '0.00', '0.00', 'group', '2', 24, '2022-09-05 18:09:25'),
(534, 2, 3, '20', 'Current Liabilities', ' ', '', 'current_liabilities', '0.00', '0.00', 'group', '2', 24, '2022-09-05 18:09:25'),
(535, 2, 3, '21', 'Long Term Liabilities', '  ', '', 'long_term_liabilities', '0.00', '0.00', 'group', '2', 24, '2022-09-05 18:09:25'),
(536, 3, 2, '30', 'Equity Account', ' ', '', 'equity_account', '0.00', '0.00', 'group', '2', 24, '2022-09-05 18:09:25'),
(537, 4, 5, '40', 'Revenue Account', ' ', '', 'revenue_account', '0.00', '0.00', 'group', '2', 24, '2022-09-05 18:09:25'),
(538, 5, 6, '50', 'Cost of goods sold', '   ', '', 'cogs', '0.00', '0.00', 'group', '2', 24, '2022-09-05 18:09:25'),
(539, 6, 4, '60', 'Operative Expenses', ' ', '', 'operative_expenses', '0.00', '0.00', 'group', '2', 24, '2022-09-05 18:09:25'),
(540, 10, 1, '1001', 'Cash on Hand', '  ', '', 'cash_hand', '0.00', '0.00', 'detail', '3', 24, '2022-09-05 18:09:25'),
(541, 10, 1, '1002', 'Cash at Bank', '  ', '', 'cashatbank', '0.00', '0.00', 'detail', '3', 24, '2022-09-05 18:09:25'),
(542, 10, 1, '1003', 'Accounts Receivable', ' ', '', 'accounts_receivable', '0.00', '0.00', 'detail', '3', 24, '2022-09-05 18:09:25'),
(543, 10, 1, '1004', 'Inventory', '', '', 'inventory', '0.00', '0.00', 'detail', '3', 24, '2022-09-05 18:09:25'),
(544, 20, 3, '2000', 'Accounts Payable', '  ', '', 'accounts_payable', '0.00', '0.00', 'detail', '3', 24, '2022-09-05 18:09:25'),
(545, 20, 3, '2001', 'Sales Tax Payable', '   ', '', 'sales_tax', '0.00', '0.00', 'detail', '3', 24, '2022-09-05 18:09:25'),
(546, 30, 2, '3000', 'Capital', '', '', 'capital', '0.00', '0.00', 'detail', '3', 24, '2022-09-05 18:09:25'),
(547, 30, 2, '3001', 'Retained Earnings', '  ', '', 'retained_earnings', '0.00', '0.00', 'detail', '3', 24, '2022-09-05 18:09:25'),
(548, 40, 5, '4000', 'Sales', '', '', 'sales', '0.00', '0.00', 'detail', '3', 24, '2022-09-05 18:09:25'),
(549, 40, 5, '4001', 'Sales Returns and Allowances', '    ', '', 'sales_allowances', '0.00', '0.00', 'detail', '3', 24, '2022-09-05 18:09:25'),
(550, 40, 5, '4002', 'Sales Discounts', ' ', '', 'sales_discounts', '0.00', '0.00', 'detail', '3', 24, '2022-09-05 18:09:25'),
(551, 40, 5, '4003', 'Forex Gain Account', ' ', '', 'forex_gain_acc_code', '0.00', '0.00', 'detail', '3', 24, '2022-09-05 18:09:25'),
(552, 50, 6, '5000', 'Cost of Sales', '  ', '', 'cost_sales', '0.00', '0.00', 'detail', '3', 24, '2022-09-05 18:09:25'),
(553, 50, 6, '5001', 'Purchases', '', '', 'purchases', '0.00', '0.00', 'detail', '3', 24, '2022-09-05 18:09:25'),
(554, 50, 6, '5002', 'Purchase Returns and Allowances', '   ', '', 'purchase_allowances', '0.00', '0.00', 'detail', '3', 24, '2022-09-05 18:09:25'),
(555, 50, 6, '5003', 'Purchase Discounts', ' ', '', 'purchase_discounts', '0.00', '0.00', 'detail', '3', 24, '2022-09-05 18:09:25'),
(556, 60, 4, '6000', 'Office Expense', '  ', '', 'office_expense', '0.00', '0.00', 'detail', '3', 24, '2022-09-05 18:09:25'),
(557, 60, 4, '6001', 'Salaries Expense', ' ', '', 'salaries_expense', '0.00', '0.00', 'detail', '3', 24, '2022-09-05 18:09:25'),
(558, 60, 4, '6002', 'Forex Loss Account', ' ', '', 'forex_loss_acc_code', '0.00', '0.00', 'detail', '3', 24, '2022-09-05 18:09:25'),
(559, 0, 1, '1', 'Assets', ' ', '', 'assets', '0.00', '0.00', 'group', '1', 25, '2022-09-27 06:09:15'),
(560, 0, 3, '2', 'Liabilities', '', '', 'Liabilities', '0.00', '0.00', 'group', '1', 25, '2022-09-27 06:09:15'),
(561, 0, 2, '3', 'Equity', '', '', 'equity', '0.00', '0.00', 'group', '1', 25, '2022-09-27 06:09:15'),
(562, 0, 5, '4', 'Revenue', '', '', 'revenue', '0.00', '0.00', 'group', '1', 25, '2022-09-27 06:09:15'),
(563, 0, 6, '5', 'Cost of Goods Sold', '   ', '', 'cos', '0.00', '0.00', 'group', '1', 25, '2022-09-27 06:09:15'),
(564, 0, 4, '6', 'Expenses', '', '', 'expenses', '0.00', '0.00', 'group', '1', 25, '2022-09-27 06:09:15'),
(565, 1, 1, '10', 'Current Assets', '  ', '', 'current_assets', '0.00', '0.00', 'group', '2', 25, '2022-09-27 06:09:15'),
(566, 1, 1, '12', 'Fixed Assets', ' ', '', 'fixed_assets', '0.00', '0.00', 'group', '2', 25, '2022-09-27 06:09:15'),
(567, 1, 1, '13', 'Other Assets', ' ', '', 'other_assets', '0.00', '0.00', 'group', '2', 25, '2022-09-27 06:09:15'),
(568, 2, 3, '20', 'Current Liabilities', ' ', '', 'current_liabilities', '0.00', '0.00', 'group', '2', 25, '2022-09-27 06:09:15'),
(569, 2, 3, '21', 'Long Term Liabilities', '  ', '', 'long_term_liabilities', '0.00', '0.00', 'group', '2', 25, '2022-09-27 06:09:15'),
(570, 3, 2, '30', 'Equity Account', ' ', '', 'equity_account', '0.00', '0.00', 'group', '2', 25, '2022-09-27 06:09:15'),
(571, 4, 5, '40', 'Revenue Account', ' ', '', 'revenue_account', '0.00', '0.00', 'group', '2', 25, '2022-09-27 06:09:15'),
(572, 5, 6, '50', 'Cost of goods sold', '   ', '', 'cogs', '0.00', '0.00', 'group', '2', 25, '2022-09-27 06:09:15'),
(573, 6, 4, '60', 'Operative Expenses', ' ', '', 'operative_expenses', '0.00', '0.00', 'group', '2', 25, '2022-09-27 06:09:15'),
(574, 10, 1, '1001', 'Cash on Hand', '  ', '', 'cash_hand', '0.00', '0.00', 'detail', '3', 25, '2022-09-27 06:09:15'),
(575, 10, 1, '1002', 'Cash at Bank', '  ', '', 'cashatbank', '0.00', '0.00', 'detail', '3', 25, '2022-09-27 06:09:15'),
(576, 10, 1, '1003', 'Accounts Receivable', ' ', '', 'accounts_receivable', '0.00', '0.00', 'detail', '3', 25, '2022-09-27 06:09:15'),
(577, 10, 1, '1004', 'Inventory', '', '', 'inventory', '0.00', '0.00', 'detail', '3', 25, '2022-09-27 06:09:15'),
(578, 20, 3, '2000', 'Accounts Payable', '  ', '', 'accounts_payable', '0.00', '0.00', 'detail', '3', 25, '2022-09-27 06:09:15'),
(579, 20, 3, '2001', 'Sales Tax Payable', '   ', '', 'sales_tax', '0.00', '0.00', 'detail', '3', 25, '2022-09-27 06:09:15'),
(580, 30, 2, '3000', 'Capital', '', '', 'capital', '0.00', '0.00', 'detail', '3', 25, '2022-09-27 06:09:15'),
(581, 30, 2, '3001', 'Retained Earnings', '  ', '', 'retained_earnings', '0.00', '0.00', 'detail', '3', 25, '2022-09-27 06:09:15'),
(582, 40, 5, '4000', 'Sales', '', '', 'sales', '0.00', '0.00', 'detail', '3', 25, '2022-09-27 06:09:15'),
(583, 40, 5, '4001', 'Sales Returns and Allowances', '    ', '', 'sales_allowances', '0.00', '0.00', 'detail', '3', 25, '2022-09-27 06:09:15'),
(584, 40, 5, '4002', 'Sales Discounts', ' ', '', 'sales_discounts', '0.00', '0.00', 'detail', '3', 25, '2022-09-27 06:09:15'),
(585, 40, 5, '4003', 'Forex Gain Account', ' ', '', 'forex_gain_acc_code', '0.00', '0.00', 'detail', '3', 25, '2022-09-27 06:09:15'),
(586, 50, 6, '5000', 'Cost of Sales', '  ', '', 'cost_sales', '0.00', '0.00', 'detail', '3', 25, '2022-09-27 06:09:15'),
(587, 50, 6, '5001', 'Purchases', '', '', 'purchases', '0.00', '0.00', 'detail', '3', 25, '2022-09-27 06:09:15'),
(588, 50, 6, '5002', 'Purchase Returns and Allowances', '   ', '', 'purchase_allowances', '0.00', '0.00', 'detail', '3', 25, '2022-09-27 06:09:15'),
(589, 50, 6, '5003', 'Purchase Discounts', ' ', '', 'purchase_discounts', '0.00', '0.00', 'detail', '3', 25, '2022-09-27 06:09:15'),
(590, 60, 4, '6000', 'Office Expense', '  ', '', 'office_expense', '0.00', '0.00', 'detail', '3', 25, '2022-09-27 06:09:15'),
(591, 60, 4, '6001', 'Salaries Expense', ' ', '', 'salaries_expense', '0.00', '0.00', 'detail', '3', 25, '2022-09-27 06:09:15'),
(592, 60, 4, '6002', 'Forex Loss Account', ' ', '', 'forex_loss_acc_code', '0.00', '0.00', 'detail', '3', 25, '2022-09-27 06:09:15'),
(593, 0, 1, '1', 'Assets', 'Varlklar', '', 'assets', '0.00', '0.00', 'group', '1', 26, '2023-04-29 09:04:08'),
(594, 0, 3, '2', 'Liabilities', 'ykmllkler', '', 'Liabilities', '0.00', '0.00', 'group', '1', 26, '2023-04-29 09:04:08'),
(595, 0, 2, '3', 'Equity', 'Eitlik', '', 'equity', '0.00', '0.00', 'group', '1', 26, '2023-04-29 09:04:08'),
(596, 0, 5, '4', 'Revenue', 'Haslat', '', 'revenue', '0.00', '0.00', 'group', '1', 26, '2023-04-29 09:04:08'),
(597, 0, 6, '5', 'Cost of Goods Sold', 'Satlan maln maliyeti', '', 'cos', '0.00', '0.00', 'group', '1', 26, '2023-04-29 09:04:08'),
(598, 0, 4, '6', 'Expenses', 'Masraflar', '', 'expenses', '0.00', '0.00', 'group', '1', 26, '2023-04-29 09:04:08'),
(599, 1, 1, '10', 'Current Assets', 'Dnen Varlklar', '', 'current_assets', '0.00', '0.00', 'group', '2', 26, '2023-04-29 09:04:08'),
(600, 1, 1, '12', 'Fixed Assets', 'Sabit kymetler', '', 'fixed_assets', '0.00', '0.00', 'group', '2', 26, '2023-04-29 09:04:08'),
(601, 1, 1, '13', 'Other Assets', 'Dier varlklar', '', 'other_assets', '0.00', '0.00', 'group', '2', 26, '2023-04-29 09:04:08'),
(602, 2, 3, '20', 'Current Liabilities', 'Cari Ykmllkler', '', 'current_liabilities', '0.00', '0.00', 'group', '2', 26, '2023-04-29 09:04:08'),
(603, 2, 3, '21', 'Long Term Liabilities', 'Uzun vadeli ykmllkler', '', 'long_term_liabilities', '0.00', '0.00', 'group', '2', 26, '2023-04-29 09:04:08'),
(604, 3, 2, '30', 'Equity Account', 'z sermaye hesab', '', 'equity_account', '0.00', '0.00', 'group', '2', 26, '2023-04-29 09:04:08'),
(605, 4, 5, '40', 'Revenue Account', 'Gelir hesab', '', 'revenue_account', '0.00', '0.00', 'group', '2', 26, '2023-04-29 09:04:08'),
(606, 5, 6, '50', 'Cost of goods sold', 'Satlan maln maliyeti', '', 'cogs', '0.00', '0.00', 'group', '2', 26, '2023-04-29 09:04:08'),
(607, 6, 4, '60', 'Operative Expenses', 'Ameliyat Giderleri', '', 'operative_expenses', '0.00', '0.00', 'group', '2', 26, '2023-04-29 09:04:08'),
(608, 10, 1, '1001', 'Cash on Hand', 'Eldeki nakit', '', 'cash_hand', '0.00', '0.00', 'detail', '3', 26, '2023-04-29 09:04:08'),
(609, 10, 1, '1002', 'Cash at Bank', 'Bankadaki nakit', '', 'cashatbank', '0.00', '0.00', 'detail', '3', 26, '2023-04-29 09:04:08'),
(610, 10, 1, '1003', 'Accounts Receivable', 'Alacak hesaplar', '', 'accounts_receivable', '0.00', '0.00', 'detail', '3', 26, '2023-04-29 09:04:08'),
(611, 10, 1, '1004', 'Inventory', 'Envanter', '', 'inventory', '0.00', '0.00', 'detail', '3', 26, '2023-04-29 09:04:08'),
(612, 20, 3, '2000', 'Accounts Payable', 'denebilir hesaplar', '', 'accounts_payable', '0.00', '0.00', 'detail', '3', 26, '2023-04-29 09:04:08'),
(613, 20, 3, '2001', 'Sales Tax Payable', 'denecek sat vergisi', '', 'sales_tax', '0.00', '0.00', 'detail', '3', 26, '2023-04-29 09:04:08'),
(614, 30, 2, '3000', 'Capital', 'Bakent', '', 'capital', '0.00', '0.00', 'detail', '3', 26, '2023-04-29 09:04:08'),
(615, 30, 2, '3001', 'Retained Earnings', 'Datlmam krlar', '', 'retained_earnings', '0.00', '0.00', 'detail', '3', 26, '2023-04-29 09:04:08'),
(616, 40, 5, '4000', 'Sales', 'Sat', '', 'sales', '0.00', '0.00', 'detail', '3', 26, '2023-04-29 09:04:08'),
(617, 40, 5, '4001', 'Sales Returns and Allowances', 'Sat adeleri ve Karlklar', '', 'sales_allowances', '0.00', '0.00', 'detail', '3', 26, '2023-04-29 09:04:08'),
(618, 40, 5, '4002', 'Sales Discounts', 'Sat indirimi', '', 'sales_discounts', '0.00', '0.00', 'detail', '3', 26, '2023-04-29 09:04:08'),
(619, 40, 5, '4003', 'Forex Gain Account', 'Forex Kazan Hesab', '', 'forex_gain_acc_code', '0.00', '0.00', 'detail', '3', 26, '2023-04-29 09:04:08'),
(620, 50, 6, '5000', 'Cost of Sales', 'Satlarn maliyeti', '', 'cost_sales', '0.00', '0.00', 'detail', '3', 26, '2023-04-29 09:04:08'),
(621, 50, 6, '5001', 'Purchases', 'Satlarn maliyeti', '', 'purchases', '0.00', '0.00', 'detail', '3', 26, '2023-04-29 09:04:08'),
(622, 50, 6, '5002', 'Purchase Returns and Allowances', 'Satn Alma adeleri ve denekler', '', 'purchase_allowances', '0.00', '0.00', 'detail', '3', 26, '2023-04-29 09:04:08'),
(623, 50, 6, '5003', 'Purchase Discounts', 'Satn Alma ndirimleri', '', 'purchase_discounts', '0.00', '0.00', 'detail', '3', 26, '2023-04-29 09:04:08'),
(624, 60, 4, '6000', 'Store Rent', '    ', '', 'office_expense', '0.00', '0.00', 'detail', '3', 26, '2023-04-29 09:04:08'),
(625, 60, 4, '6001', 'Shop Rent', '    ', '', 'salaries_expense', '0.00', '0.00', 'detail', '3', 26, '2023-04-29 09:04:08'),
(626, 60, 4, '6002', 'Health insurance', '    ', '', 'forex_loss_acc_code', '0.00', '0.00', 'detail', '3', 26, '2023-04-29 09:04:08'),
(627, 0, 1, '1', 'Assets', 'Varlklar', '', 'assets', '0.00', '0.00', 'group', '1', 27, '2023-04-29 09:04:12'),
(628, 0, 3, '2', 'Liabilities', 'ykmllkler', '', 'Liabilities', '0.00', '0.00', 'group', '1', 27, '2023-04-29 09:04:12'),
(629, 0, 2, '3', 'Equity', 'Eitlik', '', 'equity', '0.00', '0.00', 'group', '1', 27, '2023-04-29 09:04:12'),
(630, 0, 5, '4', 'Revenue', 'Haslat', '', 'revenue', '0.00', '0.00', 'group', '1', 27, '2023-04-29 09:04:12'),
(631, 0, 6, '5', 'Cost of Goods Sold', 'Satlan maln maliyeti', '', 'cos', '0.00', '0.00', 'group', '1', 27, '2023-04-29 09:04:12'),
(632, 0, 4, '6', 'Expenses', 'Masraflar', '', 'expenses', '0.00', '0.00', 'group', '1', 27, '2023-04-29 09:04:12'),
(633, 1, 1, '10', 'Current Assets', 'Dnen Varlklar', '', 'current_assets', '0.00', '0.00', 'group', '2', 27, '2023-04-29 09:04:12'),
(634, 1, 1, '12', 'Fixed Assets', 'Sabit kymetler', '', 'fixed_assets', '0.00', '0.00', 'group', '2', 27, '2023-04-29 09:04:12'),
(635, 1, 1, '13', 'Other Assets', 'Dier varlklar', '', 'other_assets', '0.00', '0.00', 'group', '2', 27, '2023-04-29 09:04:12'),
(636, 2, 3, '20', 'Current Liabilities', 'Cari Ykmllkler', '', 'current_liabilities', '0.00', '0.00', 'group', '2', 27, '2023-04-29 09:04:12'),
(637, 2, 3, '21', 'Long Term Liabilities', 'Uzun vadeli ykmllkler', '', 'long_term_liabilities', '0.00', '0.00', 'group', '2', 27, '2023-04-29 09:04:12'),
(638, 3, 2, '30', 'Equity Account', 'z sermaye hesab', '', 'equity_account', '0.00', '0.00', 'group', '2', 27, '2023-04-29 09:04:12'),
(639, 4, 5, '40', 'Revenue Account', 'Gelir hesab', '', 'revenue_account', '0.00', '0.00', 'group', '2', 27, '2023-04-29 09:04:12'),
(640, 5, 6, '50', 'Cost of goods sold', 'Satlan maln maliyeti', '', 'cogs', '0.00', '0.00', 'group', '2', 27, '2023-04-29 09:04:12'),
(641, 6, 4, '60', 'Operative Expenses', 'Ameliyat Giderleri', '', 'operative_expenses', '0.00', '0.00', 'group', '2', 27, '2023-04-29 09:04:12'),
(642, 10, 1, '1001', 'Cash on Hand', 'Eldeki nakit', '', 'cash_hand', '0.00', '0.00', 'detail', '3', 27, '2023-04-29 09:04:12'),
(643, 10, 1, '1002', 'Cash at Bank', 'Bankadaki nakit', '', 'cashatbank', '0.00', '0.00', 'detail', '3', 27, '2023-04-29 09:04:12'),
(644, 10, 1, '1003', 'Accounts Receivable', 'Alacak hesaplar', '', 'accounts_receivable', '0.00', '0.00', 'detail', '3', 27, '2023-04-29 09:04:12'),
(645, 10, 1, '1004', 'Inventory', 'Envanter', '', 'inventory', '0.00', '0.00', 'detail', '3', 27, '2023-04-29 09:04:12'),
(646, 20, 3, '2000', 'Accounts Payable', 'denebilir hesaplar', '', 'accounts_payable', '0.00', '0.00', 'detail', '3', 27, '2023-04-29 09:04:12'),
(647, 20, 3, '2001', 'Sales Tax Payable', 'denecek sat vergisi', '', 'sales_tax', '0.00', '0.00', 'detail', '3', 27, '2023-04-29 09:04:12');
INSERT INTO `acc_groups` (`id`, `parent_code`, `account_type_id`, `account_code`, `title`, `title_ur`, `title_ar`, `name`, `op_balance_dr`, `op_balance_cr`, `type`, `level`, `company_id`, `date_created`) VALUES
(648, 30, 2, '3000', 'Capital', 'Bakent', '', 'capital', '0.00', '0.00', 'detail', '3', 27, '2023-04-29 09:04:12'),
(649, 30, 2, '3001', 'Retained Earnings', 'Datlmam krlar', '', 'retained_earnings', '0.00', '0.00', 'detail', '3', 27, '2023-04-29 09:04:12'),
(650, 40, 5, '4000', 'Sales', 'Sat', '', 'sales', '0.00', '0.00', 'detail', '3', 27, '2023-04-29 09:04:12'),
(651, 40, 5, '4001', 'Sales Returns and Allowances', 'Sat adeleri ve Karlklar', '', 'sales_allowances', '0.00', '0.00', 'detail', '3', 27, '2023-04-29 09:04:12'),
(652, 40, 5, '4002', 'Sales Discounts', 'Sat indirimi', '', 'sales_discounts', '0.00', '0.00', 'detail', '3', 27, '2023-04-29 09:04:12'),
(653, 40, 5, '4003', 'Forex Gain Account', 'Forex Kazan Hesab', '', 'forex_gain_acc_code', '0.00', '0.00', 'detail', '3', 27, '2023-04-29 09:04:12'),
(654, 50, 6, '5000', 'Cost of Sales', 'Satlarn maliyeti', '', 'cost_sales', '0.00', '0.00', 'detail', '3', 27, '2023-04-29 09:04:12'),
(655, 50, 6, '5001', 'Purchases', 'Satlarn maliyeti', '', 'purchases', '0.00', '0.00', 'detail', '3', 27, '2023-04-29 09:04:12'),
(656, 50, 6, '5002', 'Purchase Returns and Allowances', 'Satn Alma adeleri ve denekler', '', 'purchase_allowances', '0.00', '0.00', 'detail', '3', 27, '2023-04-29 09:04:12'),
(657, 50, 6, '5003', 'Purchase Discounts', 'Satn Alma ndirimleri', '', 'purchase_discounts', '0.00', '0.00', 'detail', '3', 27, '2023-04-29 09:04:12'),
(658, 60, 4, '6000', 'Office Expense', 'Ofis harcamalar', '', 'office_expense', '0.00', '0.00', 'detail', '3', 27, '2023-04-29 09:04:12'),
(659, 60, 4, '6001', 'Salaries Expense', 'Maa Gideri', '', 'salaries_expense', '0.00', '0.00', 'detail', '3', 27, '2023-04-29 09:04:12'),
(660, 60, 4, '6002', 'Forex Loss Account', 'Forex Zarar Hesab', '', 'forex_loss_acc_code', '0.00', '0.00', 'detail', '3', 27, '2023-04-29 09:04:12'),
(661, 60, 4, '6003', 'Mobile', '  ', '', '', '0.00', '0.00', 'detail', '3', 26, '2023-04-29 12:24:34'),
(662, 60, 4, '6004', 'Car maintenance ', '   ', '', '', '0.00', '0.00', 'detail', '3', 26, '2023-04-29 12:24:49'),
(663, 60, 4, '6005', 'Electricity', '  ', '', '', '0.00', '0.00', 'detail', '3', 26, '2023-04-29 12:25:08'),
(664, 60, 4, '6006', 'Fine Care', '  ', '', '', '0.00', '0.00', 'detail', '3', 26, '2023-04-29 12:25:38'),
(665, 60, 4, '6007', 'Residence fees', '   ', '', '', '0.00', '0.00', 'detail', '3', 26, '2023-04-29 12:25:56'),
(666, 60, 4, '6008', 'Water', '   ', '', '', '0.00', '0.00', 'detail', '3', 26, '2023-04-29 12:26:22'),
(667, 60, 4, '6009', 'Salaries', '  ', '', '', '0.00', '0.00', 'detail', '3', 26, '2023-04-29 12:26:39'),
(668, 60, 4, '6010', 'pc software-a/c', 'pc software-a/c', '', '', '0.00', '0.00', 'detail', '3', 26, '2023-04-29 12:38:49'),
(669, 0, 1, '1', 'Assets', 'Varlklar', '', 'assets', '0.00', '0.00', 'group', '1', 28, '2023-10-08 13:10:51'),
(670, 0, 3, '2', 'Liabilities', 'ykmllkler', '', 'Liabilities', '0.00', '0.00', 'group', '1', 28, '2023-10-08 13:10:51'),
(671, 0, 2, '3', 'Equity', 'Eitlik', '', 'equity', '0.00', '0.00', 'group', '1', 28, '2023-10-08 13:10:51'),
(672, 0, 5, '4', 'Revenue', 'Haslat', '', 'revenue', '0.00', '0.00', 'group', '1', 28, '2023-10-08 13:10:51'),
(673, 0, 6, '5', 'Cost of Goods Sold', 'Satlan maln maliyeti', '', 'cos', '0.00', '0.00', 'group', '1', 28, '2023-10-08 13:10:51'),
(674, 0, 4, '6', 'Expenses', 'Masraflar', '', 'expenses', '0.00', '0.00', 'group', '1', 28, '2023-10-08 13:10:51'),
(675, 1, 1, '10', 'Current Assets', 'Dnen Varlklar', '', 'current_assets', '0.00', '0.00', 'group', '2', 28, '2023-10-08 13:10:51'),
(676, 1, 1, '12', 'Fixed Assets', 'Sabit kymetler', '', 'fixed_assets', '0.00', '0.00', 'group', '2', 28, '2023-10-08 13:10:51'),
(677, 1, 1, '13', 'Other Assets', 'Dier varlklar', '', 'other_assets', '0.00', '0.00', 'group', '2', 28, '2023-10-08 13:10:51'),
(678, 2, 3, '20', 'Current Liabilities', 'Cari Ykmllkler', '', 'current_liabilities', '0.00', '0.00', 'group', '2', 28, '2023-10-08 13:10:51'),
(679, 2, 3, '21', 'Long Term Liabilities', 'Uzun vadeli ykmllkler', '', 'long_term_liabilities', '0.00', '0.00', 'group', '2', 28, '2023-10-08 13:10:51'),
(680, 3, 2, '30', 'Equity Account', 'z sermaye hesab', '', 'equity_account', '0.00', '0.00', 'group', '2', 28, '2023-10-08 13:10:51'),
(681, 4, 5, '40', 'Revenue Account', 'Gelir hesab', '', 'revenue_account', '0.00', '0.00', 'group', '2', 28, '2023-10-08 13:10:51'),
(682, 5, 6, '50', 'Cost of goods sold', 'Satlan maln maliyeti', '', 'cogs', '0.00', '0.00', 'group', '2', 28, '2023-10-08 13:10:51'),
(683, 6, 4, '60', 'Operative Expenses', 'Ameliyat Giderleri', '', 'operative_expenses', '0.00', '0.00', 'group', '2', 28, '2023-10-08 13:10:51'),
(684, 10, 1, '1001', 'Cash on Hand', 'Eldeki nakit', '', 'cash_hand', '0.00', '0.00', 'detail', '3', 28, '2023-10-08 13:10:51'),
(685, 10, 1, '1002', 'Cash at Bank', 'Bankadaki nakit', '', 'cashatbank', '0.00', '0.00', 'detail', '3', 28, '2023-10-08 13:10:51'),
(686, 10, 1, '1003', 'Accounts Receivable', 'Alacak hesaplar', '', 'accounts_receivable', '0.00', '0.00', 'detail', '3', 28, '2023-10-08 13:10:51'),
(687, 10, 1, '1004', 'Inventory', 'Envanter', '', 'inventory', '0.00', '0.00', 'detail', '3', 28, '2023-10-08 13:10:51'),
(688, 20, 3, '2000', 'Accounts Payable', 'denebilir hesaplar', '', 'accounts_payable', '0.00', '0.00', 'detail', '3', 28, '2023-10-08 13:10:51'),
(689, 20, 3, '2001', 'Sales Tax Payable', 'denecek sat vergisi', '', 'sales_tax', '0.00', '0.00', 'detail', '3', 28, '2023-10-08 13:10:51'),
(690, 30, 2, '3000', 'Capital', 'Bakent', '', 'capital', '0.00', '0.00', 'detail', '3', 28, '2023-10-08 13:10:51'),
(691, 30, 2, '3001', 'Retained Earnings', 'Datlmam krlar', '', 'retained_earnings', '0.00', '0.00', 'detail', '3', 28, '2023-10-08 13:10:51'),
(692, 40, 5, '4000', 'Sales', 'Sat', '', 'sales', '0.00', '0.00', 'detail', '3', 28, '2023-10-08 13:10:51'),
(693, 40, 5, '4001', 'Sales Returns and Allowances', 'Sat adeleri ve Karlklar', '', 'sales_allowances', '0.00', '0.00', 'detail', '3', 28, '2023-10-08 13:10:51'),
(694, 40, 5, '4002', 'Sales Discounts', 'Sat indirimi', '', 'sales_discounts', '0.00', '0.00', 'detail', '3', 28, '2023-10-08 13:10:51'),
(695, 40, 5, '4003', 'Forex Gain Account', 'Forex Kazan Hesab', '', 'forex_gain_acc_code', '0.00', '0.00', 'detail', '3', 28, '2023-10-08 13:10:51'),
(696, 50, 6, '5000', 'Cost of Sales', 'Satlarn maliyeti', '', 'cost_sales', '0.00', '0.00', 'detail', '3', 28, '2023-10-08 13:10:51'),
(697, 50, 6, '5001', 'Purchases', 'Satlarn maliyeti', '', 'purchases', '0.00', '0.00', 'detail', '3', 28, '2023-10-08 13:10:51'),
(698, 50, 6, '5002', 'Purchase Returns and Allowances', 'Satn Alma adeleri ve denekler', '', 'purchase_allowances', '0.00', '0.00', 'detail', '3', 28, '2023-10-08 13:10:51'),
(699, 50, 6, '5003', 'Purchase Discounts', 'Satn Alma ndirimleri', '', 'purchase_discounts', '0.00', '0.00', 'detail', '3', 28, '2023-10-08 13:10:51'),
(700, 60, 4, '6000', 'Office Expense', 'Ofis harcamalar', '', 'office_expense', '0.00', '0.00', 'detail', '3', 28, '2023-10-08 13:10:51'),
(701, 60, 4, '6001', 'Salaries Expense', 'Maa Gideri', '', 'salaries_expense', '0.00', '0.00', 'detail', '3', 28, '2023-10-08 13:10:51'),
(702, 60, 4, '6002', 'Forex Loss Account', 'Forex Zarar Hesab', '', 'forex_loss_acc_code', '0.00', '0.00', 'detail', '3', 28, '2023-10-08 13:10:51');

-- --------------------------------------------------------

--
-- Table structure for table `acc_ledgers`
--

CREATE TABLE `acc_ledgers` (
  `id` int(11) NOT NULL,
  `group_id` int(11) NOT NULL,
  `title` varchar(255) NOT NULL,
  `name` varchar(100) NOT NULL,
  `op_dr_balance` decimal(15,2) NOT NULL DEFAULT '0.00',
  `op_cr_balance` decimal(15,2) NOT NULL DEFAULT '0.00',
  `type` int(2) NOT NULL DEFAULT '0',
  `reconciliation` int(1) NOT NULL,
  `company_id` int(255) NOT NULL,
  `affects_gross` int(12) DEFAULT NULL,
  `date_created` datetime NOT NULL
) ENGINE=InnoDB DEFAULT CHARSET=utf8;

-- --------------------------------------------------------

--
-- Table structure for table `acc_payments`
--

CREATE TABLE `acc_payments` (
  `id` int(10) NOT NULL,
  `invoice_no` varchar(100) NOT NULL,
  `payment_time` timestamp NOT NULL DEFAULT CURRENT_TIMESTAMP,
  `company_id` int(255) NOT NULL,
  `employee_id` int(10) NOT NULL DEFAULT '0',
  `comment` text NOT NULL,
  `payment_date` date NOT NULL,
  `description` text,
  `name` varchar(100) NOT NULL,
  `amount` double(10,4) NOT NULL,
  `account_code` varchar(100) NOT NULL,
  `tax_id` int(11) NOT NULL DEFAULT '0',
  `tax_rate` decimal(10,3) NOT NULL DEFAULT '0.000',
  `tax_amount` decimal(10,3) NOT NULL DEFAULT '0.000',
  `supplier_invoice_no` varchar(100) DEFAULT NULL,
  `entry_id` int(11) NOT NULL DEFAULT '0'
) ENGINE=InnoDB DEFAULT CHARSET=utf8;

-- --------------------------------------------------------

--
-- Table structure for table `acc_transfer`
--

CREATE TABLE `acc_transfer` (
  `id` int(11) NOT NULL,
  `invoice_no` varchar(255) DEFAULT NULL,
  `account_code` varchar(100) NOT NULL,
  `dueTo_acc_code` varchar(100) NOT NULL,
  `ref_account_id` int(20) DEFAULT '0' COMMENT 'it will be customer, supp or bank id',
  `entry_id` int(11) DEFAULT NULL,
  `entry_no` varchar(50) DEFAULT NULL,
  `reconciliation_date` datetime DEFAULT NULL,
  `debit` double(18,4) NOT NULL,
  `credit` double(18,4) NOT NULL,
  `employee_id` int(100) NOT NULL,
  `date` date NOT NULL,
  `narration` varchar(255) DEFAULT NULL,
  `narration_ur` text NOT NULL,
  `created_on` timestamp NOT NULL DEFAULT CURRENT_TIMESTAMP,
  `company_id` int(20) NOT NULL,
  `is_cust` tinyint(1) DEFAULT '0',
  `is_supp` tinyint(1) DEFAULT '0',
  `is_bank` tinyint(1) DEFAULT '0',
  `user_id` int(11) DEFAULT NULL
) ENGINE=InnoDB DEFAULT CHARSET=utf8;

--
-- Dumping data for table `acc_transfer`
--

INSERT INTO `acc_transfer` (`id`, `invoice_no`, `account_code`, `dueTo_acc_code`, `ref_account_id`, `entry_id`, `entry_no`, `reconciliation_date`, `debit`, `credit`, `employee_id`, `date`, `narration`, `narration_ur`, `created_on`, `company_id`, `is_cust`, `is_supp`, `is_bank`, `user_id`) VALUES
(297, 'JV15', '1004', '', 0, NULL, NULL, NULL, 6777.0000, 0.0000, 0, '2022-12-15', '', '', '2022-12-15 16:05:09', 21, 0, 0, 0, 12),
(298, 'JV15', '1001', '', 0, NULL, NULL, NULL, 0.0000, 6777.0000, 0, '2022-12-15', '', '', '2022-12-15 16:05:09', 21, 0, 0, 0, 12),
(301, 'JV17', '1008', '', 0, NULL, NULL, NULL, 9000.0000, 0.0000, 0, '2022-12-15', '', '', '2022-12-15 16:05:56', 21, 0, 0, 0, 12),
(302, 'JV17', '1003', '', 0, NULL, NULL, NULL, 0.0000, 9000.0000, 0, '2022-12-15', '', '', '2022-12-15 16:05:56', 21, 0, 0, 0, 12),
(303, 'JV18', '3000', '', 0, NULL, NULL, NULL, 399.0000, 0.0000, 0, '2022-12-15', '', '', '2022-12-15 16:12:02', 21, 0, 0, 0, 12),
(304, 'JV18', '1001', '', 0, NULL, NULL, NULL, 0.0000, 399.0000, 0, '2022-12-15', '', '', '2022-12-15 16:12:02', 21, 0, 0, 0, 12);

-- --------------------------------------------------------

--
-- Table structure for table `calendar_days`
--

CREATE TABLE `calendar_days` (
  `id` int(255) NOT NULL,
  `day` date NOT NULL,
  `year` int(255) NOT NULL,
  `month` int(255) NOT NULL,
  `day_of_month` int(244) NOT NULL,
  `day_of_week` int(255) NOT NULL,
  `quarter` int(255) NOT NULL,
  `business_day` tinyint(1) NOT NULL,
  `week_day` tinyint(1) NOT NULL,
  `company_id` int(255) NOT NULL
) ENGINE=InnoDB DEFAULT CHARSET=utf8 COLLATE=utf8_unicode_ci;

-- --------------------------------------------------------

--
-- Table structure for table `ci_sessions`
--

CREATE TABLE `ci_sessions` (
  `id` varchar(128) COLLATE utf8_unicode_ci NOT NULL,
  `ip_address` varchar(45) COLLATE utf8_unicode_ci NOT NULL,
  `timestamp` int(10) UNSIGNED NOT NULL DEFAULT '0',
  `data` blob NOT NULL
) ENGINE=InnoDB DEFAULT CHARSET=utf8 COLLATE=utf8_unicode_ci;

--
-- Dumping data for table `ci_sessions`
--

INSERT INTO `ci_sessions` (`id`, `ip_address`, `timestamp`, `data`) VALUES
('05jr0p6ig35j48qrm3hhl02njn7gb6uq', '::1', 1705513673, 0x5f5f63695f6c6173745f726567656e65726174657c693a313730353531333637333b757365726e616d657c733a353a2261646d696e223b757365725f69647c733a323a223132223b66756c6c5f6e616d657c733a343a2264656d6f223b726f6c657c733a353a2261646d696e223b636f6d70616e795f69647c733a323a223231223b636f6d70616e795f6e616d657c733a373a226b6173626f6f6b223b74696d655f7a6f6e657c733a31323a22417369612f4b617261636869223b6d756c74695f63757272656e63797c733a313a2230223b686f6d655f63757272656e63795f636f64657c733a333a22504b52223b686f6d655f63757272656e63795f73796d626f6c7c733a333a22e282a8223b66795f796561727c733a343a2232303231223b66795f73746172745f646174657c733a31303a22323032302d30312d3031223b66795f656e645f646174657c733a31303a22323032362d31322d3331223b6c616e677c733a323a22656e223b),
('0u8fhbtc8uoarq0nge3vab2mlqajtren', '::1', 1706018483, 0x5f5f63695f6c6173745f726567656e65726174657c693a313730363031383438333b6c616e677c733a323a22656e223b),
('39rc4s1fdq6mosrovjdj6mfllarf1o7i', '::1', 1705507520, 0x5f5f63695f6c6173745f726567656e65726174657c693a313730353530373532303b757365726e616d657c733a353a2261646d696e223b757365725f69647c733a323a223132223b66756c6c5f6e616d657c733a343a2264656d6f223b726f6c657c733a353a2261646d696e223b636f6d70616e795f69647c733a323a223231223b636f6d70616e795f6e616d657c733a373a226b6173626f6f6b223b74696d655f7a6f6e657c733a31323a22417369612f4b617261636869223b6d756c74695f63757272656e63797c733a313a2230223b686f6d655f63757272656e63795f636f64657c733a333a22504b52223b686f6d655f63757272656e63795f73796d626f6c7c733a333a22e282a8223b66795f796561727c733a343a2232303231223b66795f73746172745f646174657c733a31303a22323032302d30312d3031223b66795f656e645f646174657c733a31303a22323032362d31322d3331223b6c616e677c733a323a22656e223b6d6573736167657c733a33343a224a6f75726e616c20456e74726965732044656c6574656420496e76233a204a563230223b5f5f63695f766172737c613a313a7b733a373a226d657373616765223b733a333a226f6c64223b7d),
('67gedf7b6688c43c57qf3crdni0f33lp', '::1', 1705506824, 0x5f5f63695f6c6173745f726567656e65726174657c693a313730353530363832343b757365726e616d657c733a353a2261646d696e223b757365725f69647c733a323a223132223b66756c6c5f6e616d657c733a343a2264656d6f223b726f6c657c733a353a2261646d696e223b636f6d70616e795f69647c733a323a223231223b636f6d70616e795f6e616d657c733a373a226b6173626f6f6b223b74696d655f7a6f6e657c733a31323a22417369612f4b617261636869223b6d756c74695f63757272656e63797c733a313a2230223b686f6d655f63757272656e63795f636f64657c733a333a22504b52223b686f6d655f63757272656e63795f73796d626f6c7c733a333a22e282a8223b66795f796561727c733a343a2232303231223b66795f73746172745f646174657c733a31303a22323032302d30312d3031223b66795f656e645f646174657c733a31303a22323032362d31322d3331223b6c616e677c733a323a22656e223b),
('69nu8585n5jhrern7gle7te02tqjj8nu', '::1', 1706115531, 0x5f5f63695f6c6173745f726567656e65726174657c693a313730363131343531383b6c616e677c733a323a22656e223b),
('6cukqiaku01uva9taesaf30sf2ths5pj', '::1', 1705946959, 0x5f5f63695f6c6173745f726567656e65726174657c693a313730353934363935353b757365726e616d657c733a353a2261646d696e223b757365725f69647c733a323a223132223b66756c6c5f6e616d657c733a343a2264656d6f223b726f6c657c733a353a2261646d696e223b636f6d70616e795f69647c733a323a223231223b636f6d70616e795f6e616d657c733a373a226b6173626f6f6b223b74696d655f7a6f6e657c733a31323a22417369612f4b617261636869223b6d756c74695f63757272656e63797c733a313a2230223b686f6d655f63757272656e63795f636f64657c733a333a22504b52223b686f6d655f63757272656e63795f73796d626f6c7c733a333a22e282a8223b66795f796561727c733a343a2232303231223b66795f73746172745f646174657c733a31303a22323032302d30312d3031223b66795f656e645f646174657c733a31303a22323032362d31322d3331223b6c616e677c733a323a22656e223b),
('6mhd65ddd54vl8n75aagkd83h88r3udp', '::1', 1705580630, 0x5f5f63695f6c6173745f726567656e65726174657c693a313730353538303633303b6c616e677c733a323a22656e223b757365726e616d657c733a353a2261646d696e223b757365725f69647c733a323a223132223b66756c6c5f6e616d657c733a343a2264656d6f223b726f6c657c733a353a2261646d696e223b636f6d70616e795f69647c733a323a223231223b636f6d70616e795f6e616d657c733a373a226b6173626f6f6b223b74696d655f7a6f6e657c733a31323a22417369612f4b617261636869223b6d756c74695f63757272656e63797c733a313a2230223b686f6d655f63757272656e63795f636f64657c733a333a22504b52223b686f6d655f63757272656e63795f73796d626f6c7c733a333a22e282a8223b66795f796561727c733a343a2232303231223b66795f73746172745f646174657c733a31303a22323032302d30312d3031223b66795f656e645f646174657c733a31303a22323032362d31322d3331223b),
('7b4h508s5881l403r06oq87bgmhh1nta', '::1', 1705691707, 0x5f5f63695f6c6173745f726567656e65726174657c693a313730353639313730373b6c616e677c733a323a22656e223b757365726e616d657c733a353a2261646d696e223b757365725f69647c733a323a223132223b66756c6c5f6e616d657c733a343a2264656d6f223b726f6c657c733a353a2261646d696e223b636f6d70616e795f69647c733a323a223231223b636f6d70616e795f6e616d657c733a373a226b6173626f6f6b223b74696d655f7a6f6e657c733a31323a22417369612f4b617261636869223b6d756c74695f63757272656e63797c733a313a2230223b686f6d655f63757272656e63795f636f64657c733a333a22504b52223b686f6d655f63757272656e63795f73796d626f6c7c733a333a22e282a8223b66795f796561727c733a343a2232303231223b66795f73746172745f646174657c733a31303a22323032302d30312d3031223b66795f656e645f646174657c733a31303a22323032362d31322d3331223b),
('7bmp4q4mlarfa4taog8vh8cevo5euil7', '::1', 1705856448, ''),
('7rvli4213tdobbjpesg59hnuvmtb518t', '::1', 1706359333, 0x5f5f63695f6c6173745f726567656e65726174657c693a313730363335393333333b757365725f69647c733a323a223132223b66756c6c5f6e616d657c733a343a2264656d6f223b74696d655f7a6f6e657c733a31323a22417369612f4b617261636869223b66795f796561727c733a343a2232303231223b66795f73746172745f646174657c733a31303a22323032302d30312d3031223b66795f656e645f646174657c733a31303a22323032362d31322d3331223b6c616e677c733a323a22656e223b6572726f727c733a32363a22596f752068617665206265656e206c6f67676564206f75742e21223b5f5f63695f766172737c613a313a7b733a353a226572726f72223b733a333a226f6c64223b7d),
('8pifmu31p2v4ud8c0k9e2rvbafk7t9pu', '::1', 1705691707, 0x5f5f63695f6c6173745f726567656e65726174657c693a313730353639313730373b6c616e677c733a323a22656e223b757365726e616d657c733a353a2261646d696e223b757365725f69647c733a323a223132223b66756c6c5f6e616d657c733a343a2264656d6f223b726f6c657c733a353a2261646d696e223b636f6d70616e795f69647c733a323a223231223b636f6d70616e795f6e616d657c733a373a226b6173626f6f6b223b74696d655f7a6f6e657c733a31323a22417369612f4b617261636869223b6d756c74695f63757272656e63797c733a313a2230223b686f6d655f63757272656e63795f636f64657c733a333a22504b52223b686f6d655f63757272656e63795f73796d626f6c7c733a333a22e282a8223b66795f796561727c733a343a2232303231223b66795f73746172745f646174657c733a31303a22323032302d30312d3031223b66795f656e645f646174657c733a31303a22323032362d31322d3331223b),
('9ueuqtisgvtbnqjv5cgb2l36kpebet8g', '::1', 1705839437, 0x5f5f63695f6c6173745f726567656e65726174657c693a313730353833393432353b6c616e677c733a323a22656e223b),
('af22qgi2fplkse8c93sb2unuh22db4r5', '::1', 1705942311, 0x5f5f63695f6c6173745f726567656e65726174657c693a313730353934323331313b757365726e616d657c733a353a2261646d696e223b757365725f69647c733a323a223132223b66756c6c5f6e616d657c733a343a2264656d6f223b726f6c657c733a353a2261646d696e223b636f6d70616e795f69647c733a323a223231223b636f6d70616e795f6e616d657c733a373a226b6173626f6f6b223b74696d655f7a6f6e657c733a31323a22417369612f4b617261636869223b6d756c74695f63757272656e63797c733a313a2230223b686f6d655f63757272656e63795f636f64657c733a333a22504b52223b686f6d655f63757272656e63795f73796d626f6c7c733a333a22e282a8223b66795f796561727c733a343a2232303231223b66795f73746172745f646174657c733a31303a22323032302d30312d3031223b66795f656e645f646174657c733a31303a22323032362d31322d3331223b6c616e677c733a323a22656e223b),
('ailtv8me3to9vfphf41t36f0u1a6q4nk', '::1', 1705514678, 0x5f5f63695f6c6173745f726567656e65726174657c693a313730353531343431363b757365726e616d657c733a353a2261646d696e223b757365725f69647c733a323a223132223b66756c6c5f6e616d657c733a343a2264656d6f223b726f6c657c733a353a2261646d696e223b636f6d70616e795f69647c733a323a223231223b636f6d70616e795f6e616d657c733a373a226b6173626f6f6b223b74696d655f7a6f6e657c733a31323a22417369612f4b617261636869223b6d756c74695f63757272656e63797c733a313a2230223b686f6d655f63757272656e63795f636f64657c733a333a22504b52223b686f6d655f63757272656e63795f73796d626f6c7c733a333a22e282a8223b66795f796561727c733a343a2232303231223b66795f73746172745f646174657c733a31303a22323032302d30312d3031223b66795f656e645f646174657c733a31303a22323032362d31322d3331223b6c616e677c733a323a22656e223b),
('bi05uv57r2f2eaet7p5e5qqlcdo7sa11', '::1', 1707240081, 0x5f5f63695f6c6173745f726567656e65726174657c693a313730373234303037383b757365726e616d657c733a353a2261646d696e223b757365725f69647c733a323a223132223b66756c6c5f6e616d657c733a343a2264656d6f223b726f6c657c733a353a2261646d696e223b636f6d70616e795f69647c733a323a223231223b636f6d70616e795f6e616d657c733a373a226b6173626f6f6b223b74696d655f7a6f6e657c733a31323a22417369612f4b617261636869223b6d756c74695f63757272656e63797c733a313a2230223b686f6d655f63757272656e63795f636f64657c733a333a22504b52223b686f6d655f63757272656e63795f73796d626f6c7c733a333a22e282a8223b66795f796561727c733a343a2232303231223b66795f73746172745f646174657c733a31303a22323032302d30312d3031223b66795f656e645f646174657c733a31303a22323032362d31322d3331223b6c616e677c733a323a22656e223b),
('crkbie8mtl8ltdi6c56lvsa1ujah7qfs', '::1', 1705932145, 0x5f5f63695f6c6173745f726567656e65726174657c693a313730353933323134323b),
('d02j89f5m81j5gfef9lqir2ths5jberr', '::1', 1708352947, 0x5f5f63695f6c6173745f726567656e65726174657c693a313730383335323835393b757365726e616d657c733a353a2261646d696e223b757365725f69647c733a323a223132223b66756c6c5f6e616d657c733a343a2264656d6f223b726f6c657c733a353a2261646d696e223b636f6d70616e795f69647c733a323a223231223b636f6d70616e795f6e616d657c733a373a226b6173626f6f6b223b74696d655f7a6f6e657c733a31323a22417369612f4b617261636869223b6d756c74695f63757272656e63797c733a313a2230223b686f6d655f63757272656e63795f636f64657c733a333a22504b52223b686f6d655f63757272656e63795f73796d626f6c7c733a333a22e282a8223b66795f796561727c733a343a2232303231223b66795f73746172745f646174657c733a31303a22323032302d30312d3031223b66795f656e645f646174657c733a31303a22323032362d31322d3331223b6c616e677c733a323a22656e223b6d6573736167657c733a32333a225061796d656e7420656e74727920636f6d706c65746564223b5f5f63695f766172737c613a313a7b733a373a226d657373616765223b733a333a226f6c64223b7d),
('dgifogfeo9hgp5bii0vsgjm26a8669gg', '::1', 1705512644, 0x5f5f63695f6c6173745f726567656e65726174657c693a313730353531323634343b757365726e616d657c733a353a2261646d696e223b757365725f69647c733a323a223132223b66756c6c5f6e616d657c733a343a2264656d6f223b726f6c657c733a353a2261646d696e223b636f6d70616e795f69647c733a323a223231223b636f6d70616e795f6e616d657c733a373a226b6173626f6f6b223b74696d655f7a6f6e657c733a31323a22417369612f4b617261636869223b6d756c74695f63757272656e63797c733a313a2230223b686f6d655f63757272656e63795f636f64657c733a333a22504b52223b686f6d655f63757272656e63795f73796d626f6c7c733a333a22e282a8223b66795f796561727c733a343a2232303231223b66795f73746172745f646174657c733a31303a22323032302d30312d3031223b66795f656e645f646174657c733a31303a22323032362d31322d3331223b6c616e677c733a323a22656e223b),
('eaigbn5eqfdqphjhnu930p4endb6c05m', '::1', 1706288333, 0x5f5f63695f6c6173745f726567656e65726174657c693a313730363238383332373b),
('eb1dn9gb7idf9j8s4aokmbng8f0i028e', '::1', 1705507887, 0x5f5f63695f6c6173745f726567656e65726174657c693a313730353530373838373b757365726e616d657c733a353a2261646d696e223b757365725f69647c733a323a223132223b66756c6c5f6e616d657c733a343a2264656d6f223b726f6c657c733a353a2261646d696e223b636f6d70616e795f69647c733a323a223231223b636f6d70616e795f6e616d657c733a373a226b6173626f6f6b223b74696d655f7a6f6e657c733a31323a22417369612f4b617261636869223b6d756c74695f63757272656e63797c733a313a2230223b686f6d655f63757272656e63795f636f64657c733a333a22504b52223b686f6d655f63757272656e63795f73796d626f6c7c733a333a22e282a8223b66795f796561727c733a343a2232303231223b66795f73746172745f646174657c733a31303a22323032302d30312d3031223b66795f656e645f646174657c733a31303a22323032362d31322d3331223b6c616e677c733a323a22656e223b),
('ebs1ogdav2r50150obcnpljo86c510t7', '::1', 1707325315, 0x5f5f63695f6c6173745f726567656e65726174657c693a313730373332353331313b6c616e677c733a323a22656e223b),
('eem9169edgquhthc67gvjqev4sou4fe3', '::1', 1705580303, 0x5f5f63695f6c6173745f726567656e65726174657c693a313730353538303330333b6c616e677c733a323a22656e223b757365726e616d657c733a353a2261646d696e223b757365725f69647c733a323a223132223b66756c6c5f6e616d657c733a343a2264656d6f223b726f6c657c733a353a2261646d696e223b636f6d70616e795f69647c733a323a223231223b636f6d70616e795f6e616d657c733a373a226b6173626f6f6b223b74696d655f7a6f6e657c733a31323a22417369612f4b617261636869223b6d756c74695f63757272656e63797c733a313a2230223b686f6d655f63757272656e63795f636f64657c733a333a22504b52223b686f6d655f63757272656e63795f73796d626f6c7c733a333a22e282a8223b66795f796561727c733a343a2232303231223b66795f73746172745f646174657c733a31303a22323032302d30312d3031223b66795f656e645f646174657c733a31303a22323032362d31322d3331223b),
('ft9q1idekl8hvh02180okdf7loikk9qm', '::1', 1707549109, 0x5f5f63695f6c6173745f726567656e65726174657c693a313730373534393130353b),
('g0bsd8mc91il7g194l82j44tclv7qih3', '::1', 1706359002, 0x5f5f63695f6c6173745f726567656e65726174657c693a313730363335393030323b757365726e616d657c733a353a2261646d696e223b757365725f69647c733a323a223132223b66756c6c5f6e616d657c733a343a2264656d6f223b726f6c657c733a353a2261646d696e223b636f6d70616e795f69647c733a323a223231223b636f6d70616e795f6e616d657c733a373a226b6173626f6f6b223b74696d655f7a6f6e657c733a31323a22417369612f4b617261636869223b6d756c74695f63757272656e63797c733a313a2230223b686f6d655f63757272656e63795f636f64657c733a333a22504b52223b686f6d655f63757272656e63795f73796d626f6c7c733a333a22e282a8223b66795f796561727c733a343a2232303231223b66795f73746172745f646174657c733a31303a22323032302d30312d3031223b66795f656e645f646174657c733a31303a22323032362d31322d3331223b6c616e677c733a323a22656e223b),
('g4va4nfro80mbo2modv9fnvmtt5gnp3k', '::1', 1705941954, 0x5f5f63695f6c6173745f726567656e65726174657c693a313730353934313935343b757365726e616d657c733a353a2261646d696e223b757365725f69647c733a323a223132223b66756c6c5f6e616d657c733a343a2264656d6f223b726f6c657c733a353a2261646d696e223b636f6d70616e795f69647c733a323a223231223b636f6d70616e795f6e616d657c733a373a226b6173626f6f6b223b74696d655f7a6f6e657c733a31323a22417369612f4b617261636869223b6d756c74695f63757272656e63797c733a313a2230223b686f6d655f63757272656e63795f636f64657c733a333a22504b52223b686f6d655f63757272656e63795f73796d626f6c7c733a333a22e282a8223b66795f796561727c733a343a2232303231223b66795f73746172745f646174657c733a31303a22323032302d30312d3031223b66795f656e645f646174657c733a31303a22323032362d31322d3331223b6c616e677c733a323a22656e223b),
('gjt9sea5df4mvk1riumsc2b0oktqtpn9', '::1', 1706716481, 0x5f5f63695f6c6173745f726567656e65726174657c693a313730363731363435363b757365726e616d657c733a353a2261646d696e223b757365725f69647c733a323a223132223b66756c6c5f6e616d657c733a343a2264656d6f223b726f6c657c733a353a2261646d696e223b636f6d70616e795f69647c733a323a223231223b636f6d70616e795f6e616d657c733a373a226b6173626f6f6b223b74696d655f7a6f6e657c733a31323a22417369612f4b617261636869223b6d756c74695f63757272656e63797c733a313a2230223b686f6d655f63757272656e63795f636f64657c733a333a22504b52223b686f6d655f63757272656e63795f73796d626f6c7c733a333a22e282a8223b66795f796561727c733a343a2232303231223b66795f73746172745f646174657c733a31303a22323032302d30312d3031223b66795f656e645f646174657c733a31303a22323032362d31322d3331223b6c616e677c733a323a22656e223b),
('hr6690unl2m98uulbodkpeaenia85shj', '::1', 1705506169, 0x5f5f63695f6c6173745f726567656e65726174657c693a313730353530363136393b757365726e616d657c733a353a2261646d696e223b757365725f69647c733a323a223132223b66756c6c5f6e616d657c733a343a2264656d6f223b726f6c657c733a353a2261646d696e223b636f6d70616e795f69647c733a323a223231223b636f6d70616e795f6e616d657c733a373a226b6173626f6f6b223b74696d655f7a6f6e657c733a31323a22417369612f4b617261636869223b6d756c74695f63757272656e63797c733a313a2230223b686f6d655f63757272656e63795f636f64657c733a333a22504b52223b686f6d655f63757272656e63795f73796d626f6c7c733a333a22e282a8223b66795f796561727c733a343a2232303231223b66795f73746172745f646174657c733a31303a22323032302d30312d3031223b66795f656e645f646174657c733a31303a22323032362d31322d3331223b6c616e677c733a323a22656e223b),
('io7p2i9at1j81ev3ehoagi4kpl111rvn', '::1', 1705946955, 0x5f5f63695f6c6173745f726567656e65726174657c693a313730353934363935353b757365726e616d657c733a353a2261646d696e223b757365725f69647c733a323a223132223b66756c6c5f6e616d657c733a343a2264656d6f223b726f6c657c733a353a2261646d696e223b636f6d70616e795f69647c733a323a223231223b636f6d70616e795f6e616d657c733a373a226b6173626f6f6b223b74696d655f7a6f6e657c733a31323a22417369612f4b617261636869223b6d756c74695f63757272656e63797c733a313a2230223b686f6d655f63757272656e63795f636f64657c733a333a22504b52223b686f6d655f63757272656e63795f73796d626f6c7c733a333a22e282a8223b66795f796561727c733a343a2232303231223b66795f73746172745f646174657c733a31303a22323032302d30312d3031223b66795f656e645f646174657c733a31303a22323032362d31322d3331223b6c616e677c733a323a22656e223b),
('jdfstjlga0aftjuuh5mes8mvb5oubf0i', '::1', 1707240079, 0x5f5f63695f6c6173745f726567656e65726174657c693a313730373234303037383b757365726e616d657c733a353a2261646d696e223b757365725f69647c733a323a223132223b66756c6c5f6e616d657c733a343a2264656d6f223b726f6c657c733a353a2261646d696e223b636f6d70616e795f69647c733a323a223231223b636f6d70616e795f6e616d657c733a373a226b6173626f6f6b223b74696d655f7a6f6e657c733a31323a22417369612f4b617261636869223b6d756c74695f63757272656e63797c733a313a2230223b686f6d655f63757272656e63795f636f64657c733a333a22504b52223b686f6d655f63757272656e63795f73796d626f6c7c733a333a22e282a8223b66795f796561727c733a343a2232303231223b66795f73746172745f646174657c733a31303a22323032302d30312d3031223b66795f656e645f646174657c733a31303a22323032362d31322d3331223b6c616e677c733a323a22656e223b),
('jigojvklo57rsof4s2oo0bi2a7pbnl1v', '::1', 1706019225, 0x5f5f63695f6c6173745f726567656e65726174657c693a313730363031393231383b6c616e677c733a323a22656e223b757365726e616d657c733a353a2261646d696e223b757365725f69647c733a323a223132223b66756c6c5f6e616d657c733a343a2264656d6f223b726f6c657c733a353a2261646d696e223b636f6d70616e795f69647c733a323a223231223b636f6d70616e795f6e616d657c733a373a226b6173626f6f6b223b74696d655f7a6f6e657c733a31323a22417369612f4b617261636869223b6d756c74695f63757272656e63797c733a313a2230223b686f6d655f63757272656e63795f636f64657c733a333a22504b52223b686f6d655f63757272656e63795f73796d626f6c7c733a333a22e282a8223b66795f796561727c733a343a2232303231223b66795f73746172745f646174657c733a31303a22323032302d30312d3031223b66795f656e645f646174657c733a31303a22323032362d31322d3331223b),
('kji3hf87dtv2ar9i5mp0obn9b19prkab', '::1', 1705601720, 0x5f5f63695f6c6173745f726567656e65726174657c693a313730353630313731353b6c616e677c733a323a22656e223b757365726e616d657c733a353a2261646d696e223b757365725f69647c733a323a223132223b66756c6c5f6e616d657c733a343a2264656d6f223b726f6c657c733a353a2261646d696e223b636f6d70616e795f69647c733a323a223231223b636f6d70616e795f6e616d657c733a373a226b6173626f6f6b223b74696d655f7a6f6e657c733a31323a22417369612f4b617261636869223b6d756c74695f63757272656e63797c733a313a2230223b686f6d655f63757272656e63795f636f64657c733a333a22504b52223b686f6d655f63757272656e63795f73796d626f6c7c733a333a22e282a8223b66795f796561727c733a343a2232303231223b66795f73746172745f646174657c733a31303a22323032302d30312d3031223b66795f656e645f646174657c733a31303a22323032362d31322d3331223b),
('lq8t8svrqhmjpudo6g0bh9o48p1fpnnq', '::1', 1705514416, 0x5f5f63695f6c6173745f726567656e65726174657c693a313730353531343431363b757365726e616d657c733a353a2261646d696e223b757365725f69647c733a323a223132223b66756c6c5f6e616d657c733a343a2264656d6f223b726f6c657c733a353a2261646d696e223b636f6d70616e795f69647c733a323a223231223b636f6d70616e795f6e616d657c733a373a226b6173626f6f6b223b74696d655f7a6f6e657c733a31323a22417369612f4b617261636869223b6d756c74695f63757272656e63797c733a313a2230223b686f6d655f63757272656e63795f636f64657c733a333a22504b52223b686f6d655f63757272656e63795f73796d626f6c7c733a333a22e282a8223b66795f796561727c733a343a2232303231223b66795f73746172745f646174657c733a31303a22323032302d30312d3031223b66795f656e645f646174657c733a31303a22323032362d31322d3331223b6c616e677c733a323a22656e223b),
('mj7oo0aeo49ehiopbi557kh4vf6v1v1p', '::1', 1706019218, 0x5f5f63695f6c6173745f726567656e65726174657c693a313730363031393231383b6c616e677c733a323a22656e223b757365726e616d657c733a353a2261646d696e223b757365725f69647c733a323a223132223b66756c6c5f6e616d657c733a343a2264656d6f223b726f6c657c733a353a2261646d696e223b636f6d70616e795f69647c733a323a223231223b636f6d70616e795f6e616d657c733a373a226b6173626f6f6b223b74696d655f7a6f6e657c733a31323a22417369612f4b617261636869223b6d756c74695f63757272656e63797c733a313a2230223b686f6d655f63757272656e63795f636f64657c733a333a22504b52223b686f6d655f63757272656e63795f73796d626f6c7c733a333a22e282a8223b66795f796561727c733a343a2232303231223b66795f73746172745f646174657c733a31303a22323032302d30312d3031223b66795f656e645f646174657c733a31303a22323032362d31322d3331223b),
('nrlele9aqaipe2o9n0h5uhq1jrj9c62c', '::1', 1705506499, 0x5f5f63695f6c6173745f726567656e65726174657c693a313730353530363439393b757365726e616d657c733a353a2261646d696e223b757365725f69647c733a323a223132223b66756c6c5f6e616d657c733a343a2264656d6f223b726f6c657c733a353a2261646d696e223b636f6d70616e795f69647c733a323a223231223b636f6d70616e795f6e616d657c733a373a226b6173626f6f6b223b74696d655f7a6f6e657c733a31323a22417369612f4b617261636869223b6d756c74695f63757272656e63797c733a313a2230223b686f6d655f63757272656e63795f636f64657c733a333a22504b52223b686f6d655f63757272656e63795f73796d626f6c7c733a333a22e282a8223b66795f796561727c733a343a2232303231223b66795f73746172745f646174657c733a31303a22323032302d30312d3031223b66795f656e645f646174657c733a31303a22323032362d31322d3331223b6c616e677c733a323a22656e223b),
('oitv4tv5ck42lqeqheqc1hmt6adr733n', '::1', 1706359333, 0x5f5f63695f6c6173745f726567656e65726174657c693a313730363335393333333b757365726e616d657c733a353a2261646d696e223b757365725f69647c733a323a223132223b66756c6c5f6e616d657c733a343a2264656d6f223b726f6c657c733a353a2261646d696e223b636f6d70616e795f69647c733a323a223231223b636f6d70616e795f6e616d657c733a373a226b6173626f6f6b223b74696d655f7a6f6e657c733a31323a22417369612f4b617261636869223b6d756c74695f63757272656e63797c733a313a2230223b686f6d655f63757272656e63795f636f64657c733a333a22504b52223b686f6d655f63757272656e63795f73796d626f6c7c733a333a22e282a8223b66795f796561727c733a343a2232303231223b66795f73746172745f646174657c733a31303a22323032302d30312d3031223b66795f656e645f646174657c733a31303a22323032362d31322d3331223b6c616e677c733a323a22656e223b),
('pdv9nsn0itakj50bgkbsrftan8d90uvo', '::1', 1705513314, 0x5f5f63695f6c6173745f726567656e65726174657c693a313730353531333331343b757365726e616d657c733a353a2261646d696e223b757365725f69647c733a323a223132223b66756c6c5f6e616d657c733a343a2264656d6f223b726f6c657c733a353a2261646d696e223b636f6d70616e795f69647c733a323a223231223b636f6d70616e795f6e616d657c733a373a226b6173626f6f6b223b74696d655f7a6f6e657c733a31323a22417369612f4b617261636869223b6d756c74695f63757272656e63797c733a313a2230223b686f6d655f63757272656e63795f636f64657c733a333a22504b52223b686f6d655f63757272656e63795f73796d626f6c7c733a333a22e282a8223b66795f796561727c733a343a2232303231223b66795f73746172745f646174657c733a31303a22323032302d30312d3031223b66795f656e645f646174657c733a31303a22323032362d31322d3331223b6c616e677c733a323a22656e223b),
('pf734qvklkqcmakdqeom3g5990iu0eup', '::1', 1707236901, 0x5f5f63695f6c6173745f726567656e65726174657c693a313730373233363930313b757365726e616d657c733a353a2261646d696e223b757365725f69647c733a323a223132223b66756c6c5f6e616d657c733a343a2264656d6f223b726f6c657c733a353a2261646d696e223b636f6d70616e795f69647c733a323a223231223b636f6d70616e795f6e616d657c733a373a226b6173626f6f6b223b74696d655f7a6f6e657c733a31323a22417369612f4b617261636869223b6d756c74695f63757272656e63797c733a313a2230223b686f6d655f63757272656e63795f636f64657c733a333a22504b52223b686f6d655f63757272656e63795f73796d626f6c7c733a333a22e282a8223b66795f796561727c733a343a2232303231223b66795f73746172745f646174657c733a31303a22323032302d30312d3031223b66795f656e645f646174657c733a31303a22323032362d31322d3331223b6c616e677c733a323a22656e223b),
('q45phpths2n64qjf6uvtvv1gntntb63c', '::1', 1706355660, 0x5f5f63695f6c6173745f726567656e65726174657c693a313730363335353636303b757365726e616d657c733a353a2261646d696e223b757365725f69647c733a323a223132223b66756c6c5f6e616d657c733a343a2264656d6f223b726f6c657c733a353a2261646d696e223b636f6d70616e795f69647c733a323a223231223b636f6d70616e795f6e616d657c733a373a226b6173626f6f6b223b74696d655f7a6f6e657c733a31323a22417369612f4b617261636869223b6d756c74695f63757272656e63797c733a313a2230223b686f6d655f63757272656e63795f636f64657c733a333a22504b52223b686f6d655f63757272656e63795f73796d626f6c7c733a333a22e282a8223b66795f796561727c733a343a2232303231223b66795f73746172745f646174657c733a31303a22323032302d30312d3031223b66795f656e645f646174657c733a31303a22323032362d31322d3331223b6c616e677c733a323a22656e223b),
('q7nlb8qd4qss32kbnr0jtk63e78kesqh', '::1', 1705684571, 0x5f5f63695f6c6173745f726567656e65726174657c693a313730353638343535383b757365726e616d657c733a353a2261646d696e223b757365725f69647c733a323a223132223b66756c6c5f6e616d657c733a343a2264656d6f223b726f6c657c733a353a2261646d696e223b636f6d70616e795f69647c733a323a223231223b636f6d70616e795f6e616d657c733a373a226b6173626f6f6b223b74696d655f7a6f6e657c733a31323a22417369612f4b617261636869223b6d756c74695f63757272656e63797c733a313a2230223b686f6d655f63757272656e63795f636f64657c733a333a22504b52223b686f6d655f63757272656e63795f73796d626f6c7c733a333a22e282a8223b66795f796561727c733a343a2232303231223b66795f73746172745f646174657c733a31303a22323032302d30312d3031223b66795f656e645f646174657c733a31303a22323032362d31322d3331223b6c616e677c733a323a22656e223b),
('qt4c8ojo3uv77cc1g94n64p1en0kcfn5', '::1', 1706351799, 0x5f5f63695f6c6173745f726567656e65726174657c693a313730363335313739393b757365726e616d657c733a353a2261646d696e223b757365725f69647c733a323a223132223b66756c6c5f6e616d657c733a343a2264656d6f223b726f6c657c733a353a2261646d696e223b636f6d70616e795f69647c733a323a223231223b636f6d70616e795f6e616d657c733a373a226b6173626f6f6b223b74696d655f7a6f6e657c733a31323a22417369612f4b617261636869223b6d756c74695f63757272656e63797c733a313a2230223b686f6d655f63757272656e63795f636f64657c733a333a22504b52223b686f6d655f63757272656e63795f73796d626f6c7c733a333a22e282a8223b66795f796561727c733a343a2232303231223b66795f73746172745f646174657c733a31303a22323032302d30312d3031223b66795f656e645f646174657c733a31303a22323032362d31322d3331223b6c616e677c733a323a22656e223b),
('quqqqc418rcnq3gukdoog39v0ieeo9s3', '::1', 1706351440, 0x5f5f63695f6c6173745f726567656e65726174657c693a313730363335313434303b757365726e616d657c733a353a2261646d696e223b757365725f69647c733a323a223132223b66756c6c5f6e616d657c733a343a2264656d6f223b726f6c657c733a353a2261646d696e223b636f6d70616e795f69647c733a323a223231223b636f6d70616e795f6e616d657c733a373a226b6173626f6f6b223b74696d655f7a6f6e657c733a31323a22417369612f4b617261636869223b6d756c74695f63757272656e63797c733a313a2230223b686f6d655f63757272656e63795f636f64657c733a333a22504b52223b686f6d655f63757272656e63795f73796d626f6c7c733a333a22e282a8223b66795f796561727c733a343a2232303231223b66795f73746172745f646174657c733a31303a22323032302d30312d3031223b66795f656e645f646174657c733a31303a22323032362d31322d3331223b6c616e677c733a323a22656e223b),
('qvrtbva2s373f2jkrko86bltcrl1ajn7', '::1', 1705604137, 0x5f5f63695f6c6173745f726567656e65726174657c693a313730353630343133373b),
('u5s9pa1j29lfue2cfm82v146t4d08cmp', '::1', 1705512949, 0x5f5f63695f6c6173745f726567656e65726174657c693a313730353531323934393b757365726e616d657c733a353a2261646d696e223b757365725f69647c733a323a223132223b66756c6c5f6e616d657c733a343a2264656d6f223b726f6c657c733a353a2261646d696e223b636f6d70616e795f69647c733a323a223231223b636f6d70616e795f6e616d657c733a373a226b6173626f6f6b223b74696d655f7a6f6e657c733a31323a22417369612f4b617261636869223b6d756c74695f63757272656e63797c733a313a2230223b686f6d655f63757272656e63795f636f64657c733a333a22504b52223b686f6d655f63757272656e63795f73796d626f6c7c733a333a22e282a8223b66795f796561727c733a343a2232303231223b66795f73746172745f646174657c733a31303a22323032302d30312d3031223b66795f656e645f646174657c733a31303a22323032362d31322d3331223b6c616e677c733a323a22656e223b),
('utf17dg19927i0prv6lufnb5bhu6umm8', '::1', 1705580630, 0x5f5f63695f6c6173745f726567656e65726174657c693a313730353538303633303b6c616e677c733a323a22656e223b757365726e616d657c733a353a2261646d696e223b757365725f69647c733a323a223132223b66756c6c5f6e616d657c733a343a2264656d6f223b726f6c657c733a353a2261646d696e223b636f6d70616e795f69647c733a323a223231223b636f6d70616e795f6e616d657c733a373a226b6173626f6f6b223b74696d655f7a6f6e657c733a31323a22417369612f4b617261636869223b6d756c74695f63757272656e63797c733a313a2230223b686f6d655f63757272656e63795f636f64657c733a333a22504b52223b686f6d655f63757272656e63795f73796d626f6c7c733a333a22e282a8223b66795f796561727c733a343a2232303231223b66795f73746172745f646174657c733a31303a22323032302d30312d3031223b66795f656e645f646174657c733a31303a22323032362d31322d3331223b),
('vn28sc9c3ir6j6a2vu3kqe4i3jrdcvlu', '::1', 1706351082, 0x5f5f63695f6c6173745f726567656e65726174657c693a313730363335313038323b);

-- --------------------------------------------------------

--
-- Table structure for table `companies`
--

CREATE TABLE `companies` (
  `id` int(255) NOT NULL,
  `name` varchar(255) COLLATE utf8_unicode_ci NOT NULL,
  `address` varchar(255) COLLATE utf8_unicode_ci NOT NULL,
  `email` varchar(255) COLLATE utf8_unicode_ci NOT NULL,
  `contact_no` varchar(255) COLLATE utf8_unicode_ci NOT NULL,
  `image` varchar(255) COLLATE utf8_unicode_ci NOT NULL,
  `status` enum('active','inactive') COLLATE utf8_unicode_ci NOT NULL,
  `date_created` date NOT NULL,
  `fy_start` date NOT NULL,
  `fy_end` date NOT NULL,
  `currency_symbol` varchar(255) COLLATE utf8_unicode_ci NOT NULL,
  `currency_id` int(10) NOT NULL,
  `cur_datetime` timestamp NOT NULL DEFAULT CURRENT_TIMESTAMP,
  `locked` tinyint(1) NOT NULL,
  `expire` varchar(255) COLLATE utf8_unicode_ci NOT NULL,
  `time_zone` varchar(244) COLLATE utf8_unicode_ci DEFAULT NULL,
  `is_multi_currency` tinyint(1) DEFAULT '0',
  `tax_no` varchar(100) COLLATE utf8_unicode_ci NOT NULL,
  `access_token` varchar(256) COLLATE utf8_unicode_ci DEFAULT NULL,
  `plaid_item_id` varchar(256) COLLATE utf8_unicode_ci DEFAULT NULL,
  `transactions_limit` int(1) NOT NULL DEFAULT '0',
  `stripe_key` varchar(255) COLLATE utf8_unicode_ci DEFAULT NULL,
  `stripe_secret_key` varchar(255) COLLATE utf8_unicode_ci DEFAULT NULL,
  `stripe_acct_id` varchar(200) COLLATE utf8_unicode_ci DEFAULT NULL
) ENGINE=InnoDB DEFAULT CHARSET=utf8 COLLATE=utf8_unicode_ci;

--
-- Dumping data for table `companies`
--

INSERT INTO `companies` (`id`, `name`, `address`, `email`, `contact_no`, `image`, `status`, `date_created`, `fy_start`, `fy_end`, `currency_symbol`, `currency_id`, `cur_datetime`, `locked`, `expire`, `time_zone`, `is_multi_currency`, `tax_no`, `access_token`, `plaid_item_id`, `transactions_limit`, `stripe_key`, `stripe_secret_key`, `stripe_acct_id`) VALUES
(20, 'Khybersoft', 'Deans Trade Center Peshawar', 'ahsankhan50@gmail.com', '03459079213', 'min-logo.jpg', 'active', '0000-00-00', '0000-00-00', '0000-00-00', '', 91, '2017-09-24 02:04:09', 0, '1596622649', 'Asia/Karachi', 1, '', NULL, NULL, 0, NULL, NULL, NULL),
(21, 'kasbook', 'Deans Trade Center, Peshawar', 'ahsankhan50@gmail.com', '03119809070', 'logo-2.png', 'active', '0000-00-00', '0000-00-00', '0000-00-00', '', 91, '2017-10-20 05:42:29', 1, '1886147734', 'Asia/Karachi', 0, '300420598700003', 'access-sandbox-f6bb8371-8786-4232-aaeb-4e286e6aa739', '9DxPwqpAnZhNmDN6W5wPCPpE89eJglfRb6pRZ', 2, 'pk_test_51MrjILIOefQXoKMIDE5rVnxItdaVlxzEyfF6Ndn5TOyt4GU07O7T8qVaEzz9IRJZ4X4jARds2hAADoAkwaNvBQSe007qJ8xfuH', 'sk_test_51MrjILIOefQXoKMIANarCxavMxJkg2vhyehYgOt7XYZNYjlIKFXdewtxaqg6fppIG3iCuqbEjMiQriLNmUpKeeOi00kpXamjct', 'acct_1OVZ1XI8CekzCzzr'),
(22, 'test username', 'FF852 Deans Trade Center', 'test@mail.com', '123123123', '', 'active', '0000-00-00', '0000-00-00', '0000-00-00', '', 91, '2020-10-25 07:56:52', 1, '1613980612', 'Asia/Karachi', 0, '', NULL, NULL, 0, NULL, NULL, NULL),
(23, 'guven', 'peshawar', 'asd@domain.com', '123123123', '', 'active', '0000-00-00', '0000-00-00', '0000-00-00', '', 124, '2022-06-22 15:13:14', 1, '1886147734', 'Asia/Karachi', 0, '', NULL, NULL, 0, NULL, NULL, NULL),
(24, 'ABC Accounts', 'FF852 Deans Trade Center', 'ahsankhan50@gmail.com', '1123', '', 'active', '0000-00-00', '0000-00-00', '0000-00-00', '', 91, '2022-09-05 18:25:59', 1, '1672770359', '', 0, '', NULL, NULL, 0, NULL, NULL, NULL),
(25, 'abc electronics', 'PESHAWAR', 'aabs@gmic.com', '1212121212', '', 'active', '0000-00-00', '0000-00-00', '0000-00-00', '', 91, '2022-09-27 06:15:24', 1, '1674627324', 'Europe/Istanbul', 0, '', NULL, NULL, 0, NULL, NULL, NULL),
(26, '   ', 'Madina', 'irfan@domain.com', '123123123', '', 'active', '0000-00-00', '0000-00-00', '0000-00-00', '', 101, '2023-04-29 09:08:46', 0, '1683968926', 'Europe/Istanbul', 0, '', NULL, NULL, 0, NULL, NULL, NULL),
(27, 'Shirka', 'Madina', 'shirka@domain.com', '123123123', '', 'active', '0000-00-00', '0000-00-00', '0000-00-00', '', 101, '2023-04-29 09:12:40', 0, '1683969160', 'Europe/Istanbul', 0, '', NULL, NULL, 1, NULL, NULL, NULL),
(28, 'SAR Shinwari Traders', 'Ashraf Road Peshawar', 'babakheel@gmail.com', '01234456789', '', 'active', '0000-00-00', '0000-00-00', '0000-00-00', '', 91, '2023-10-08 13:51:24', 1, '0', 'Europe/Istanbul', 0, '', NULL, NULL, 0, 'pk_test_51MrjILIOefQXoKMIDE5rVnxItdaVlxzEyfF6Ndn5TOyt4GU07O7T8qVaEzz9IRJZ4X4jARds2hAADoAkwaNvBQSe007qJ8xfuH', 'sk_test_51MrjILIOefQXoKMIANarCxavMxJkg2vhyehYgOt7XYZNYjlIKFXdewtxaqg6fppIG3iCuqbEjMiQriLNmUpKeeOi00kpXamjct', 'acct_1O06HpI7GcwBCECK');

-- --------------------------------------------------------

--
-- Table structure for table `dashboard_users`
--

CREATE TABLE `dashboard_users` (
  `id` int(11) NOT NULL,
  `name` varchar(255) NOT NULL,
  `email` text NOT NULL,
  `password` text NOT NULL
) ENGINE=MyISAM DEFAULT CHARSET=latin1;

--
-- Dumping data for table `dashboard_users`
--

INSERT INTO `dashboard_users` (`id`, `name`, `email`, `password`) VALUES
(4, 'Admin', 'admin@gmail.com', '$2b$10$DLdPgHyDqmylMNZhhdt83uZAqxhzozd4DOdckB9r2YSCT570vpk96');

-- --------------------------------------------------------

--
-- Table structure for table `logs`
--

CREATE TABLE `logs` (
  `id` int(11) NOT NULL,
  `date` datetime NOT NULL,
  `module` varchar(255) NOT NULL,
  `host_ip` varchar(25) NOT NULL,
  `user` varchar(255) NOT NULL,
  `url` varchar(255) NOT NULL,
  `user_agent` varchar(100) NOT NULL,
  `message_title` varchar(255) NOT NULL,
  `message_desc` text NOT NULL,
  `company_id` int(10) NOT NULL
) ENGINE=InnoDB DEFAULT CHARSET=latin1;

--
-- Dumping data for table `logs`
--

INSERT INTO `logs` (`id`, `date`, `module`, `host_ip`, `user`, `url`, `user_agent`, `message_title`, `message_desc`, `company_id`) VALUES
(1, '2022-03-22 13:03:33', 'Admin', '::1', 'admin', '', 'Mozilla/5.0 (Windows NT 10.0; Win64; x64) AppleWebKit/537.36 (KHTML, like Gecko) Chrome/99.0.4844.74', '', 'admin User logged in by admin', 21),
(2, '2022-03-22 13:05:04', 'POS', '::1', 'admin', '', 'Mozilla/5.0 (Windows NT 10.0; Win64; x64) AppleWebKit/537.36 (KHTML, like Gecko) Chrome/99.0.4844.74', '', 'iphone 5 Qty(0) Product Added by admin', 21),
(3, '2022-03-22 13:05:24', 'POS', '::1', 'admin', '', 'Mozilla/5.0 (Windows NT 10.0; Win64; x64) AppleWebKit/537.36 (KHTML, like Gecko) Chrome/99.0.4844.74', '', 'samsung a52 Qty(0) Product Added by admin', 21),
(4, '2022-03-22 13:05:47', 'Setting', '::1', 'admin', '', 'Mozilla/5.0 (Windows NT 10.0; Win64; x64) AppleWebKit/537.36 (KHTML, like Gecko) Chrome/99.0.4844.74', '', 'GST 15% tax added by admin', 21),
(5, '2022-03-22 13:06:15', 'POS', '::1', 'admin', '', 'Mozilla/5.0 (Windows NT 10.0; Win64; x64) AppleWebKit/537.36 (KHTML, like Gecko) Chrome/99.0.4844.74', '', 'Oil Qty(0) Product Added by admin', 21),
(6, '2022-03-22 13:26:22', 'Admin', '::1', 'admin', '', 'Mozilla/5.0 (Windows NT 10.0; Win64; x64) AppleWebKit/537.36 (KHTML, like Gecko) Chrome/99.0.4844.74', '', 'admin User logged out by admin', 21),
(7, '2022-03-22 13:26:25', 'Admin', '::1', 'admin', '', 'Mozilla/5.0 (Windows NT 10.0; Win64; x64) AppleWebKit/537.36 (KHTML, like Gecko) Chrome/99.0.4844.74', '', 'admin User logged in by admin', 21),
(8, '2022-03-22 13:26:47', 'Admin', '::1', 'admin', '', 'Mozilla/5.0 (Windows NT 10.0; Win64; x64) AppleWebKit/537.36 (KHTML, like Gecko) Chrome/99.0.4844.74', '', 'admin User logged out by admin', 21),
(9, '2022-03-22 13:26:52', 'Admin', '::1', 'admin', '', 'Mozilla/5.0 (Windows NT 10.0; Win64; x64) AppleWebKit/537.36 (KHTML, like Gecko) Chrome/99.0.4844.74', '', 'admin User logged in by admin', 21),
(10, '2022-03-22 13:28:42', 'admin', '::1', 'admin', '', 'Mozilla/5.0 (Windows NT 10.0; Win64; x64) AppleWebKit/537.36 (KHTML, like Gecko) Chrome/99.0.4844.74', '', 'username admin, Full Namedemo User updated by admin', 21),
(11, '2022-03-22 13:33:29', 'admin', '::1', 'admin', '', 'Mozilla/5.0 (Windows NT 10.0; Win64; x64) AppleWebKit/537.36 (KHTML, like Gecko) Chrome/99.0.4844.74', '', 'username admin, Full Namedemo User updated by admin', 21),
(12, '2022-03-22 16:07:30', 'Admin', '::1', 'admin', '', 'Mozilla/5.0 (Windows NT 10.0; Win64; x64) AppleWebKit/537.36 (KHTML, like Gecko) Chrome/99.0.4844.74', '', 'admin User logged in by admin', 21),
(13, '2022-03-22 16:42:11', 'trans', '::1', 'admin', '', 'Mozilla/5.0 (Windows NT 10.0; Win64; x64) AppleWebKit/537.36 (KHTML, like Gecko) Chrome/99.0.4844.74', '', 'invoice no S1 Sale transaction created by admin', 21),
(14, '2022-03-22 16:42:11', 'trans', '::1', 'admin', '', 'Mozilla/5.0 (Windows NT 10.0; Win64; x64) AppleWebKit/537.36 (KHTML, like Gecko) Chrome/99.0.4844.74', '', 'invoice no S1 Sale transaction created by admin', 21),
(15, '2022-03-22 16:42:11', 'trans', '::1', 'admin', '', 'Mozilla/5.0 (Windows NT 10.0; Win64; x64) AppleWebKit/537.36 (KHTML, like Gecko) Chrome/99.0.4844.74', '', 'invoice no S1 Sale transaction created by admin', 21),
(16, '2022-03-22 16:46:21', 'POS', '::1', 'admin', '', 'Mozilla/5.0 (Windows NT 10.0; Win64; x64) AppleWebKit/537.36 (KHTML, like Gecko) Chrome/99.0.4844.74', '', 'Saif Auto  Customer Added by admin', 21),
(17, '2022-03-22 16:47:53', 'trans', '::1', 'admin', '', 'Mozilla/5.0 (Windows NT 10.0; Win64; x64) AppleWebKit/537.36 (KHTML, like Gecko) Chrome/99.0.4844.74', '', 'invoice no S2 Sale transaction created by admin', 21),
(18, '2022-03-22 16:47:53', 'trans', '::1', 'admin', '', 'Mozilla/5.0 (Windows NT 10.0; Win64; x64) AppleWebKit/537.36 (KHTML, like Gecko) Chrome/99.0.4844.74', '', 'invoice no S2 Sale transaction created by admin', 21),
(19, '2022-03-22 16:49:26', 'trans', '::1', 'admin', '', 'Mozilla/5.0 (Windows NT 10.0; Win64; x64) AppleWebKit/537.36 (KHTML, like Gecko) Chrome/99.0.4844.74', '', 'invoice no R1 Purchase transaction created by admin', 21),
(20, '2022-03-22 16:49:26', 'trans', '::1', 'admin', '', 'Mozilla/5.0 (Windows NT 10.0; Win64; x64) AppleWebKit/537.36 (KHTML, like Gecko) Chrome/99.0.4844.74', '', 'invoice no R1 Purchase transaction created by admin', 21),
(21, '2022-03-22 16:49:57', 'trans', '::1', 'admin', '', 'Mozilla/5.0 (Windows NT 10.0; Win64; x64) AppleWebKit/537.36 (KHTML, like Gecko) Chrome/99.0.4844.74', '', 'invoice no R2 Purchase transaction created by admin', 21),
(22, '2022-04-04 17:41:39', 'Admin', '::1', 'admin', '', 'Mozilla/5.0 (Windows NT 10.0; Win64; x64) AppleWebKit/537.36 (KHTML, like Gecko) Chrome/99.0.4844.84', '', 'admin User logged in by admin', 21),
(23, '2022-04-04 17:47:33', 'admin', '::1', 'admin', '', 'Mozilla/5.0 (Windows NT 10.0; Win64; x64) AppleWebKit/537.36 (KHTML, like Gecko) Chrome/99.0.4844.84', '', 'username admin, Full Namedemo User updated by admin', 21),
(24, '2022-04-04 23:01:28', 'Admin', '::1', 'admin', '', 'Mozilla/5.0 (Windows NT 10.0; Win64; x64) AppleWebKit/537.36 (KHTML, like Gecko) Chrome/99.0.4844.84', '', 'admin User logged in by admin', 21),
(25, '2022-04-04 23:02:14', 'trans', '::1', 'admin', '', 'Mozilla/5.0 (Windows NT 10.0; Win64; x64) AppleWebKit/537.36 (KHTML, like Gecko) Chrome/99.0.4844.84', '', 'invoice no S3 Sale transaction created by admin', 21),
(26, '2022-04-04 23:02:14', 'trans', '::1', 'admin', '', 'Mozilla/5.0 (Windows NT 10.0; Win64; x64) AppleWebKit/537.36 (KHTML, like Gecko) Chrome/99.0.4844.84', '', 'invoice no S3 Sale transaction created by admin', 21),
(27, '2022-04-04 23:02:14', 'trans', '::1', 'admin', '', 'Mozilla/5.0 (Windows NT 10.0; Win64; x64) AppleWebKit/537.36 (KHTML, like Gecko) Chrome/99.0.4844.84', '', 'invoice no S3 Sale transaction created by admin', 21),
(28, '2022-04-04 23:07:26', 'trans', '::1', 'admin', '', 'Mozilla/5.0 (Windows NT 10.0; Win64; x64) AppleWebKit/537.36 (KHTML, like Gecko) Chrome/99.0.4844.84', '', 'invoice no S4 Sale transaction created by admin', 21),
(29, '2022-04-04 23:11:56', 'trans', '::1', 'admin', '', 'Mozilla/5.0 (Windows NT 10.0; Win64; x64) AppleWebKit/537.36 (KHTML, like Gecko) Chrome/99.0.4844.84', '', 'invoice no S5 Sale transaction created by admin', 21),
(30, '2022-04-04 23:12:06', 'trans', '::1', 'admin', '', 'Mozilla/5.0 (Windows NT 10.0; Win64; x64) AppleWebKit/537.36 (KHTML, like Gecko) Chrome/99.0.4844.84', '', 'invoice no S6 Sale transaction created by admin', 21),
(31, '2022-04-04 23:14:47', 'trans', '::1', 'admin', '', 'Mozilla/5.0 (Windows NT 10.0; Win64; x64) AppleWebKit/537.36 (KHTML, like Gecko) Chrome/99.0.4844.84', '', 'invoice no S9 Sale transaction created by admin', 21),
(32, '2022-04-06 22:44:20', 'Admin', '::1', 'admin', '', 'Mozilla/5.0 (Windows NT 10.0; Win64; x64) AppleWebKit/537.36 (KHTML, like Gecko) Chrome/99.0.4844.84', '', 'admin User logged in by admin', 21),
(33, '2022-04-06 22:58:16', 'POS', '::1', 'admin', '', 'Mozilla/5.0 (Windows NT 10.0; Win64; x64) AppleWebKit/537.36 (KHTML, like Gecko) Chrome/99.0.4844.84', '', 'Saif Autos Supplier Added by admin', 21),
(34, '2022-04-06 22:58:30', 'trans', '::1', 'admin', '', 'Mozilla/5.0 (Windows NT 10.0; Win64; x64) AppleWebKit/537.36 (KHTML, like Gecko) Chrome/99.0.4844.84', '', 'invoice no R3 Purchase transaction created by admin', 21),
(35, '2022-04-06 22:58:30', 'trans', '::1', 'admin', '', 'Mozilla/5.0 (Windows NT 10.0; Win64; x64) AppleWebKit/537.36 (KHTML, like Gecko) Chrome/99.0.4844.84', '', 'invoice no R3 Purchase transaction created by admin', 21),
(36, '2022-04-08 23:06:52', 'Admin', '::1', 'admin', '', 'Mozilla/5.0 (Windows NT 10.0; Win64; x64) AppleWebKit/537.36 (KHTML, like Gecko) Chrome/100.0.4896.7', '', 'admin User logged in by admin', 21),
(37, '2022-04-15 15:42:32', 'Admin', '::1', 'admin', '', 'Mozilla/5.0 (Windows NT 10.0; Win64; x64) AppleWebKit/537.36 (KHTML, like Gecko) Chrome/100.0.4896.8', '', 'admin User logged in by admin', 21),
(38, '2022-04-15 15:48:57', 'Admin', '::1', 'admin', '', 'Mozilla/5.0 (Windows NT 10.0; Win64; x64) AppleWebKit/537.36 (KHTML, like Gecko) Chrome/100.0.4896.8', '', 'admin User logged out by admin', 21),
(39, '2022-04-15 15:49:49', 'Admin', '::1', 'admin', '', 'Mozilla/5.0 (Windows NT 10.0; Win64; x64) AppleWebKit/537.36 (KHTML, like Gecko) Chrome/100.0.4896.8', '', 'admin User logged in by admin', 21),
(40, '2022-04-15 16:21:13', 'trans', '::1', 'admin', '', 'Mozilla/5.0 (Windows NT 10.0; Win64; x64) AppleWebKit/537.36 (KHTML, like Gecko) Chrome/100.0.4896.8', '', 'invoice no S10 Sale transaction created by admin', 21),
(41, '2022-04-15 16:21:13', 'trans', '::1', 'admin', '', 'Mozilla/5.0 (Windows NT 10.0; Win64; x64) AppleWebKit/537.36 (KHTML, like Gecko) Chrome/100.0.4896.8', '', 'invoice no S10 Sale transaction created by admin', 21),
(42, '2022-04-15 16:21:13', 'trans', '::1', 'admin', '', 'Mozilla/5.0 (Windows NT 10.0; Win64; x64) AppleWebKit/537.36 (KHTML, like Gecko) Chrome/100.0.4896.8', '', 'invoice no S10 Sale transaction created by admin', 21),
(43, '2022-04-15 16:24:21', 'trans', '::1', 'admin', '', 'Mozilla/5.0 (Windows NT 10.0; Win64; x64) AppleWebKit/537.36 (KHTML, like Gecko) Chrome/100.0.4896.8', '', 'invoice no S11 Sale transaction created by admin', 21),
(44, '2022-04-15 19:37:18', 'Admin', '::1', 'admin', '', 'Mozilla/5.0 (Windows NT 10.0; Win64; x64) AppleWebKit/537.36 (KHTML, like Gecko) Chrome/100.0.4896.8', '', 'admin User logged in by admin', 21),
(51, '2022-04-15 19:39:07', 'trans', '::1', 'admin', '', 'Mozilla/5.0 (Windows NT 10.0; Win64; x64) AppleWebKit/537.36 (KHTML, like Gecko) Chrome/100.0.4896.8', '', 'invoice no S12 Sale transaction created by admin', 21),
(52, '2022-04-15 19:39:07', 'trans', '::1', 'admin', '', 'Mozilla/5.0 (Windows NT 10.0; Win64; x64) AppleWebKit/537.36 (KHTML, like Gecko) Chrome/100.0.4896.8', '', 'invoice no S12 Sale transaction created by admin', 21),
(53, '2022-04-15 20:07:15', 'trans', '::1', 'admin', '', 'Mozilla/5.0 (Windows NT 10.0; Win64; x64) AppleWebKit/537.36 (KHTML, like Gecko) Chrome/100.0.4896.8', '', 'invoice no R4 Purchase transaction created by admin', 21),
(54, '2022-04-15 20:07:15', 'trans', '::1', 'admin', '', 'Mozilla/5.0 (Windows NT 10.0; Win64; x64) AppleWebKit/537.36 (KHTML, like Gecko) Chrome/100.0.4896.8', '', 'invoice no R4 Purchase transaction created by admin', 21),
(55, '2022-04-15 20:07:15', 'trans', '::1', 'admin', '', 'Mozilla/5.0 (Windows NT 10.0; Win64; x64) AppleWebKit/537.36 (KHTML, like Gecko) Chrome/100.0.4896.8', '', 'invoice no R4 Purchase transaction created by admin', 21),
(56, '2022-04-29 17:52:34', 'Admin', '::1', 'admin', '', 'Mozilla/5.0 (Windows NT 10.0; Win64; x64) AppleWebKit/537.36 (KHTML, like Gecko) Chrome/100.0.4896.1', '', 'admin User logged in by admin', 21),
(57, '2022-04-29 18:14:21', 'trans', '::1', 'admin', '', 'Mozilla/5.0 (Windows NT 10.0; Win64; x64) AppleWebKit/537.36 (KHTML, like Gecko) Chrome/100.0.4896.1', '', 'invoice no S13 Sale transaction created by admin', 21),
(58, '2022-04-29 18:14:21', 'trans', '::1', 'admin', '', 'Mozilla/5.0 (Windows NT 10.0; Win64; x64) AppleWebKit/537.36 (KHTML, like Gecko) Chrome/100.0.4896.1', '', 'invoice no S13 Sale transaction created by admin', 21),
(59, '2022-04-29 18:24:44', 'Accounts', '::1', 'admin', '', 'Mozilla/5.0 (Windows NT 10.0; Win64; x64) AppleWebKit/537.36 (KHTML, like Gecko) Chrome/100.0.4896.1', '', 'Income group Added by admin', 21),
(60, '2022-04-30 11:09:00', 'Admin', '::1', 'admin', '', 'Mozilla/5.0 (Windows NT 10.0; Win64; x64) AppleWebKit/537.36 (KHTML, like Gecko) Chrome/100.0.4896.1', '', 'admin User logged in by admin', 21),
(61, '2022-04-30 13:33:07', 'Admin', '::1', 'admin', '', 'Mozilla/5.0 (Windows NT 10.0; Win64; x64) AppleWebKit/537.36 (KHTML, like Gecko) Chrome/100.0.4896.1', '', 'admin User logged in by admin', 21),
(62, '2022-05-06 12:04:23', 'Admin', '::1', 'admin', '', 'Mozilla/5.0 (Windows NT 10.0; Win64; x64) AppleWebKit/537.36 (KHTML, like Gecko) Chrome/100.0.4896.1', '', 'admin User logged in by admin', 21),
(63, '2022-05-06 15:50:49', 'Admin', '::1', 'admin', '', 'Mozilla/5.0 (Windows NT 10.0; Win64; x64) AppleWebKit/537.36 (KHTML, like Gecko) Chrome/100.0.4896.1', '', 'admin User logged in by admin', 21),
(64, '2022-05-06 15:50:59', 'Admin', '::1', 'admin', '', 'Mozilla/5.0 (Windows NT 10.0; Win64; x64) AppleWebKit/537.36 (KHTML, like Gecko) Chrome/100.0.4896.1', '', 'admin User logged in by admin', 21),
(65, '2022-05-09 00:11:33', 'Admin', '::1', 'admin', '', 'Mozilla/5.0 (Windows NT 10.0; Win64; x64) AppleWebKit/537.36 (KHTML, like Gecko) Chrome/101.0.4951.5', '', 'admin User logged in by admin', 21),
(66, '2022-05-18 20:45:46', 'Admin', '::1', 'admin', '', 'Mozilla/5.0 (Windows NT 10.0; Win64; x64) AppleWebKit/537.36 (KHTML, like Gecko) Chrome/101.0.4951.6', '', 'admin User logged in by admin', 21),
(67, '2022-05-18 20:52:40', 'POS', '::1', 'admin', '', 'Mozilla/5.0 (Windows NT 10.0; Win64; x64) AppleWebKit/537.36 (KHTML, like Gecko) Chrome/101.0.4951.6', '', 'Azeem  Customer Added by admin', 21),
(68, '2022-05-18 20:56:04', 'POS', '::1', 'admin', '', 'Mozilla/5.0 (Windows NT 10.0; Win64; x64) AppleWebKit/537.36 (KHTML, like Gecko) Chrome/101.0.4951.6', '', 'Customer 1  Customer Added by admin', 21),
(69, '2022-05-19 19:06:42', 'Admin', '::1', 'admin', '', 'Mozilla/5.0 (Windows NT 10.0; Win64; x64) AppleWebKit/537.36 (KHTML, like Gecko) Chrome/101.0.4951.6', '', 'admin User logged in by admin', 21),
(70, '2022-05-20 00:15:31', 'trans', '::1', 'admin', '', 'Mozilla/5.0 (Windows NT 10.0; Win64; x64) AppleWebKit/537.36 (KHTML, like Gecko) Chrome/101.0.4951.6', '', 'invoice no S14 Sale transaction created by admin', 21),
(71, '2022-05-20 00:15:48', 'trans', '::1', 'admin', '', 'Mozilla/5.0 (Windows NT 10.0; Win64; x64) AppleWebKit/537.36 (KHTML, like Gecko) Chrome/101.0.4951.6', '', 'invoice no S15 Sale transaction created by admin', 21),
(72, '2022-05-20 16:00:12', 'Admin', '::1', 'admin', '', 'Mozilla/5.0 (Windows NT 10.0; Win64; x64) AppleWebKit/537.36 (KHTML, like Gecko) Chrome/101.0.4951.6', '', 'admin User logged in by admin', 21),
(73, '2022-05-20 16:38:54', 'trans', '::1', 'admin', '', 'Mozilla/5.0 (Windows NT 10.0; Win64; x64) AppleWebKit/537.36 (KHTML, like Gecko) Chrome/101.0.4951.6', '', 'invoice no S16 Sale transaction created by admin', 21),
(74, '2022-05-20 16:47:22', 'trans', '::1', 'admin', '', 'Mozilla/5.0 (Windows NT 10.0; Win64; x64) AppleWebKit/537.36 (KHTML, like Gecko) Chrome/101.0.4951.6', '', 'invoice no S17 Sale transaction created by admin', 21),
(75, '2022-05-20 16:47:22', 'trans', '::1', 'admin', '', 'Mozilla/5.0 (Windows NT 10.0; Win64; x64) AppleWebKit/537.36 (KHTML, like Gecko) Chrome/101.0.4951.6', '', 'invoice no S17 Sale transaction created by admin', 21),
(76, '2022-05-20 16:47:22', 'trans', '::1', 'admin', '', 'Mozilla/5.0 (Windows NT 10.0; Win64; x64) AppleWebKit/537.36 (KHTML, like Gecko) Chrome/101.0.4951.6', '', 'invoice no S17 Sale transaction created by admin', 21),
(77, '2022-05-20 16:50:42', 'trans', '::1', 'admin', '', 'Mozilla/5.0 (Windows NT 10.0; Win64; x64) AppleWebKit/537.36 (KHTML, like Gecko) Chrome/101.0.4951.6', '', 'invoice no S18 Sale transaction created by admin', 21),
(78, '2022-05-20 16:50:42', 'trans', '::1', 'admin', '', 'Mozilla/5.0 (Windows NT 10.0; Win64; x64) AppleWebKit/537.36 (KHTML, like Gecko) Chrome/101.0.4951.6', '', 'invoice no S18 Sale transaction created by admin', 21),
(79, '2022-05-20 18:59:31', 'trans', '::1', 'admin', '', 'Mozilla/5.0 (Windows NT 10.0; Win64; x64) AppleWebKit/537.36 (KHTML, like Gecko) Chrome/101.0.4951.6', '', 'invoice no S19 Sale transaction created by admin', 21),
(80, '2022-05-20 18:59:31', 'trans', '::1', 'admin', '', 'Mozilla/5.0 (Windows NT 10.0; Win64; x64) AppleWebKit/537.36 (KHTML, like Gecko) Chrome/101.0.4951.6', '', 'invoice no S19 Sale transaction created by admin', 21),
(81, '2022-05-20 19:05:21', 'trans', '::1', 'admin', '', 'Mozilla/5.0 (Windows NT 10.0; Win64; x64) AppleWebKit/537.36 (KHTML, like Gecko) Chrome/101.0.4951.6', '', 'invoice no R5 Purchase transaction created by admin', 21),
(82, '2022-05-20 19:05:21', 'trans', '::1', 'admin', '', 'Mozilla/5.0 (Windows NT 10.0; Win64; x64) AppleWebKit/537.36 (KHTML, like Gecko) Chrome/101.0.4951.6', '', 'invoice no R5 Purchase transaction created by admin', 21),
(83, '2022-05-20 19:15:16', 'trans', '::1', 'admin', '', 'Mozilla/5.0 (Windows NT 10.0; Win64; x64) AppleWebKit/537.36 (KHTML, like Gecko) Chrome/101.0.4951.6', '', 'invoice no R6 Purchase transaction created by admin', 21),
(84, '2022-05-20 19:17:54', 'POS', '::1', 'admin', '', 'Mozilla/5.0 (Windows NT 10.0; Win64; x64) AppleWebKit/537.36 (KHTML, like Gecko) Chrome/101.0.4951.6', '', 'Suzuki Center Supplier Added by admin', 21),
(85, '2022-05-20 19:18:09', 'trans', '::1', 'admin', '', 'Mozilla/5.0 (Windows NT 10.0; Win64; x64) AppleWebKit/537.36 (KHTML, like Gecko) Chrome/101.0.4951.6', '', 'invoice no R7 Purchase transaction created by admin', 21),
(86, '2022-05-20 19:20:56', 'trans', '::1', 'admin', '', 'Mozilla/5.0 (Windows NT 10.0; Win64; x64) AppleWebKit/537.36 (KHTML, like Gecko) Chrome/101.0.4951.6', '', 'invoice no R8 Purchase transaction created by admin', 21),
(87, '2022-05-20 22:53:41', 'Admin', '::1', 'admin', '', 'Mozilla/5.0 (Windows NT 10.0; Win64; x64) AppleWebKit/537.36 (KHTML, like Gecko) Chrome/101.0.4951.6', '', 'admin User logged in by admin', 21),
(88, '2022-05-20 23:58:32', 'trans', '::1', 'admin', '', 'Mozilla/5.0 (Windows NT 10.0; Win64; x64) AppleWebKit/537.36 (KHTML, like Gecko) Chrome/101.0.4951.6', '', 'invoice no S20 Sale transaction created by admin', 21),
(89, '2022-05-21 00:09:14', 'trans', '::1', 'admin', '', 'Mozilla/5.0 (Windows NT 10.0; Win64; x64) AppleWebKit/537.36 (KHTML, like Gecko) Chrome/101.0.4951.6', '', 'invoice no S21 Sale transaction created by admin', 21),
(90, '2022-05-21 00:09:14', 'trans', '::1', 'admin', '', 'Mozilla/5.0 (Windows NT 10.0; Win64; x64) AppleWebKit/537.36 (KHTML, like Gecko) Chrome/101.0.4951.6', '', 'invoice no S21 Sale transaction created by admin', 21),
(91, '2022-05-21 00:18:17', 'trans', '::1', 'admin', '', 'Mozilla/5.0 (Windows NT 10.0; Win64; x64) AppleWebKit/537.36 (KHTML, like Gecko) Chrome/101.0.4951.6', '', 'invoice no R9 Purchase transaction created by admin', 21),
(92, '2022-05-21 00:25:51', 'trans', '::1', 'admin', '', 'Mozilla/5.0 (Windows NT 10.0; Win64; x64) AppleWebKit/537.36 (KHTML, like Gecko) Chrome/101.0.4951.6', '', 'invoice no R10 Purchase transaction created by admin', 21),
(93, '2022-05-24 23:16:59', 'Admin', '::1', 'admin', '', 'Mozilla/5.0 (Windows NT 10.0; Win64; x64) AppleWebKit/537.36 (KHTML, like Gecko) Chrome/101.0.4951.6', '', 'admin User logged in by admin', 21),
(94, '2022-05-24 23:18:25', 'Accounts', '::1', 'admin', '', 'Mozilla/5.0 (Windows NT 10.0; Win64; x64) AppleWebKit/537.36 (KHTML, like Gecko) Chrome/101.0.4951.6', '', 'Installation Service group Added by admin', 21),
(95, '2022-05-24 23:21:21', 'trans', '::1', 'admin', '', 'Mozilla/5.0 (Windows NT 10.0; Win64; x64) AppleWebKit/537.36 (KHTML, like Gecko) Chrome/101.0.4951.6', '', 'invoice no S22 Sale transaction created by admin', 21),
(96, '2022-05-24 23:32:50', 'Accounts', '::1', 'admin', '', 'Mozilla/5.0 (Windows NT 10.0; Win64; x64) AppleWebKit/537.36 (KHTML, like Gecko) Chrome/101.0.4951.6', '', 'Services group Added by admin', 21),
(97, '2022-05-24 23:34:12', 'Accounts', '::1', 'admin', '', 'Mozilla/5.0 (Windows NT 10.0; Win64; x64) AppleWebKit/537.36 (KHTML, like Gecko) Chrome/101.0.4951.6', '', 'Services group updated by admin', 21),
(98, '2022-05-24 23:34:30', 'Accounts', '::1', 'admin', '', 'Mozilla/5.0 (Windows NT 10.0; Win64; x64) AppleWebKit/537.36 (KHTML, like Gecko) Chrome/101.0.4951.6', '', 'Installation Service group updated by admin', 21),
(99, '2022-05-24 23:37:02', 'Accounts', '::1', 'admin', '', 'Mozilla/5.0 (Windows NT 10.0; Win64; x64) AppleWebKit/537.36 (KHTML, like Gecko) Chrome/101.0.4951.6', '', ' Trail Balance Report Retrieved by admin', 21),
(100, '2022-05-24 23:37:22', 'Accounts', '::1', 'admin', '', 'Mozilla/5.0 (Windows NT 10.0; Win64; x64) AppleWebKit/537.36 (KHTML, like Gecko) Chrome/101.0.4951.6', '', ' Pofit & Loss Report Retrieved by admin', 21),
(101, '2022-05-25 00:20:23', 'Accounts', '::1', 'admin', '', 'Mozilla/5.0 (Windows NT 10.0; Win64; x64) AppleWebKit/537.36 (KHTML, like Gecko) Chrome/101.0.4951.6', '', 'Government Tax Paying  group Added by admin', 21),
(102, '2022-05-25 00:22:09', 'trans', '::1', 'admin', '', 'Mozilla/5.0 (Windows NT 10.0; Win64; x64) AppleWebKit/537.36 (KHTML, like Gecko) Chrome/101.0.4951.6', '', 'invoice no S23 Sale transaction created by admin', 21),
(103, '2022-06-05 13:43:43', 'Admin', '::1', 'admin', '', 'Mozilla/5.0 (Windows NT 10.0; Win64; x64) AppleWebKit/537.36 (KHTML, like Gecko) Chrome/102.0.0.0 Sa', '', 'admin User logged in by admin', 21),
(104, '2022-06-05 14:32:15', 'Admin', '::1', 'admin', '', 'Mozilla/5.0 (Windows NT 10.0; Win64; x64) AppleWebKit/537.36 (KHTML, like Gecko) Chrome/102.0.0.0 Sa', '', 'admin User logged in by admin', 21),
(105, '2022-06-05 17:12:26', 'trans', '::1', 'admin', '', 'Mozilla/5.0 (Windows NT 10.0; Win64; x64) AppleWebKit/537.36 (KHTML, like Gecko) Chrome/102.0.0.0 Sa', '', 'invoice no S1 Sale transaction created by admin', 21),
(106, '2022-06-05 22:21:53', 'Admin', '::1', 'admin', '', 'Mozilla/5.0 (Windows NT 10.0; Win64; x64) AppleWebKit/537.36 (KHTML, like Gecko) Chrome/102.0.0.0 Sa', '', 'admin User logged in by admin', 21),
(107, '2022-06-05 22:39:54', 'trans', '::1', 'admin', '', 'Mozilla/5.0 (Windows NT 10.0; Win64; x64) AppleWebKit/537.36 (KHTML, like Gecko) Chrome/102.0.0.0 Sa', '', 'invoice no S1 Sale transaction created by admin', 21),
(108, '2022-06-05 22:39:54', 'trans', '::1', 'admin', '', 'Mozilla/5.0 (Windows NT 10.0; Win64; x64) AppleWebKit/537.36 (KHTML, like Gecko) Chrome/102.0.0.0 Sa', '', 'invoice no S1 Sale transaction created by admin', 21),
(109, '2022-06-05 22:40:36', 'trans', '::1', 'admin', '', 'Mozilla/5.0 (Windows NT 10.0; Win64; x64) AppleWebKit/537.36 (KHTML, like Gecko) Chrome/102.0.0.0 Sa', '', 'invoice no S2 Sale transaction created by admin', 21),
(110, '2022-06-05 22:58:37', 'admin', '::1', 'admin', '', 'Mozilla/5.0 (Windows NT 10.0; Win64; x64) AppleWebKit/537.36 (KHTML, like Gecko) Chrome/102.0.0.0 Sa', '', 'username admin, Full Namedemo User updated by admin', 21),
(111, '2022-06-05 23:56:21', 'trans', '::1', 'admin', '', 'Mozilla/5.0 (Windows NT 10.0; Win64; x64) AppleWebKit/537.36 (KHTML, like Gecko) Chrome/102.0.0.0 Sa', '', 'invoice no JV1 Transfer transaction created by admin', 21),
(112, '2022-06-05 23:58:24', 'trans', '::1', 'admin', '', 'Mozilla/5.0 (Windows NT 10.0; Win64; x64) AppleWebKit/537.36 (KHTML, like Gecko) Chrome/102.0.0.0 Sa', '', 'invoice no JV2 Transfer transaction created by admin', 21),
(113, '2022-06-06 00:01:39', 'trans', '::1', 'admin', '', 'Mozilla/5.0 (Windows NT 10.0; Win64; x64) AppleWebKit/537.36 (KHTML, like Gecko) Chrome/102.0.0.0 Sa', '', 'invoice no JV3 Transfer transaction created by admin', 21),
(114, '2022-06-06 20:12:43', 'Admin', '::1', 'admin', '', 'Mozilla/5.0 (Windows NT 10.0; Win64; x64) AppleWebKit/537.36 (KHTML, like Gecko) Chrome/102.0.0.0 Sa', '', 'admin User logged in by admin', 21),
(115, '2022-06-07 19:16:27', 'Admin', '::1', 'admin', '', 'Mozilla/5.0 (Windows NT 10.0; Win64; x64) AppleWebKit/537.36 (KHTML, like Gecko) Chrome/102.0.0.0 Sa', '', 'admin User logged in by admin', 21),
(116, '2022-06-18 10:03:48', 'Admin', '::1', 'admin', '', 'Mozilla/5.0 (Windows NT 10.0; Win64; x64) AppleWebKit/537.36 (KHTML, like Gecko) Chrome/102.0.0.0 Sa', '', 'admin User logged in by admin', 21),
(117, '2022-06-18 10:14:40', 'admin', '::1', 'admin', '', 'Mozilla/5.0 (Windows NT 10.0; Win64; x64) AppleWebKit/537.36 (KHTML, like Gecko) Chrome/102.0.0.0 Sa', '', 'username admin, Full Namedemo User updated by admin', 21),
(118, '2022-06-18 10:18:36', 'admin', '::1', 'admin', '', 'Mozilla/5.0 (Windows NT 10.0; Win64; x64) AppleWebKit/537.36 (KHTML, like Gecko) Chrome/102.0.0.0 Sa', '', 'username admin, Full Namedemo User updated by admin', 21),
(119, '2022-06-18 14:07:14', 'trans', '::1', 'admin', '', 'Mozilla/5.0 (Windows NT 10.0; Win64; x64) AppleWebKit/537.36 (KHTML, like Gecko) Chrome/102.0.0.0 Sa', '', 'invoice no B1 Bank Deposit transaction created by admin', 21),
(120, '2022-06-18 14:07:14', 'trans', '::1', 'admin', '', 'Mozilla/5.0 (Windows NT 10.0; Win64; x64) AppleWebKit/537.36 (KHTML, like Gecko) Chrome/102.0.0.0 Sa', '', 'invoice no B1 Bank Deposit transaction created by admin', 21),
(121, '2022-06-18 14:37:19', 'trans', '::1', 'admin', '', 'Mozilla/5.0 (Windows NT 10.0; Win64; x64) AppleWebKit/537.36 (KHTML, like Gecko) Chrome/102.0.0.0 Sa', '', 'invoice no B2 Bank Deposit transaction created by admin', 21),
(122, '2022-06-20 19:09:09', 'Admin', '::1', 'admin', '', 'Mozilla/5.0 (Windows NT 10.0; Win64; x64) AppleWebKit/537.36 (KHTML, like Gecko) Chrome/102.0.0.0 Sa', '', 'admin User logged in by admin', 21),
(123, '2022-06-21 18:58:00', 'Admin', '::1', 'admin', '', 'Mozilla/5.0 (Windows NT 10.0; Win64; x64) AppleWebKit/537.36 (KHTML, like Gecko) Chrome/102.0.0.0 Sa', '', 'admin User logged in by admin', 21),
(124, '2022-06-21 20:04:30', 'trans', '::1', 'admin', '', 'Mozilla/5.0 (Windows NT 10.0; Win64; x64) AppleWebKit/537.36 (KHTML, like Gecko) Chrome/102.0.0.0 Sa', '', 'invoice no S23 Sale transaction created by admin', 21),
(125, '2022-06-21 20:05:55', 'trans', '::1', 'admin', '', 'Mozilla/5.0 (Windows NT 10.0; Win64; x64) AppleWebKit/537.36 (KHTML, like Gecko) Chrome/102.0.0.0 Sa', '', 'invoice no S24 Sale transaction created by admin', 21),
(126, '2022-06-21 20:05:55', 'trans', '::1', 'admin', '', 'Mozilla/5.0 (Windows NT 10.0; Win64; x64) AppleWebKit/537.36 (KHTML, like Gecko) Chrome/102.0.0.0 Sa', '', 'invoice no S24 Sale transaction created by admin', 21),
(127, '2022-06-21 20:07:52', 'trans', '::1', 'admin', '', 'Mozilla/5.0 (Windows NT 10.0; Win64; x64) AppleWebKit/537.36 (KHTML, like Gecko) Chrome/102.0.0.0 Sa', '', 'invoice no S25 Sale transaction created by admin', 21),
(128, '2022-06-21 20:07:52', 'trans', '::1', 'admin', '', 'Mozilla/5.0 (Windows NT 10.0; Win64; x64) AppleWebKit/537.36 (KHTML, like Gecko) Chrome/102.0.0.0 Sa', '', 'invoice no S25 Sale transaction created by admin', 21),
(129, '2022-06-21 20:11:24', 'trans', '::1', 'admin', '', 'Mozilla/5.0 (Windows NT 10.0; Win64; x64) AppleWebKit/537.36 (KHTML, like Gecko) Chrome/102.0.0.0 Sa', '', 'invoice no S20 Sale transaction created by admin', 21),
(130, '2022-06-21 20:15:58', 'trans', '::1', 'admin', '', 'Mozilla/5.0 (Windows NT 10.0; Win64; x64) AppleWebKit/537.36 (KHTML, like Gecko) Chrome/102.0.0.0 Sa', '', 'invoice no S22 Sale transaction created by admin', 21),
(131, '2022-06-21 21:18:40', 'trans', '::1', 'admin', '', 'Mozilla/5.0 (Windows NT 10.0; Win64; x64) AppleWebKit/537.36 (KHTML, like Gecko) Chrome/102.0.0.0 Sa', '', 'invoice no R11 Purchase transaction created by admin', 21),
(132, '2022-06-22 20:13:25', 'Admin', '::1', 'guven', '', 'Mozilla/5.0 (Windows NT 10.0; Win64; x64) AppleWebKit/537.36 (KHTML, like Gecko) Chrome/102.0.0.0 Sa', '', 'guven User logged in by guven', 23),
(133, '2022-06-22 23:06:21', 'Admin', '::1', 'admin', '', 'Mozilla/5.0 (Windows NT 10.0; Win64; x64) AppleWebKit/537.36 (KHTML, like Gecko) Chrome/102.0.0.0 Sa', '', 'admin User logged in by admin', 21),
(134, '2022-07-06 18:55:03', 'Admin', '::1', 'admin', '', 'Mozilla/5.0 (Windows NT 10.0; Win64; x64) AppleWebKit/537.36 (KHTML, like Gecko) Chrome/103.0.0.0 Sa', '', 'admin User logged in by admin', 21),
(135, '2022-07-06 19:23:29', 'Setting', '::1', 'admin', '', 'Mozilla/5.0 (Windows NT 10.0; Win64; x64) AppleWebKit/537.36 (KHTML, like Gecko) Chrome/103.0.0.0 Sa', '', 'DHL tax added by admin', 21),
(136, '2022-07-06 19:29:28', 'Setting', '::1', 'admin', '', 'Mozilla/5.0 (Windows NT 10.0; Win64; x64) AppleWebKit/537.36 (KHTML, like Gecko) Chrome/103.0.0.0 Sa', '', 'DHL tax updated by admin', 21),
(137, '2022-07-06 19:30:10', 'Setting', '::1', 'admin', '', 'Mozilla/5.0 (Windows NT 10.0; Win64; x64) AppleWebKit/537.36 (KHTML, like Gecko) Chrome/103.0.0.0 Sa', '', 'GST 15% tax updated by admin', 21),
(138, '2022-07-06 20:06:40', 'Setting', '::1', 'admin', '', 'Mozilla/5.0 (Windows NT 10.0; Win64; x64) AppleWebKit/537.36 (KHTML, like Gecko) Chrome/103.0.0.0 Sa', '', 'tax ID 2 tax Inactivated by admin', 21),
(139, '2022-07-06 20:06:51', 'Setting', '::1', 'admin', '', 'Mozilla/5.0 (Windows NT 10.0; Win64; x64) AppleWebKit/537.36 (KHTML, like Gecko) Chrome/103.0.0.0 Sa', '', 'GST 15% tax updated by admin', 21),
(140, '2022-07-08 00:11:31', 'Admin', '::1', 'admin', '', 'Mozilla/5.0 (Windows NT 10.0; Win64; x64) AppleWebKit/537.36 (KHTML, like Gecko) Chrome/103.0.0.0 Sa', '', 'admin User logged in by admin', 21),
(141, '2022-07-08 00:34:00', 'trans', '::1', 'admin', '', 'Mozilla/5.0 (Windows NT 10.0; Win64; x64) AppleWebKit/537.36 (KHTML, like Gecko) Chrome/103.0.0.0 Sa', '', 'invoice no S26 Sale transaction created by admin', 21),
(142, '2022-07-08 00:34:00', 'trans', '::1', 'admin', '', 'Mozilla/5.0 (Windows NT 10.0; Win64; x64) AppleWebKit/537.36 (KHTML, like Gecko) Chrome/103.0.0.0 Sa', '', 'invoice no S26 Sale transaction created by admin', 21),
(143, '2022-07-08 00:37:37', 'trans', '::1', 'admin', '', 'Mozilla/5.0 (Windows NT 10.0; Win64; x64) AppleWebKit/537.36 (KHTML, like Gecko) Chrome/103.0.0.0 Sa', '', 'invoice no S26 Sale transaction created by admin', 21),
(144, '2022-07-08 00:37:37', 'trans', '::1', 'admin', '', 'Mozilla/5.0 (Windows NT 10.0; Win64; x64) AppleWebKit/537.36 (KHTML, like Gecko) Chrome/103.0.0.0 Sa', '', 'invoice no S26 Sale transaction created by admin', 21),
(145, '2022-07-08 20:33:27', 'Admin', '::1', 'admin', '', 'Mozilla/5.0 (Windows NT 10.0; Win64; x64) AppleWebKit/537.36 (KHTML, like Gecko) Chrome/103.0.0.0 Sa', '', 'admin User logged in by admin', 21),
(146, '2022-07-08 21:47:05', 'Admin', '::1', 'admin', '', 'Mozilla/5.0 (Windows NT 10.0; Win64; x64) AppleWebKit/537.36 (KHTML, like Gecko) Chrome/103.0.0.0 Sa', '', 'admin User logged out by admin', 21),
(147, '2022-07-09 11:34:03', 'Admin', '::1', 'admin', '', 'Mozilla/5.0 (Windows NT 10.0; Win64; x64) AppleWebKit/537.36 (KHTML, like Gecko) Chrome/103.0.0.0 Sa', '', 'admin User logged in by admin', 21),
(148, '2022-07-10 19:07:06', 'Admin', '::1', 'admin', '', 'Mozilla/5.0 (Windows NT 10.0; Win64; x64) AppleWebKit/537.36 (KHTML, like Gecko) Chrome/103.0.0.0 Sa', '', 'admin User logged in by admin', 21),
(149, '2022-07-22 00:36:41', 'Admin', '::1', 'admin', '', 'Mozilla/5.0 (Windows NT 10.0; Win64; x64) AppleWebKit/537.36 (KHTML, like Gecko) Chrome/103.0.0.0 Sa', '', 'admin User logged in by admin', 21),
(150, '2022-07-28 00:21:43', 'Admin', '::1', 'admin', '', 'Mozilla/5.0 (Windows NT 10.0; Win64; x64) AppleWebKit/537.36 (KHTML, like Gecko) Chrome/103.0.0.0 Sa', '', 'admin User logged in by admin', 21),
(151, '2022-07-28 12:05:28', 'Admin', '::1', 'admin', '', 'Mozilla/5.0 (Windows NT 10.0; Win64; x64) AppleWebKit/537.36 (KHTML, like Gecko) Chrome/103.0.0.0 Sa', '', 'admin User logged in by admin', 21),
(152, '2022-07-28 12:27:32', 'trans', '::1', 'admin', '', 'Mozilla/5.0 (Windows NT 10.0; Win64; x64) AppleWebKit/537.36 (KHTML, like Gecko) Chrome/103.0.0.0 Sa', '', 'invoice no S27 Sale transaction created by admin', 21),
(153, '2022-07-28 12:27:32', 'trans', '::1', 'admin', '', 'Mozilla/5.0 (Windows NT 10.0; Win64; x64) AppleWebKit/537.36 (KHTML, like Gecko) Chrome/103.0.0.0 Sa', '', 'invoice no S27 Sale transaction created by admin', 21),
(154, '2022-07-28 15:30:25', 'Admin', '::1', 'admin', '', 'Mozilla/5.0 (Windows NT 10.0; Win64; x64) AppleWebKit/537.36 (KHTML, like Gecko) Chrome/103.0.0.0 Sa', '', 'admin User logged in by admin', 21),
(155, '2022-07-28 16:42:59', 'trans', '::1', 'admin', '', 'Mozilla/5.0 (Windows NT 10.0; Win64; x64) AppleWebKit/537.36 (KHTML, like Gecko) Chrome/103.0.0.0 Sa', '', 'invoice no S27 Sale transaction created by admin', 21),
(156, '2022-07-28 16:42:59', 'trans', '::1', 'admin', '', 'Mozilla/5.0 (Windows NT 10.0; Win64; x64) AppleWebKit/537.36 (KHTML, like Gecko) Chrome/103.0.0.0 Sa', '', 'invoice no S27 Sale transaction created by admin', 21),
(157, '2022-07-28 16:42:59', 'trans', '::1', 'admin', '', 'Mozilla/5.0 (Windows NT 10.0; Win64; x64) AppleWebKit/537.36 (KHTML, like Gecko) Chrome/103.0.0.0 Sa', '', 'invoice no S27 Sale transaction created by admin', 21),
(158, '2022-07-28 17:03:24', 'trans', '::1', 'admin', '', 'Mozilla/5.0 (Windows NT 10.0; Win64; x64) AppleWebKit/537.36 (KHTML, like Gecko) Chrome/103.0.0.0 Sa', '', 'invoice no S27 Sale transaction created by admin', 21),
(159, '2022-07-28 17:03:24', 'trans', '::1', 'admin', '', 'Mozilla/5.0 (Windows NT 10.0; Win64; x64) AppleWebKit/537.36 (KHTML, like Gecko) Chrome/103.0.0.0 Sa', '', 'invoice no S27 Sale transaction created by admin', 21),
(160, '2022-07-28 17:03:24', 'trans', '::1', 'admin', '', 'Mozilla/5.0 (Windows NT 10.0; Win64; x64) AppleWebKit/537.36 (KHTML, like Gecko) Chrome/103.0.0.0 Sa', '', 'invoice no S27 Sale transaction created by admin', 21),
(161, '2022-07-28 17:04:15', 'trans', '::1', 'admin', '', 'Mozilla/5.0 (Windows NT 10.0; Win64; x64) AppleWebKit/537.36 (KHTML, like Gecko) Chrome/103.0.0.0 Sa', '', 'invoice no S27 Sale transaction created by admin', 21),
(162, '2022-07-28 17:04:15', 'trans', '::1', 'admin', '', 'Mozilla/5.0 (Windows NT 10.0; Win64; x64) AppleWebKit/537.36 (KHTML, like Gecko) Chrome/103.0.0.0 Sa', '', 'invoice no S27 Sale transaction created by admin', 21),
(163, '2022-07-28 17:04:15', 'trans', '::1', 'admin', '', 'Mozilla/5.0 (Windows NT 10.0; Win64; x64) AppleWebKit/537.36 (KHTML, like Gecko) Chrome/103.0.0.0 Sa', '', 'invoice no S27 Sale transaction created by admin', 21),
(164, '2022-07-28 17:07:51', 'trans', '::1', 'admin', '', 'Mozilla/5.0 (Windows NT 10.0; Win64; x64) AppleWebKit/537.36 (KHTML, like Gecko) Chrome/103.0.0.0 Sa', '', 'invoice no S27 Sale transaction created by admin', 21),
(165, '2022-07-28 17:07:51', 'trans', '::1', 'admin', '', 'Mozilla/5.0 (Windows NT 10.0; Win64; x64) AppleWebKit/537.36 (KHTML, like Gecko) Chrome/103.0.0.0 Sa', '', 'invoice no S27 Sale transaction created by admin', 21),
(166, '2022-07-28 17:07:51', 'trans', '::1', 'admin', '', 'Mozilla/5.0 (Windows NT 10.0; Win64; x64) AppleWebKit/537.36 (KHTML, like Gecko) Chrome/103.0.0.0 Sa', '', 'invoice no S27 Sale transaction created by admin', 21),
(167, '2022-07-28 19:35:16', 'Admin', '::1', 'admin', '', 'Mozilla/5.0 (Windows NT 10.0; Win64; x64) AppleWebKit/537.36 (KHTML, like Gecko) Chrome/103.0.0.0 Sa', '', 'admin User logged in by admin', 21),
(168, '2022-07-29 15:56:34', 'Admin', '::1', 'admin', '', 'Mozilla/5.0 (Windows NT 10.0; Win64; x64) AppleWebKit/537.36 (KHTML, like Gecko) Chrome/103.0.0.0 Sa', '', 'admin User logged in by admin', 21),
(169, '2022-07-29 15:59:48', 'trans', '::1', 'admin', '', 'Mozilla/5.0 (Windows NT 10.0; Win64; x64) AppleWebKit/537.36 (KHTML, like Gecko) Chrome/103.0.0.0 Sa', '', 'invoice no S28 Sale transaction created by admin', 21),
(170, '2022-07-29 15:59:48', 'trans', '::1', 'admin', '', 'Mozilla/5.0 (Windows NT 10.0; Win64; x64) AppleWebKit/537.36 (KHTML, like Gecko) Chrome/103.0.0.0 Sa', '', 'invoice no S28 Sale transaction created by admin', 21),
(171, '2022-07-29 16:35:34', 'trans', '::1', 'admin', '', 'Mozilla/5.0 (Windows NT 10.0; Win64; x64) AppleWebKit/537.36 (KHTML, like Gecko) Chrome/103.0.0.0 Sa', '', 'invoice no B3 Bank Deposit transaction created by admin', 21),
(172, '2022-07-29 16:35:34', 'trans', '::1', 'admin', '', 'Mozilla/5.0 (Windows NT 10.0; Win64; x64) AppleWebKit/537.36 (KHTML, like Gecko) Chrome/103.0.0.0 Sa', '', 'invoice no B3 Bank Deposit transaction created by admin', 21),
(173, '2022-07-29 19:15:18', 'Admin', '::1', 'admin', '', 'Mozilla/5.0 (Windows NT 10.0; Win64; x64) AppleWebKit/537.36 (KHTML, like Gecko) Chrome/103.0.0.0 Sa', '', 'admin User logged in by admin', 21),
(174, '2022-07-29 19:15:56', 'trans', '::1', 'admin', '', 'Mozilla/5.0 (Windows NT 10.0; Win64; x64) AppleWebKit/537.36 (KHTML, like Gecko) Chrome/103.0.0.0 Sa', '', 'invoice no B4 Bank Deposit transaction created by admin', 21),
(175, '2022-07-29 19:43:14', 'trans', '::1', 'admin', '', 'Mozilla/5.0 (Windows NT 10.0; Win64; x64) AppleWebKit/537.36 (KHTML, like Gecko) Chrome/103.0.0.0 Sa', '', 'invoice no S29 Sale transaction created by admin', 21),
(176, '2022-07-29 19:43:14', 'trans', '::1', 'admin', '', 'Mozilla/5.0 (Windows NT 10.0; Win64; x64) AppleWebKit/537.36 (KHTML, like Gecko) Chrome/103.0.0.0 Sa', '', 'invoice no S29 Sale transaction created by admin', 21),
(177, '2022-07-29 20:10:26', 'trans', '::1', 'admin', '', 'Mozilla/5.0 (Windows NT 10.0; Win64; x64) AppleWebKit/537.36 (KHTML, like Gecko) Chrome/103.0.0.0 Sa', '', 'invoice no S30 Invoice transaction created by admin', 21),
(178, '2022-07-29 20:10:27', 'trans', '::1', 'admin', '', 'Mozilla/5.0 (Windows NT 10.0; Win64; x64) AppleWebKit/537.36 (KHTML, like Gecko) Chrome/103.0.0.0 Sa', '', 'invoice no S30 Invoice transaction created by admin', 21),
(179, '2022-07-29 22:23:59', 'trans', '::1', 'admin', '', 'Mozilla/5.0 (Windows NT 10.0; Win64; x64) AppleWebKit/537.36 (KHTML, like Gecko) Chrome/103.0.0.0 Sa', '', 'invoice no JV4 Payment Receipt transaction created by admin', 21),
(180, '2022-07-29 23:17:44', 'trans', '::1', 'admin', '', 'Mozilla/5.0 (Windows NT 10.0; Win64; x64) AppleWebKit/537.36 (KHTML, like Gecko) Chrome/103.0.0.0 Sa', '', 'invoice no B5 Bank Deposit transaction created by admin', 21),
(181, '2022-08-01 23:04:06', 'Admin', '::1', 'admin', '', 'Mozilla/5.0 (Windows NT 10.0; Win64; x64) AppleWebKit/537.36 (KHTML, like Gecko) Chrome/103.0.0.0 Sa', '', 'admin User logged in by admin', 21),
(182, '2022-08-02 20:12:55', 'Admin', '::1', 'admin', '', 'Mozilla/5.0 (Windows NT 10.0; Win64; x64) AppleWebKit/537.36 (KHTML, like Gecko) Chrome/103.0.0.0 Sa', '', 'admin User logged in by admin', 21),
(183, '2022-08-02 20:37:50', 'trans', '::1', 'admin', '', 'Mozilla/5.0 (Windows NT 10.0; Win64; x64) AppleWebKit/537.36 (KHTML, like Gecko) Chrome/103.0.0.0 Sa', '', 'invoice no JV5 Payment Receipt transaction created by admin', 21),
(184, '2022-08-02 20:38:26', 'trans', '::1', 'admin', '', 'Mozilla/5.0 (Windows NT 10.0; Win64; x64) AppleWebKit/537.36 (KHTML, like Gecko) Chrome/103.0.0.0 Sa', '', 'invoice no JV6 Payment Receipt transaction created by admin', 21),
(185, '2022-08-02 20:40:06', 'trans', '::1', 'admin', '', 'Mozilla/5.0 (Windows NT 10.0; Win64; x64) AppleWebKit/537.36 (KHTML, like Gecko) Chrome/103.0.0.0 Sa', '', 'invoice no JV7 Payment Receipt transaction created by admin', 21),
(186, '2022-08-02 21:01:52', 'trans', '::1', 'admin', '', 'Mozilla/5.0 (Windows NT 10.0; Win64; x64) AppleWebKit/537.36 (KHTML, like Gecko) Chrome/103.0.0.0 Sa', '', 'invoice no JV8 Payment Receipt transaction created by admin', 21),
(187, '2022-08-02 21:08:44', 'trans', '::1', 'admin', '', 'Mozilla/5.0 (Windows NT 10.0; Win64; x64) AppleWebKit/537.36 (KHTML, like Gecko) Chrome/103.0.0.0 Sa', '', 'invoice no JV9 Payment Receipt transaction created by admin', 21),
(188, '2022-08-03 21:46:10', 'Admin', '::1', 'admin', '', 'Mozilla/5.0 (Windows NT 10.0; Win64; x64) AppleWebKit/537.36 (KHTML, like Gecko) Chrome/103.0.0.0 Sa', '', 'admin User logged in by admin', 21),
(189, '2022-08-17 21:22:37', 'Admin', '::1', 'admin', '', 'Mozilla/5.0 (Windows NT 10.0; Win64; x64) AppleWebKit/537.36 (KHTML, like Gecko) Chrome/104.0.0.0 Sa', '', 'admin User logged in by admin', 21),
(190, '2022-08-17 21:26:11', 'Setting', '::1', 'admin', '', 'Mozilla/5.0 (Windows NT 10.0; Win64; x64) AppleWebKit/537.36 (KHTML, like Gecko) Chrome/104.0.0.0 Sa', '', '7.5% tax added by admin', 21),
(191, '2022-08-17 21:26:46', 'Setting', '::1', 'admin', '', 'Mozilla/5.0 (Windows NT 10.0; Win64; x64) AppleWebKit/537.36 (KHTML, like Gecko) Chrome/104.0.0.0 Sa', '', '7.5% tax updated by admin', 21),
(192, '2022-08-17 21:28:05', 'Setting', '::1', 'admin', '', 'Mozilla/5.0 (Windows NT 10.0; Win64; x64) AppleWebKit/537.36 (KHTML, like Gecko) Chrome/104.0.0.0 Sa', '', 'GST 15% v tax updated by admin', 21),
(193, '2022-08-17 21:28:13', 'Setting', '::1', 'admin', '', 'Mozilla/5.0 (Windows NT 10.0; Win64; x64) AppleWebKit/537.36 (KHTML, like Gecko) Chrome/104.0.0.0 Sa', '', 'GST 15% tax updated by admin', 21),
(194, '2022-08-17 23:20:33', 'trans', '::1', 'admin', '', 'Mozilla/5.0 (Windows NT 10.0; Win64; x64) AppleWebKit/537.36 (KHTML, like Gecko) Chrome/104.0.0.0 Sa', '', 'invoice no R12 Purchase transaction created by admin', 21),
(195, '2022-08-17 23:45:58', 'trans', '::1', 'admin', '', 'Mozilla/5.0 (Windows NT 10.0; Win64; x64) AppleWebKit/537.36 (KHTML, like Gecko) Chrome/104.0.0.0 Sa', '', 'invoice no R13 Purchase transaction created by admin', 21),
(196, '2022-08-17 23:49:27', 'trans', '::1', 'admin', '', 'Mozilla/5.0 (Windows NT 10.0; Win64; x64) AppleWebKit/537.36 (KHTML, like Gecko) Chrome/104.0.0.0 Sa', '', 'invoice no JV10 Payment Receipt transaction created by admin', 21),
(197, '2022-08-17 23:50:41', 'trans', '::1', 'admin', '', 'Mozilla/5.0 (Windows NT 10.0; Win64; x64) AppleWebKit/537.36 (KHTML, like Gecko) Chrome/104.0.0.0 Sa', '', 'invoice no JV11 Payment Receipt transaction created by admin', 21),
(198, '2022-08-17 23:52:30', 'trans', '::1', 'admin', '', 'Mozilla/5.0 (Windows NT 10.0; Win64; x64) AppleWebKit/537.36 (KHTML, like Gecko) Chrome/104.0.0.0 Sa', '', 'invoice no JV12 Payment Receipt transaction created by admin', 21),
(199, '2022-08-30 19:58:40', 'Admin', '::1', 'admin', '', 'Mozilla/5.0 (Windows NT 10.0; Win64; x64) AppleWebKit/537.36 (KHTML, like Gecko) Chrome/104.0.0.0 Sa', '', 'admin User logged in by admin', 21),
(200, '2022-09-01 21:20:23', 'Admin', '::1', 'admin', '', 'Mozilla/5.0 (Windows NT 10.0; Win64; x64) AppleWebKit/537.36 (KHTML, like Gecko) Chrome/104.0.0.0 Sa', '', 'admin User logged in by admin', 21),
(201, '2022-09-01 21:27:15', 'Accounts', '::1', 'admin', '', 'Mozilla/5.0 (Windows NT 10.0; Win64; x64) AppleWebKit/537.36 (KHTML, like Gecko) Chrome/104.0.0.0 Sa', '', ' Balance Sheet Retrieved by admin', 21),
(202, '2022-09-01 21:29:21', 'Accounts', '::1', 'admin', '', 'Mozilla/5.0 (Windows NT 10.0; Win64; x64) AppleWebKit/537.36 (KHTML, like Gecko) Chrome/104.0.0.0 Sa', '', ' Balance Sheet Retrieved by admin', 21),
(203, '2022-09-01 21:30:12', 'Accounts', '::1', 'admin', '', 'Mozilla/5.0 (Windows NT 10.0; Win64; x64) AppleWebKit/537.36 (KHTML, like Gecko) Chrome/104.0.0.0 Sa', '', ' Balance Sheet Retrieved by admin', 21),
(204, '2022-09-01 21:30:48', 'Accounts', '::1', 'admin', '', 'Mozilla/5.0 (Windows NT 10.0; Win64; x64) AppleWebKit/537.36 (KHTML, like Gecko) Chrome/104.0.0.0 Sa', '', ' Balance Sheet Retrieved by admin', 21),
(205, '2022-09-01 21:32:20', 'Accounts', '::1', 'admin', '', 'Mozilla/5.0 (Windows NT 10.0; Win64; x64) AppleWebKit/537.36 (KHTML, like Gecko) Chrome/104.0.0.0 Sa', '', ' Balance Sheet Retrieved by admin', 21),
(206, '2022-09-01 21:33:00', 'Accounts', '::1', 'admin', '', 'Mozilla/5.0 (Windows NT 10.0; Win64; x64) AppleWebKit/537.36 (KHTML, like Gecko) Chrome/104.0.0.0 Sa', '', ' Balance Sheet Retrieved by admin', 21),
(207, '2022-09-01 21:33:22', 'Accounts', '::1', 'admin', '', 'Mozilla/5.0 (Windows NT 10.0; Win64; x64) AppleWebKit/537.36 (KHTML, like Gecko) Chrome/104.0.0.0 Sa', '', ' Balance Sheet Retrieved by admin', 21),
(208, '2022-09-01 21:33:34', 'Accounts', '::1', 'admin', '', 'Mozilla/5.0 (Windows NT 10.0; Win64; x64) AppleWebKit/537.36 (KHTML, like Gecko) Chrome/104.0.0.0 Sa', '', ' Balance Sheet Retrieved by admin', 21),
(209, '2022-09-01 21:33:42', 'Accounts', '::1', 'admin', '', 'Mozilla/5.0 (Windows NT 10.0; Win64; x64) AppleWebKit/537.36 (KHTML, like Gecko) Chrome/104.0.0.0 Sa', '', ' Balance Sheet Retrieved by admin', 21),
(210, '2022-09-01 21:34:20', 'Accounts', '::1', 'admin', '', 'Mozilla/5.0 (Windows NT 10.0; Win64; x64) AppleWebKit/537.36 (KHTML, like Gecko) Chrome/104.0.0.0 Sa', '', ' Balance Sheet Retrieved by admin', 21),
(211, '2022-09-01 21:39:09', 'Accounts', '::1', 'admin', '', 'Mozilla/5.0 (Windows NT 10.0; Win64; x64) AppleWebKit/537.36 (KHTML, like Gecko) Chrome/104.0.0.0 Sa', '', ' Balance Sheet Retrieved by admin', 21),
(212, '2022-09-01 21:39:16', 'Accounts', '::1', 'admin', '', 'Mozilla/5.0 (Windows NT 10.0; Win64; x64) AppleWebKit/537.36 (KHTML, like Gecko) Chrome/104.0.0.0 Sa', '', ' Balance Sheet Retrieved by admin', 21),
(213, '2022-09-01 21:39:25', 'Accounts', '::1', 'admin', '', 'Mozilla/5.0 (Windows NT 10.0; Win64; x64) AppleWebKit/537.36 (KHTML, like Gecko) Chrome/104.0.0.0 Sa', '', ' Balance Sheet Retrieved by admin', 21),
(214, '2022-09-01 21:40:22', 'Accounts', '::1', 'admin', '', 'Mozilla/5.0 (Windows NT 10.0; Win64; x64) AppleWebKit/537.36 (KHTML, like Gecko) Chrome/104.0.0.0 Sa', '', ' Balance Sheet Retrieved by admin', 21),
(215, '2022-09-01 21:42:16', 'Accounts', '::1', 'admin', '', 'Mozilla/5.0 (Windows NT 10.0; Win64; x64) AppleWebKit/537.36 (KHTML, like Gecko) Chrome/104.0.0.0 Sa', '', ' Balance Sheet Retrieved by admin', 21),
(216, '2022-09-01 21:42:57', 'Accounts', '::1', 'admin', '', 'Mozilla/5.0 (Windows NT 10.0; Win64; x64) AppleWebKit/537.36 (KHTML, like Gecko) Chrome/104.0.0.0 Sa', '', ' Balance Sheet Retrieved by admin', 21),
(217, '2022-09-01 21:47:09', 'Accounts', '::1', 'admin', '', 'Mozilla/5.0 (Windows NT 10.0; Win64; x64) AppleWebKit/537.36 (KHTML, like Gecko) Chrome/104.0.0.0 Sa', '', ' Balance Sheet Retrieved by admin', 21),
(218, '2022-09-01 21:47:53', 'Accounts', '::1', 'admin', '', 'Mozilla/5.0 (Windows NT 10.0; Win64; x64) AppleWebKit/537.36 (KHTML, like Gecko) Chrome/104.0.0.0 Sa', '', ' Balance Sheet Retrieved by admin', 21),
(219, '2022-09-01 21:50:34', 'Accounts', '::1', 'admin', '', 'Mozilla/5.0 (Windows NT 10.0; Win64; x64) AppleWebKit/537.36 (KHTML, like Gecko) Chrome/104.0.0.0 Sa', '', ' Balance Sheet Retrieved by admin', 21),
(220, '2022-09-01 21:50:41', 'Accounts', '::1', 'admin', '', 'Mozilla/5.0 (Windows NT 10.0; Win64; x64) AppleWebKit/537.36 (KHTML, like Gecko) Chrome/104.0.0.0 Sa', '', ' Balance Sheet Retrieved by admin', 21),
(221, '2022-09-01 21:52:27', 'Accounts', '::1', 'admin', '', 'Mozilla/5.0 (Windows NT 10.0; Win64; x64) AppleWebKit/537.36 (KHTML, like Gecko) Chrome/104.0.0.0 Sa', '', ' Balance Sheet Retrieved by admin', 21),
(222, '2022-09-01 21:52:47', 'Accounts', '::1', 'admin', '', 'Mozilla/5.0 (Windows NT 10.0; Win64; x64) AppleWebKit/537.36 (KHTML, like Gecko) Chrome/104.0.0.0 Sa', '', ' Balance Sheet Retrieved by admin', 21),
(223, '2022-09-01 21:57:38', 'Accounts', '::1', 'admin', '', 'Mozilla/5.0 (Windows NT 10.0; Win64; x64) AppleWebKit/537.36 (KHTML, like Gecko) Chrome/104.0.0.0 Sa', '', ' Balance Sheet Retrieved by admin', 21),
(224, '2022-09-01 21:59:16', 'Accounts', '::1', 'admin', '', 'Mozilla/5.0 (Windows NT 10.0; Win64; x64) AppleWebKit/537.36 (KHTML, like Gecko) Chrome/104.0.0.0 Sa', '', ' Balance Sheet Retrieved by admin', 21),
(225, '2022-09-01 22:02:25', 'Accounts', '::1', 'admin', '', 'Mozilla/5.0 (Windows NT 10.0; Win64; x64) AppleWebKit/537.36 (KHTML, like Gecko) Chrome/104.0.0.0 Sa', '', ' Balance Sheet Retrieved by admin', 21),
(226, '2022-09-01 22:03:08', 'Accounts', '::1', 'admin', '', 'Mozilla/5.0 (Windows NT 10.0; Win64; x64) AppleWebKit/537.36 (KHTML, like Gecko) Chrome/104.0.0.0 Sa', '', ' Balance Sheet Retrieved by admin', 21),
(227, '2022-09-01 22:03:41', 'Accounts', '::1', 'admin', '', 'Mozilla/5.0 (Windows NT 10.0; Win64; x64) AppleWebKit/537.36 (KHTML, like Gecko) Chrome/104.0.0.0 Sa', '', ' Balance Sheet Retrieved by admin', 21),
(228, '2022-09-01 22:08:38', 'Accounts', '::1', 'admin', '', 'Mozilla/5.0 (Windows NT 10.0; Win64; x64) AppleWebKit/537.36 (KHTML, like Gecko) Chrome/104.0.0.0 Sa', '', ' Balance Sheet Retrieved by admin', 21),
(229, '2022-09-01 22:11:08', 'Accounts', '::1', 'admin', '', 'Mozilla/5.0 (Windows NT 10.0; Win64; x64) AppleWebKit/537.36 (KHTML, like Gecko) Chrome/104.0.0.0 Sa', '', ' Balance Sheet Retrieved by admin', 21),
(230, '2022-09-01 22:12:47', 'Accounts', '::1', 'admin', '', 'Mozilla/5.0 (Windows NT 10.0; Win64; x64) AppleWebKit/537.36 (KHTML, like Gecko) Chrome/104.0.0.0 Sa', '', ' Balance Sheet Retrieved by admin', 21),
(231, '2022-09-01 22:12:55', 'Accounts', '::1', 'admin', '', 'Mozilla/5.0 (Windows NT 10.0; Win64; x64) AppleWebKit/537.36 (KHTML, like Gecko) Chrome/104.0.0.0 Sa', '', ' Balance Sheet Retrieved by admin', 21),
(232, '2022-09-01 22:14:11', 'Accounts', '::1', 'admin', '', 'Mozilla/5.0 (Windows NT 10.0; Win64; x64) AppleWebKit/537.36 (KHTML, like Gecko) Chrome/104.0.0.0 Sa', '', ' Balance Sheet Retrieved by admin', 21),
(233, '2022-09-01 22:15:32', 'Accounts', '::1', 'admin', '', 'Mozilla/5.0 (Windows NT 10.0; Win64; x64) AppleWebKit/537.36 (KHTML, like Gecko) Chrome/104.0.0.0 Sa', '', ' Balance Sheet Retrieved by admin', 21),
(234, '2022-09-01 22:15:53', 'Accounts', '::1', 'admin', '', 'Mozilla/5.0 (Windows NT 10.0; Win64; x64) AppleWebKit/537.36 (KHTML, like Gecko) Chrome/104.0.0.0 Sa', '', ' Balance Sheet Retrieved by admin', 21),
(235, '2022-09-01 22:16:58', 'Accounts', '::1', 'admin', '', 'Mozilla/5.0 (Windows NT 10.0; Win64; x64) AppleWebKit/537.36 (KHTML, like Gecko) Chrome/104.0.0.0 Sa', '', ' Balance Sheet Retrieved by admin', 21),
(236, '2022-09-01 22:17:08', 'Accounts', '::1', 'admin', '', 'Mozilla/5.0 (Windows NT 10.0; Win64; x64) AppleWebKit/537.36 (KHTML, like Gecko) Chrome/104.0.0.0 Sa', '', ' Balance Sheet Retrieved by admin', 21),
(237, '2022-09-01 22:17:27', 'Accounts', '::1', 'admin', '', 'Mozilla/5.0 (Windows NT 10.0; Win64; x64) AppleWebKit/537.36 (KHTML, like Gecko) Chrome/104.0.0.0 Sa', '', ' Balance Sheet Retrieved by admin', 21),
(238, '2022-09-01 22:18:42', 'Accounts', '::1', 'admin', '', 'Mozilla/5.0 (Windows NT 10.0; Win64; x64) AppleWebKit/537.36 (KHTML, like Gecko) Chrome/104.0.0.0 Sa', '', ' Balance Sheet Retrieved by admin', 21),
(239, '2022-09-01 22:20:45', 'Accounts', '::1', 'admin', '', 'Mozilla/5.0 (Windows NT 10.0; Win64; x64) AppleWebKit/537.36 (KHTML, like Gecko) Chrome/104.0.0.0 Sa', '', ' Balance Sheet Retrieved by admin', 21);
INSERT INTO `logs` (`id`, `date`, `module`, `host_ip`, `user`, `url`, `user_agent`, `message_title`, `message_desc`, `company_id`) VALUES
(240, '2022-09-01 22:26:01', 'Accounts', '::1', 'admin', '', 'Mozilla/5.0 (Windows NT 10.0; Win64; x64) AppleWebKit/537.36 (KHTML, like Gecko) Chrome/104.0.0.0 Sa', '', ' Balance Sheet Retrieved by admin', 21),
(241, '2022-09-01 22:31:59', 'Accounts', '::1', 'admin', '', 'Mozilla/5.0 (Windows NT 10.0; Win64; x64) AppleWebKit/537.36 (KHTML, like Gecko) Chrome/104.0.0.0 Sa', '', ' Pofit & Loss Report Retrieved by admin', 21),
(242, '2022-09-01 22:36:53', 'Accounts', '::1', 'admin', '', 'Mozilla/5.0 (Windows NT 10.0; Win64; x64) AppleWebKit/537.36 (KHTML, like Gecko) Chrome/104.0.0.0 Sa', '', ' Pofit & Loss Report Retrieved by admin', 21),
(243, '2022-09-01 22:39:34', 'Accounts', '::1', 'admin', '', 'Mozilla/5.0 (Windows NT 10.0; Win64; x64) AppleWebKit/537.36 (KHTML, like Gecko) Chrome/104.0.0.0 Sa', '', ' Pofit & Loss Report Retrieved by admin', 21),
(244, '2022-09-01 22:39:59', 'Accounts', '::1', 'admin', '', 'Mozilla/5.0 (Windows NT 10.0; Win64; x64) AppleWebKit/537.36 (KHTML, like Gecko) Chrome/104.0.0.0 Sa', '', ' Pofit & Loss Report Retrieved by admin', 21),
(245, '2022-09-01 22:41:49', 'Accounts', '::1', 'admin', '', 'Mozilla/5.0 (Windows NT 10.0; Win64; x64) AppleWebKit/537.36 (KHTML, like Gecko) Chrome/104.0.0.0 Sa', '', ' Pofit & Loss Report Retrieved by admin', 21),
(246, '2022-09-01 22:45:38', 'Accounts', '::1', 'admin', '', 'Mozilla/5.0 (Windows NT 10.0; Win64; x64) AppleWebKit/537.36 (KHTML, like Gecko) Chrome/104.0.0.0 Sa', '', ' Pofit & Loss Report Retrieved by admin', 21),
(247, '2022-09-01 22:46:21', 'Accounts', '::1', 'admin', '', 'Mozilla/5.0 (Windows NT 10.0; Win64; x64) AppleWebKit/537.36 (KHTML, like Gecko) Chrome/104.0.0.0 Sa', '', ' Pofit & Loss Report Retrieved by admin', 21),
(248, '2022-09-01 22:46:27', 'Accounts', '::1', 'admin', '', 'Mozilla/5.0 (Windows NT 10.0; Win64; x64) AppleWebKit/537.36 (KHTML, like Gecko) Chrome/104.0.0.0 Sa', '', ' Balance Sheet Retrieved by admin', 21),
(249, '2022-09-01 22:46:50', 'Accounts', '::1', 'admin', '', 'Mozilla/5.0 (Windows NT 10.0; Win64; x64) AppleWebKit/537.36 (KHTML, like Gecko) Chrome/104.0.0.0 Sa', '', ' Balance Sheet Retrieved by admin', 21),
(250, '2022-09-01 22:51:08', 'Accounts', '::1', 'admin', '', 'Mozilla/5.0 (Windows NT 10.0; Win64; x64) AppleWebKit/537.36 (KHTML, like Gecko) Chrome/104.0.0.0 Sa', '', ' Trail Balance Report Retrieved by admin', 21),
(251, '2022-09-01 22:52:07', 'Accounts', '::1', 'admin', '', 'Mozilla/5.0 (Windows NT 10.0; Win64; x64) AppleWebKit/537.36 (KHTML, like Gecko) Chrome/104.0.0.0 Sa', '', ' Trail Balance Report Retrieved by admin', 21),
(252, '2022-09-01 22:52:56', 'Accounts', '::1', 'admin', '', 'Mozilla/5.0 (Windows NT 10.0; Win64; x64) AppleWebKit/537.36 (KHTML, like Gecko) Chrome/104.0.0.0 Sa', '', ' Trail Balance Report Retrieved by admin', 21),
(253, '2022-09-01 23:21:32', 'Accounts', '::1', 'admin', '', 'Mozilla/5.0 (Windows NT 10.0; Win64; x64) AppleWebKit/537.36 (KHTML, like Gecko) Chrome/104.0.0.0 Sa', '', ' Trail Balance Report Retrieved by admin', 21),
(254, '2022-09-01 23:21:48', 'Accounts', '::1', 'admin', '', 'Mozilla/5.0 (Windows NT 10.0; Win64; x64) AppleWebKit/537.36 (KHTML, like Gecko) Chrome/104.0.0.0 Sa', '', ' Trail Balance Report Retrieved by admin', 21),
(255, '2022-09-01 23:22:33', 'Accounts', '::1', 'admin', '', 'Mozilla/5.0 (Windows NT 10.0; Win64; x64) AppleWebKit/537.36 (KHTML, like Gecko) Chrome/104.0.0.0 Sa', '', ' Trail Balance Report Retrieved by admin', 21),
(256, '2022-09-01 23:22:47', 'Accounts', '::1', 'admin', '', 'Mozilla/5.0 (Windows NT 10.0; Win64; x64) AppleWebKit/537.36 (KHTML, like Gecko) Chrome/104.0.0.0 Sa', '', ' Trail Balance Report Retrieved by admin', 21),
(257, '2022-09-01 23:23:10', 'Accounts', '::1', 'admin', '', 'Mozilla/5.0 (Windows NT 10.0; Win64; x64) AppleWebKit/537.36 (KHTML, like Gecko) Chrome/104.0.0.0 Sa', '', ' Trail Balance Report Retrieved by admin', 21),
(258, '2022-09-01 23:24:08', 'Accounts', '::1', 'admin', '', 'Mozilla/5.0 (Windows NT 10.0; Win64; x64) AppleWebKit/537.36 (KHTML, like Gecko) Chrome/104.0.0.0 Sa', '', ' Trail Balance Report Retrieved by admin', 21),
(259, '2022-09-01 23:25:28', 'Accounts', '::1', 'admin', '', 'Mozilla/5.0 (Windows NT 10.0; Win64; x64) AppleWebKit/537.36 (KHTML, like Gecko) Chrome/104.0.0.0 Sa', '', ' Trail Balance Report Retrieved by admin', 21),
(260, '2022-09-01 23:25:30', 'Accounts', '::1', 'admin', '', 'Mozilla/5.0 (Windows NT 10.0; Win64; x64) AppleWebKit/537.36 (KHTML, like Gecko) Chrome/104.0.0.0 Sa', '', ' Pofit & Loss Report Retrieved by admin', 21),
(261, '2022-09-01 23:25:34', 'Accounts', '::1', 'admin', '', 'Mozilla/5.0 (Windows NT 10.0; Win64; x64) AppleWebKit/537.36 (KHTML, like Gecko) Chrome/104.0.0.0 Sa', '', ' Balance Sheet Retrieved by admin', 21),
(262, '2022-09-01 23:26:14', 'Accounts', '::1', 'admin', '', 'Mozilla/5.0 (Windows NT 10.0; Win64; x64) AppleWebKit/537.36 (KHTML, like Gecko) Chrome/104.0.0.0 Sa', '', ' Balance Sheet Retrieved by admin', 21),
(263, '2022-09-01 23:26:49', 'Accounts', '::1', 'admin', '', 'Mozilla/5.0 (Windows NT 10.0; Win64; x64) AppleWebKit/537.36 (KHTML, like Gecko) Chrome/104.0.0.0 Sa', '', ' Sales Report Retrieved by admin', 21),
(264, '2022-09-01 23:28:05', 'Accounts', '::1', 'admin', '', 'Mozilla/5.0 (Windows NT 10.0; Win64; x64) AppleWebKit/537.36 (KHTML, like Gecko) Chrome/104.0.0.0 Sa', '', ' Purchase Report Retrieved by admin', 21),
(265, '2022-09-01 23:28:12', 'Accounts', '::1', 'admin', '', 'Mozilla/5.0 (Windows NT 10.0; Win64; x64) AppleWebKit/537.36 (KHTML, like Gecko) Chrome/104.0.0.0 Sa', '', ' Sales Report Retrieved by admin', 21),
(266, '2022-09-01 23:28:15', 'Accounts', '::1', 'admin', '', 'Mozilla/5.0 (Windows NT 10.0; Win64; x64) AppleWebKit/537.36 (KHTML, like Gecko) Chrome/104.0.0.0 Sa', '', ' Purchase Report Retrieved by admin', 21),
(267, '2022-09-01 23:29:46', 'Accounts', '::1', 'admin', '', 'Mozilla/5.0 (Windows NT 10.0; Win64; x64) AppleWebKit/537.36 (KHTML, like Gecko) Chrome/104.0.0.0 Sa', '', ' Purchase Report Retrieved by admin', 21),
(268, '2022-09-01 23:29:54', 'Accounts', '::1', 'admin', '', 'Mozilla/5.0 (Windows NT 10.0; Win64; x64) AppleWebKit/537.36 (KHTML, like Gecko) Chrome/104.0.0.0 Sa', '', ' Sales Report Retrieved by admin', 21),
(269, '2022-09-01 23:45:05', 'Accounts', '::1', 'admin', '', 'Mozilla/5.0 (Windows NT 10.0; Win64; x64) AppleWebKit/537.36 (KHTML, like Gecko) Chrome/104.0.0.0 Sa', '', ' Pofit & Loss Report Retrieved by admin', 21),
(270, '2022-09-01 23:45:10', 'Accounts', '::1', 'admin', '', 'Mozilla/5.0 (Windows NT 10.0; Win64; x64) AppleWebKit/537.36 (KHTML, like Gecko) Chrome/104.0.0.0 Sa', '', ' Balance Sheet Retrieved by admin', 21),
(271, '2022-09-05 23:25:06', 'Admin', '::1', 'admin', '', 'Mozilla/5.0 (Windows NT 10.0; Win64; x64) AppleWebKit/537.36 (KHTML, like Gecko) Chrome/105.0.0.0 Sa', '', 'admin User logged in by admin', 21),
(272, '2022-09-05 23:25:15', 'Admin', '::1', 'admin', '', 'Mozilla/5.0 (Windows NT 10.0; Win64; x64) AppleWebKit/537.36 (KHTML, like Gecko) Chrome/105.0.0.0 Sa', '', 'admin User logged out by admin', 21),
(273, '2022-09-05 18:26:08', 'Admin', '::1', 'abc', '', 'Mozilla/5.0 (Windows NT 10.0; Win64; x64) AppleWebKit/537.36 (KHTML, like Gecko) Chrome/105.0.0.0 Sa', '', 'abc User logged in by abc', 24),
(274, '2022-09-05 18:30:19', 'Admin', '::1', 'abc', '', 'Mozilla/5.0 (Windows NT 10.0; Win64; x64) AppleWebKit/537.36 (KHTML, like Gecko) Chrome/105.0.0.0 Sa', '', 'abc User logged out by abc', 24),
(275, '2022-09-05 23:30:22', 'Admin', '::1', 'admin', '', 'Mozilla/5.0 (Windows NT 10.0; Win64; x64) AppleWebKit/537.36 (KHTML, like Gecko) Chrome/105.0.0.0 Sa', '', 'admin User logged in by admin', 21),
(276, '2022-09-05 23:37:53', 'Admin', '::1', 'admin', '', 'Mozilla/5.0 (Windows NT 10.0; Win64; x64) AppleWebKit/537.36 (KHTML, like Gecko) Chrome/105.0.0.0 Sa', '', 'admin User logged out by admin', 21),
(277, '2022-09-05 23:37:56', 'Admin', '::1', 'admin', '', 'Mozilla/5.0 (Windows NT 10.0; Win64; x64) AppleWebKit/537.36 (KHTML, like Gecko) Chrome/105.0.0.0 Sa', '', 'admin User logged in by admin', 21),
(278, '2022-09-05 23:38:02', 'Admin', '::1', 'admin', '', 'Mozilla/5.0 (Windows NT 10.0; Win64; x64) AppleWebKit/537.36 (KHTML, like Gecko) Chrome/105.0.0.0 Sa', '', 'admin User logged out by admin', 21),
(279, '2022-09-05 18:38:06', 'Admin', '::1', 'abc', '', 'Mozilla/5.0 (Windows NT 10.0; Win64; x64) AppleWebKit/537.36 (KHTML, like Gecko) Chrome/105.0.0.0 Sa', '', 'abc User logged in by abc', 24),
(280, '2022-09-05 18:40:08', 'Admin', '::1', 'abc', '', 'Mozilla/5.0 (Windows NT 10.0; Win64; x64) AppleWebKit/537.36 (KHTML, like Gecko) Chrome/105.0.0.0 Sa', '', 'abc User logged out by abc', 24),
(281, '2022-09-05 18:40:14', 'Admin', '::1', 'abc', '', 'Mozilla/5.0 (Windows NT 10.0; Win64; x64) AppleWebKit/537.36 (KHTML, like Gecko) Chrome/105.0.0.0 Sa', '', 'abc User logged in by abc', 24),
(282, '2022-09-05 18:40:21', 'Admin', '::1', 'abc', '', 'Mozilla/5.0 (Windows NT 10.0; Win64; x64) AppleWebKit/537.36 (KHTML, like Gecko) Chrome/105.0.0.0 Sa', '', 'abc User logged out by abc', 24),
(283, '2022-09-05 18:40:27', 'Admin', '::1', 'abc', '', 'Mozilla/5.0 (Windows NT 10.0; Win64; x64) AppleWebKit/537.36 (KHTML, like Gecko) Chrome/105.0.0.0 Sa', '', 'abc User logged in by abc', 24),
(284, '2022-09-05 18:41:31', 'Admin', '::1', 'abc', '', 'Mozilla/5.0 (Windows NT 10.0; Win64; x64) AppleWebKit/537.36 (KHTML, like Gecko) Chrome/105.0.0.0 Sa', '', 'abc User logged out by abc', 24),
(285, '2022-09-05 18:41:38', 'Admin', '::1', 'abc', '', 'Mozilla/5.0 (Windows NT 10.0; Win64; x64) AppleWebKit/537.36 (KHTML, like Gecko) Chrome/105.0.0.0 Sa', '', 'abc User logged in by abc', 24),
(286, '2022-09-05 18:42:48', 'admin', '::1', 'abc', '', 'Mozilla/5.0 (Windows NT 10.0; Win64; x64) AppleWebKit/537.36 (KHTML, like Gecko) Chrome/105.0.0.0 Sa', '', 'username abc, Full NameABC Accounts User updated by abc', 24),
(287, '2022-09-05 18:43:02', 'Admin', '::1', 'abc', '', 'Mozilla/5.0 (Windows NT 10.0; Win64; x64) AppleWebKit/537.36 (KHTML, like Gecko) Chrome/105.0.0.0 Sa', '', 'abc User logged out by abc', 24),
(288, '2022-09-05 18:43:07', 'Admin', '::1', 'abc', '', 'Mozilla/5.0 (Windows NT 10.0; Win64; x64) AppleWebKit/537.36 (KHTML, like Gecko) Chrome/105.0.0.0 Sa', '', 'abc User logged in by abc', 24),
(289, '2022-09-06 21:15:46', 'Admin', '::1', 'admin', '', 'Mozilla/5.0 (Windows NT 10.0; Win64; x64) AppleWebKit/537.36 (KHTML, like Gecko) Chrome/105.0.0.0 Sa', '', 'admin User logged in by admin', 21),
(290, '2022-09-22 22:02:04', 'Admin', '::1', 'admin', '', 'Mozilla/5.0 (Windows NT 10.0; Win64; x64) AppleWebKit/537.36 (KHTML, like Gecko) Chrome/105.0.0.0 Sa', '', 'admin User logged in by admin', 21),
(291, '2022-09-22 18:23:33', 'trans', '::1', 'admin', '', 'Mozilla/5.0 (Windows NT 10.0; Win64; x64) AppleWebKit/537.36 (KHTML, like Gecko) Chrome/105.0.0.0 Sa', '', 'invoice no S31 Sale transaction created by admin', 21),
(292, '2022-09-22 18:23:33', 'trans', '::1', 'admin', '', 'Mozilla/5.0 (Windows NT 10.0; Win64; x64) AppleWebKit/537.36 (KHTML, like Gecko) Chrome/105.0.0.0 Sa', '', 'invoice no S31 Sale transaction created by admin', 21),
(293, '2022-09-22 18:23:33', 'trans', '::1', 'admin', '', 'Mozilla/5.0 (Windows NT 10.0; Win64; x64) AppleWebKit/537.36 (KHTML, like Gecko) Chrome/105.0.0.0 Sa', '', 'invoice no S31 Sale transaction created by admin', 21),
(294, '2022-09-22 18:23:33', 'trans', '::1', 'admin', '', 'Mozilla/5.0 (Windows NT 10.0; Win64; x64) AppleWebKit/537.36 (KHTML, like Gecko) Chrome/105.0.0.0 Sa', '', 'invoice no S31 Sale transaction created by admin', 21),
(295, '2022-09-22 18:23:33', 'trans', '::1', 'admin', '', 'Mozilla/5.0 (Windows NT 10.0; Win64; x64) AppleWebKit/537.36 (KHTML, like Gecko) Chrome/105.0.0.0 Sa', '', 'invoice no S31 Sale transaction created by admin', 21),
(296, '2022-09-22 18:23:33', 'trans', '::1', 'admin', '', 'Mozilla/5.0 (Windows NT 10.0; Win64; x64) AppleWebKit/537.36 (KHTML, like Gecko) Chrome/105.0.0.0 Sa', '', 'invoice no S31 Sale transaction created by admin', 21),
(297, '2022-09-22 18:23:33', 'trans', '::1', 'admin', '', 'Mozilla/5.0 (Windows NT 10.0; Win64; x64) AppleWebKit/537.36 (KHTML, like Gecko) Chrome/105.0.0.0 Sa', '', 'invoice no S31 Sale transaction created by admin', 21),
(298, '2022-09-22 18:23:33', 'trans', '::1', 'admin', '', 'Mozilla/5.0 (Windows NT 10.0; Win64; x64) AppleWebKit/537.36 (KHTML, like Gecko) Chrome/105.0.0.0 Sa', '', 'invoice no S31 Sale transaction created by admin', 21),
(299, '2022-09-25 12:55:27', 'Admin', '::1', 'admin', '', 'Mozilla/5.0 (Windows NT 10.0; Win64; x64) AppleWebKit/537.36 (KHTML, like Gecko) Chrome/105.0.0.0 Sa', '', 'admin User logged in by admin', 21),
(300, '2022-09-25 08:00:27', 'Admin', '::1', 'admin', '', 'Mozilla/5.0 (Windows NT 10.0; Win64; x64) AppleWebKit/537.36 (KHTML, like Gecko) Chrome/105.0.0.0 Sa', '', 'admin User logged out by admin', 21),
(301, '2022-09-25 13:04:20', 'Admin', '::1', 'admin', '', 'Mozilla/5.0 (Windows NT 10.0; Win64; x64) AppleWebKit/537.36 (KHTML, like Gecko) Chrome/105.0.0.0 Sa', '', 'admin User logged in by admin', 21),
(302, '2022-09-25 08:05:50', 'trans', '::1', 'admin', '', 'Mozilla/5.0 (Windows NT 10.0; Win64; x64) AppleWebKit/537.36 (KHTML, like Gecko) Chrome/105.0.0.0 Sa', '', 'invoice no R14 Purchase transaction created by admin', 21),
(303, '2022-09-25 08:30:57', 'trans', '::1', 'admin', '', 'Mozilla/5.0 (Windows NT 10.0; Win64; x64) AppleWebKit/537.36 (KHTML, like Gecko) Chrome/105.0.0.0 Sa', '', 'invoice no R15 Purchase transaction created by admin', 21),
(304, '2022-09-25 08:32:13', 'trans', '::1', 'admin', '', 'Mozilla/5.0 (Windows NT 10.0; Win64; x64) AppleWebKit/537.36 (KHTML, like Gecko) Chrome/105.0.0.0 Sa', '', 'invoice no R16 Purchase transaction created by admin', 21),
(305, '2022-09-25 08:33:16', 'POS', '::1', 'admin', '', 'Mozilla/5.0 (Windows NT 10.0; Win64; x64) AppleWebKit/537.36 (KHTML, like Gecko) Chrome/105.0.0.0 Sa', '', 'R16 Receivings Deleted by admin', 21),
(306, '2022-09-26 17:17:33', 'Admin', '::1', 'admin', '', 'Mozilla/5.0 (Windows NT 10.0; Win64; x64) AppleWebKit/537.36 (KHTML, like Gecko) Chrome/105.0.0.0 Sa', '', 'admin User logged in by admin', 21),
(307, '2022-09-26 13:08:56', 'trans', '::1', 'admin', '', 'Mozilla/5.0 (Windows NT 10.0; Win64; x64) AppleWebKit/537.36 (KHTML, like Gecko) Chrome/105.0.0.0 Sa', '', 'invoice no S32 Sale transaction created by admin', 21),
(308, '2022-09-26 13:09:36', 'trans', '::1', 'admin', '', 'Mozilla/5.0 (Windows NT 10.0; Win64; x64) AppleWebKit/537.36 (KHTML, like Gecko) Chrome/105.0.0.0 Sa', '', 'invoice no S32 Sale transaction created by admin', 21),
(309, '2022-09-26 13:09:36', 'trans', '::1', 'admin', '', 'Mozilla/5.0 (Windows NT 10.0; Win64; x64) AppleWebKit/537.36 (KHTML, like Gecko) Chrome/105.0.0.0 Sa', '', 'invoice no S32 Sale transaction created by admin', 21),
(310, '2022-09-26 13:10:02', 'trans', '::1', 'admin', '', 'Mozilla/5.0 (Windows NT 10.0; Win64; x64) AppleWebKit/537.36 (KHTML, like Gecko) Chrome/105.0.0.0 Sa', '', 'invoice no R16 Purchase transaction created by admin', 21),
(311, '2022-09-26 13:10:07', 'trans', '::1', 'admin', '', 'Mozilla/5.0 (Windows NT 10.0; Win64; x64) AppleWebKit/537.36 (KHTML, like Gecko) Chrome/105.0.0.0 Sa', '', 'invoice no R17 Purchase transaction created by admin', 21),
(312, '2022-09-26 13:10:20', 'POS', '::1', 'admin', '', 'Mozilla/5.0 (Windows NT 10.0; Win64; x64) AppleWebKit/537.36 (KHTML, like Gecko) Chrome/105.0.0.0 Sa', '', 'R17 Receivings Deleted by admin', 21),
(313, '2022-09-26 22:14:13', 'Admin', '::1', 'admin', '', 'Mozilla/5.0 (Windows NT 10.0; Win64; x64) AppleWebKit/537.36 (KHTML, like Gecko) Chrome/105.0.0.0 Sa', '', 'admin User logged in by admin', 21),
(314, '2022-09-26 17:46:00', 'trans', '::1', 'admin', '', 'Mozilla/5.0 (Windows NT 10.0; Win64; x64) AppleWebKit/537.36 (KHTML, like Gecko) Chrome/105.0.0.0 Sa', '', 'invoice no R17 Purchase transaction created by admin', 21),
(315, '2022-09-26 17:46:37', 'trans', '::1', 'admin', '', 'Mozilla/5.0 (Windows NT 10.0; Win64; x64) AppleWebKit/537.36 (KHTML, like Gecko) Chrome/105.0.0.0 Sa', '', 'invoice no R18 Purchase transaction created by admin', 21),
(316, '2022-09-26 18:45:53', 'trans', '::1', 'admin', '', 'Mozilla/5.0 (Windows NT 10.0; Win64; x64) AppleWebKit/537.36 (KHTML, like Gecko) Chrome/105.0.0.0 Sa', '', 'invoice no R19 Purchase transaction created by admin', 21),
(317, '2022-09-27 10:05:56', 'Admin', '::1', 'admin', '', 'Mozilla/5.0 (Windows NT 10.0; Win64; x64) AppleWebKit/537.36 (KHTML, like Gecko) Chrome/105.0.0.0 Sa', '', 'admin User logged in by admin', 21),
(318, '2022-09-27 05:11:30', 'Accounts', '::1', 'admin', '', 'Mozilla/5.0 (Windows NT 10.0; Win64; x64) AppleWebKit/537.36 (KHTML, like Gecko) Chrome/105.0.0.0 Sa', '', ' Pofit & Loss Report Retrieved by admin', 21),
(319, '2022-09-27 05:12:11', 'Accounts', '::1', 'admin', '', 'Mozilla/5.0 (Windows NT 10.0; Win64; x64) AppleWebKit/537.36 (KHTML, like Gecko) Chrome/105.0.0.0 Sa', '', ' Trail Balance Report Retrieved by admin', 21),
(320, '2022-09-27 05:12:24', 'Accounts', '::1', 'admin', '', 'Mozilla/5.0 (Windows NT 10.0; Win64; x64) AppleWebKit/537.36 (KHTML, like Gecko) Chrome/105.0.0.0 Sa', '', ' Balance Sheet Retrieved by admin', 21),
(321, '2022-09-27 05:13:33', 'Accounts', '::1', 'admin', '', 'Mozilla/5.0 (Windows NT 10.0; Win64; x64) AppleWebKit/537.36 (KHTML, like Gecko) Chrome/105.0.0.0 Sa', '', ' Pofit & Loss Report Retrieved by admin', 21),
(322, '2022-09-27 06:07:30', 'Admin', '::1', 'admin', '', 'Mozilla/5.0 (Windows NT 10.0; Win64; x64) AppleWebKit/537.36 (KHTML, like Gecko) Chrome/105.0.0.0 Sa', '', 'admin User logged out by admin', 21),
(323, '2022-09-27 09:15:31', 'Admin', '::1', 'abc123', '', 'Mozilla/5.0 (Windows NT 10.0; Win64; x64) AppleWebKit/537.36 (KHTML, like Gecko) Chrome/105.0.0.0 Sa', '', 'abc123 User logged in by abc123', 25),
(324, '2022-09-27 06:18:41', 'Admin', '::1', 'abc123', '', 'Mozilla/5.0 (Windows NT 10.0; Win64; x64) AppleWebKit/537.36 (KHTML, like Gecko) Chrome/105.0.0.0 Sa', '', 'abc123 User logged out by abc123', 25),
(325, '2022-09-27 09:18:46', 'Admin', '::1', 'abc123', '', 'Mozilla/5.0 (Windows NT 10.0; Win64; x64) AppleWebKit/537.36 (KHTML, like Gecko) Chrome/105.0.0.0 Sa', '', 'abc123 User logged in by abc123', 25),
(326, '2022-09-27 06:27:18', 'Admin', '::1', 'abc123', '', 'Mozilla/5.0 (Windows NT 10.0; Win64; x64) AppleWebKit/537.36 (KHTML, like Gecko) Chrome/105.0.0.0 Sa', '', 'abc123 User logged out by abc123', 25),
(327, '2022-09-27 06:27:21', 'Admin', '::1', 'admin', '', 'Mozilla/5.0 (Windows NT 10.0; Win64; x64) AppleWebKit/537.36 (KHTML, like Gecko) Chrome/105.0.0.0 Sa', '', 'admin User logged in by admin', 21),
(328, '2022-09-27 06:32:51', 'Admin', '::1', 'admin', '', 'Mozilla/5.0 (Windows NT 10.0; Win64; x64) AppleWebKit/537.36 (KHTML, like Gecko) Chrome/105.0.0.0 Sa', '', 'admin User logged out by admin', 21),
(329, '2022-09-27 06:33:28', 'Admin', '::1', 'admin', '', 'Mozilla/5.0 (Windows NT 10.0; Win64; x64) AppleWebKit/537.36 (KHTML, like Gecko) Chrome/105.0.0.0 Sa', '', 'admin User logged in by admin', 21),
(330, '2022-10-12 14:57:35', 'Admin', '::1', 'admin', '', 'Mozilla/5.0 (Windows NT 10.0; Win64; x64) AppleWebKit/537.36 (KHTML, like Gecko) Chrome/106.0.0.0 Sa', '', 'admin User logged in by admin', 21),
(331, '2022-10-12 18:53:13', 'Admin', '::1', 'admin', '', 'Mozilla/5.0 (Windows NT 10.0; Win64; x64) AppleWebKit/537.36 (KHTML, like Gecko) Chrome/106.0.0.0 Sa', '', 'admin User logged in by admin', 21),
(332, '2022-10-13 00:06:07', 'POS', '::1', 'admin', '', 'Mozilla/5.0 (Windows NT 10.0; Win64; x64) AppleWebKit/537.36 (KHTML, like Gecko) Chrome/106.0.0.0 Sa', '', 'Customer 1  Customer Updated by admin', 21),
(333, '2022-10-15 12:27:47', 'Admin', '::1', 'admin', '', 'Mozilla/5.0 (Windows NT 10.0; Win64; x64) AppleWebKit/537.36 (KHTML, like Gecko) Chrome/106.0.0.0 Sa', '', 'admin User logged in by admin', 21),
(334, '2022-10-15 12:57:36', 'Admin', '::1', 'admin', '', 'Mozilla/5.0 (Windows NT 10.0; Win64; x64) AppleWebKit/537.36 (KHTML, like Gecko) Chrome/106.0.0.0 Sa', '', 'admin User logged out by admin', 21),
(335, '2022-10-15 12:57:41', 'Admin', '::1', 'admin', '', 'Mozilla/5.0 (Windows NT 10.0; Win64; x64) AppleWebKit/537.36 (KHTML, like Gecko) Chrome/106.0.0.0 Sa', '', 'admin User logged in by admin', 21),
(336, '2022-10-17 14:52:07', 'Admin', '::1', 'admin', '', 'Mozilla/5.0 (Windows NT 10.0; Win64; x64) AppleWebKit/537.36 (KHTML, like Gecko) Chrome/106.0.0.0 Sa', '', 'admin User logged in by admin', 21),
(337, '2022-10-17 21:19:32', 'POS', '::1', 'admin', '', 'Mozilla/5.0 (Windows NT 10.0; Win64; x64) AppleWebKit/537.36 (KHTML, like Gecko) Chrome/106.0.0.0 Sa', '', 'Saif Auto  Customer Updated by admin', 21),
(338, '2022-10-17 21:21:20', 'Accounts', '::1', 'admin', '', 'Mozilla/5.0 (Windows NT 10.0; Win64; x64) AppleWebKit/537.36 (KHTML, like Gecko) Chrome/106.0.0.0 Sa', '', ' Balance Sheet Retrieved by admin', 21),
(339, '2022-10-17 21:22:11', 'trans', '::1', 'admin', '', 'Mozilla/5.0 (Windows NT 10.0; Win64; x64) AppleWebKit/537.36 (KHTML, like Gecko) Chrome/106.0.0.0 Sa', '', 'invoice no S33 Sale transaction created by admin', 21),
(340, '2022-10-17 21:22:20', 'Accounts', '::1', 'admin', '', 'Mozilla/5.0 (Windows NT 10.0; Win64; x64) AppleWebKit/537.36 (KHTML, like Gecko) Chrome/106.0.0.0 Sa', '', ' Balance Sheet Retrieved by admin', 21),
(341, '2022-10-17 21:22:39', 'Accounts', '::1', 'admin', '', 'Mozilla/5.0 (Windows NT 10.0; Win64; x64) AppleWebKit/537.36 (KHTML, like Gecko) Chrome/106.0.0.0 Sa', '', ' Balance Sheet Retrieved by admin', 21),
(342, '2022-10-17 21:23:27', 'trans', '::1', 'admin', '', 'Mozilla/5.0 (Windows NT 10.0; Win64; x64) AppleWebKit/537.36 (KHTML, like Gecko) Chrome/106.0.0.0 Sa', '', 'invoice no S33 Sale transaction created by admin', 21),
(343, '2022-10-17 21:23:42', 'Accounts', '::1', 'admin', '', 'Mozilla/5.0 (Windows NT 10.0; Win64; x64) AppleWebKit/537.36 (KHTML, like Gecko) Chrome/106.0.0.0 Sa', '', 'entry id 262 Journal Entry deleted by admin', 21),
(344, '2022-10-17 21:23:50', 'Accounts', '::1', 'admin', '', 'Mozilla/5.0 (Windows NT 10.0; Win64; x64) AppleWebKit/537.36 (KHTML, like Gecko) Chrome/106.0.0.0 Sa', '', ' Balance Sheet Retrieved by admin', 21),
(345, '2022-10-17 21:24:00', 'Accounts', '::1', 'admin', '', 'Mozilla/5.0 (Windows NT 10.0; Win64; x64) AppleWebKit/537.36 (KHTML, like Gecko) Chrome/106.0.0.0 Sa', '', ' Pofit & Loss Report Retrieved by admin', 21),
(346, '2022-10-17 21:38:46', 'Accounts', '::1', 'admin', '', 'Mozilla/5.0 (Windows NT 10.0; Win64; x64) AppleWebKit/537.36 (KHTML, like Gecko) Chrome/106.0.0.0 Sa', '', ' Balance Sheet Retrieved by admin', 21),
(347, '2022-10-18 15:01:20', 'Admin', '::1', 'admin', '', 'Mozilla/5.0 (Windows NT 10.0; Win64; x64) AppleWebKit/537.36 (KHTML, like Gecko) Chrome/106.0.0.0 Sa', '', 'admin User logged in by admin', 21),
(348, '2022-10-18 20:03:22', 'Accounts', '::1', 'admin', '', 'Mozilla/5.0 (Windows NT 10.0; Win64; x64) AppleWebKit/537.36 (KHTML, like Gecko) Chrome/106.0.0.0 Sa', '', ' Balance Sheet Retrieved by admin', 21),
(349, '2022-10-18 20:21:12', 'Accounts', '::1', 'admin', '', 'Mozilla/5.0 (Windows NT 10.0; Win64; x64) AppleWebKit/537.36 (KHTML, like Gecko) Chrome/106.0.0.0 Sa', '', ' Balance Sheet Retrieved by admin', 21),
(350, '2022-10-18 20:21:13', 'Accounts', '::1', 'admin', '', 'Mozilla/5.0 (Windows NT 10.0; Win64; x64) AppleWebKit/537.36 (KHTML, like Gecko) Chrome/106.0.0.0 Sa', '', ' Balance Sheet Retrieved by admin', 21),
(351, '2022-10-18 20:21:32', 'Accounts', '::1', 'admin', '', 'Mozilla/5.0 (Windows NT 10.0; Win64; x64) AppleWebKit/537.36 (KHTML, like Gecko) Chrome/106.0.0.0 Sa', '', ' Balance Sheet Retrieved by admin', 21),
(352, '2022-10-18 20:29:13', 'Accounts', '::1', 'admin', '', 'Mozilla/5.0 (Windows NT 10.0; Win64; x64) AppleWebKit/537.36 (KHTML, like Gecko) Chrome/106.0.0.0 Sa', '', ' Balance Sheet Retrieved by admin', 21),
(353, '2022-10-18 20:44:31', 'Accounts', '::1', 'admin', '', 'Mozilla/5.0 (Windows NT 10.0; Win64; x64) AppleWebKit/537.36 (KHTML, like Gecko) Chrome/106.0.0.0 Sa', '', ' Balance Sheet Retrieved by admin', 21),
(354, '2022-10-18 20:47:23', 'Accounts', '::1', 'admin', '', 'Mozilla/5.0 (Windows NT 10.0; Win64; x64) AppleWebKit/537.36 (KHTML, like Gecko) Chrome/106.0.0.0 Sa', '', ' Balance Sheet Retrieved by admin', 21),
(355, '2022-10-18 20:48:16', 'Accounts', '::1', 'admin', '', 'Mozilla/5.0 (Windows NT 10.0; Win64; x64) AppleWebKit/537.36 (KHTML, like Gecko) Chrome/106.0.0.0 Sa', '', ' Balance Sheet Retrieved by admin', 21),
(356, '2022-10-18 20:48:43', 'Accounts', '::1', 'admin', '', 'Mozilla/5.0 (Windows NT 10.0; Win64; x64) AppleWebKit/537.36 (KHTML, like Gecko) Chrome/106.0.0.0 Sa', '', ' Balance Sheet Retrieved by admin', 21),
(357, '2022-10-18 20:49:04', 'Accounts', '::1', 'admin', '', 'Mozilla/5.0 (Windows NT 10.0; Win64; x64) AppleWebKit/537.36 (KHTML, like Gecko) Chrome/106.0.0.0 Sa', '', ' Balance Sheet Retrieved by admin', 21),
(358, '2022-10-18 20:49:32', 'Accounts', '::1', 'admin', '', 'Mozilla/5.0 (Windows NT 10.0; Win64; x64) AppleWebKit/537.36 (KHTML, like Gecko) Chrome/106.0.0.0 Sa', '', ' Balance Sheet Retrieved by admin', 21),
(359, '2022-10-18 20:49:58', 'Accounts', '::1', 'admin', '', 'Mozilla/5.0 (Windows NT 10.0; Win64; x64) AppleWebKit/537.36 (KHTML, like Gecko) Chrome/106.0.0.0 Sa', '', ' Balance Sheet Retrieved by admin', 21),
(360, '2022-10-18 20:53:52', 'trans', '::1', 'admin', '', 'Mozilla/5.0 (Windows NT 10.0; Win64; x64) AppleWebKit/537.36 (KHTML, like Gecko) Chrome/106.0.0.0 Sa', '', 'invoice no S34 Sale transaction created by admin', 21),
(361, '2022-10-18 20:54:41', 'Accounts', '::1', 'admin', '', 'Mozilla/5.0 (Windows NT 10.0; Win64; x64) AppleWebKit/537.36 (KHTML, like Gecko) Chrome/106.0.0.0 Sa', '', ' Balance Sheet Retrieved by admin', 21),
(362, '2022-10-18 20:54:45', 'Accounts', '::1', 'admin', '', 'Mozilla/5.0 (Windows NT 10.0; Win64; x64) AppleWebKit/537.36 (KHTML, like Gecko) Chrome/106.0.0.0 Sa', '', ' Balance Sheet Retrieved by admin', 21),
(363, '2022-10-18 20:57:28', 'Accounts', '::1', 'admin', '', 'Mozilla/5.0 (Windows NT 10.0; Win64; x64) AppleWebKit/537.36 (KHTML, like Gecko) Chrome/106.0.0.0 Sa', '', ' Balance Sheet Retrieved by admin', 21),
(364, '2022-10-18 20:57:54', 'Accounts', '::1', 'admin', '', 'Mozilla/5.0 (Windows NT 10.0; Win64; x64) AppleWebKit/537.36 (KHTML, like Gecko) Chrome/106.0.0.0 Sa', '', ' Balance Sheet Retrieved by admin', 21),
(365, '2022-11-02 16:50:32', 'Admin', '::1', 'admin', '', 'Mozilla/5.0 (Windows NT 10.0; Win64; x64) AppleWebKit/537.36 (KHTML, like Gecko) Chrome/106.0.0.0 Sa', '', 'admin User logged in by admin', 21),
(366, '2022-11-02 21:59:51', 'POS', '::1', 'admin', '', 'Mozilla/5.0 (Windows NT 10.0; Win64; x64) AppleWebKit/537.36 (KHTML, like Gecko) Chrome/106.0.0.0 Sa', '', 'Ali khan Customer Added by admin', 21),
(367, '2022-11-02 22:00:05', 'POS', '::1', 'admin', '', 'Mozilla/5.0 (Windows NT 10.0; Win64; x64) AppleWebKit/537.36 (KHTML, like Gecko) Chrome/106.0.0.0 Sa', '', 'Customer id: 4 Customers Inactivated by admin', 21),
(368, '2022-11-02 22:01:39', 'POS', '::1', 'admin', '', 'Mozilla/5.0 (Windows NT 10.0; Win64; x64) AppleWebKit/537.36 (KHTML, like Gecko) Chrome/106.0.0.0 Sa', '', 'fareee  Customer Added by admin', 21),
(369, '2022-11-02 22:02:07', 'POS', '::1', 'admin', '', 'Mozilla/5.0 (Windows NT 10.0; Win64; x64) AppleWebKit/537.36 (KHTML, like Gecko) Chrome/106.0.0.0 Sa', '', 'ali  khan Customer Updated by admin', 21),
(370, '2022-11-02 22:02:31', 'POS', '::1', 'admin', '', 'Mozilla/5.0 (Windows NT 10.0; Win64; x64) AppleWebKit/537.36 (KHTML, like Gecko) Chrome/106.0.0.0 Sa', '', 'ali  khan Customer Updated by admin', 21),
(371, '2022-11-02 22:02:38', 'POS', '::1', 'admin', '', 'Mozilla/5.0 (Windows NT 10.0; Win64; x64) AppleWebKit/537.36 (KHTML, like Gecko) Chrome/106.0.0.0 Sa', '', 'Customer id: 5 Customers Deleted by admin', 21),
(372, '2022-11-02 22:23:46', 'POS', '::1', 'admin', '', 'Mozilla/5.0 (Windows NT 10.0; Win64; x64) AppleWebKit/537.36 (KHTML, like Gecko) Chrome/106.0.0.0 Sa', '', 'Suzuki Center Supplier Updated by admin', 21),
(373, '2022-11-02 22:29:29', 'POS', '::1', 'admin', '', 'Mozilla/5.0 (Windows NT 10.0; Win64; x64) AppleWebKit/537.36 (KHTML, like Gecko) Chrome/106.0.0.0 Sa', '', 'Saif Autos Supplier Updated by admin', 21),
(374, '2022-11-02 22:31:01', 'POS', '::1', 'admin', '', 'Mozilla/5.0 (Windows NT 10.0; Win64; x64) AppleWebKit/537.36 (KHTML, like Gecko) Chrome/106.0.0.0 Sa', '', 'Ahsan Ullah Supplier Added by admin', 21),
(375, '2022-11-02 22:31:08', 'POS', '::1', 'admin', '', 'Mozilla/5.0 (Windows NT 10.0; Win64; x64) AppleWebKit/537.36 (KHTML, like Gecko) Chrome/106.0.0.0 Sa', '', '3 Supplier deleted by admin', 21),
(376, '2022-11-02 22:31:59', 'POS', '::1', 'admin', '', 'Mozilla/5.0 (Windows NT 10.0; Win64; x64) AppleWebKit/537.36 (KHTML, like Gecko) Chrome/106.0.0.0 Sa', '', 'Ahsan Ullah Supplier Added by admin', 21),
(377, '2022-11-02 22:32:06', 'POS', '::1', 'admin', '', 'Mozilla/5.0 (Windows NT 10.0; Win64; x64) AppleWebKit/537.36 (KHTML, like Gecko) Chrome/106.0.0.0 Sa', '', '4 Supplier deleted by admin', 21),
(378, '2022-11-02 22:32:25', 'POS', '::1', 'admin', '', 'Mozilla/5.0 (Windows NT 10.0; Win64; x64) AppleWebKit/537.36 (KHTML, like Gecko) Chrome/106.0.0.0 Sa', '', 'Ahsan Ullah Supplier Added by admin', 21),
(379, '2022-11-02 22:32:29', 'POS', '::1', 'admin', '', 'Mozilla/5.0 (Windows NT 10.0; Win64; x64) AppleWebKit/537.36 (KHTML, like Gecko) Chrome/106.0.0.0 Sa', '', '5 Supplier deleted by admin', 21),
(380, '2022-11-02 22:35:38', 'POS', '::1', 'admin', '', 'Mozilla/5.0 (Windows NT 10.0; Win64; x64) AppleWebKit/537.36 (KHTML, like Gecko) Chrome/106.0.0.0 Sa', '', 'R15 Receivings Deleted by admin', 21),
(381, '2022-11-02 22:36:02', 'POS', '::1', 'admin', '', 'Mozilla/5.0 (Windows NT 10.0; Win64; x64) AppleWebKit/537.36 (KHTML, like Gecko) Chrome/106.0.0.0 Sa', '', 'R14 Receivings Deleted by admin', 21),
(382, '2022-11-04 15:23:29', 'Admin', '::1', 'admin', '', 'Mozilla/5.0 (Windows NT 10.0; Win64; x64) AppleWebKit/537.36 (KHTML, like Gecko) Chrome/107.0.0.0 Sa', '', 'admin User logged in by admin', 21),
(383, '2022-11-04 22:26:18', 'Accounts', '::1', 'admin', '', 'Mozilla/5.0 (Windows NT 10.0; Win64; x64) AppleWebKit/537.36 (KHTML, like Gecko) Chrome/107.0.0.0 Sa', '', ' Balance Sheet Retrieved by admin', 21),
(384, '2022-11-04 22:31:25', 'Accounts', '::1', 'admin', '', 'Mozilla/5.0 (Windows NT 10.0; Win64; x64) AppleWebKit/537.36 (KHTML, like Gecko) Chrome/107.0.0.0 Sa', '', ' Balance Sheet Retrieved by admin', 21),
(385, '2022-11-07 19:26:46', 'Admin', '::1', 'admin', '', 'Mozilla/5.0 (Windows NT 10.0; Win64; x64) AppleWebKit/537.36 (KHTML, like Gecko) Chrome/107.0.0.0 Sa', '', 'admin User logged in by admin', 21),
(386, '2022-11-09 14:40:01', 'Admin', '::1', 'admin', '', 'Mozilla/5.0 (Windows NT 10.0; Win64; x64) AppleWebKit/537.36 (KHTML, like Gecko) Chrome/107.0.0.0 Sa', '', 'admin User logged in by admin', 21),
(387, '2022-11-09 17:15:56', 'Admin', '::1', 'admin', '', 'Mozilla/5.0 (Windows NT 10.0; Win64; x64) AppleWebKit/537.36 (KHTML, like Gecko) Chrome/107.0.0.0 Sa', '', 'admin User logged in by admin', 21),
(388, '2022-11-09 17:56:55', 'Admin', '::1', 'admin', '', 'Mozilla/5.0 (Windows NT 10.0; Win64; x64) AppleWebKit/537.36 (KHTML, like Gecko) Chrome/107.0.0.0 Sa', '', 'admin User logged in by admin', 21),
(389, '2022-11-09 23:16:19', 'trans', '::1', 'admin', '', 'Mozilla/5.0 (Windows NT 10.0; Win64; x64) AppleWebKit/537.36 (KHTML, like Gecko) Chrome/107.0.0.0 Sa', '', 'invoice no R20 Purchase transaction created by admin', 21),
(390, '2022-11-13 17:14:03', 'Admin', '::1', 'admin', '', 'Mozilla/5.0 (Windows NT 10.0; Win64; x64) AppleWebKit/537.36 (KHTML, like Gecko) Chrome/107.0.0.0 Sa', '', 'admin User logged in by admin', 21),
(391, '2022-11-13 22:14:55', 'Accounts', '::1', 'admin', '', 'Mozilla/5.0 (Windows NT 10.0; Win64; x64) AppleWebKit/537.36 (KHTML, like Gecko) Chrome/107.0.0.0 Sa', '', ' Trail Balance Report Retrieved by admin', 21),
(392, '2022-11-23 16:09:16', 'Admin', '::1', 'admin', '', 'Mozilla/5.0 (Windows NT 10.0; Win64; x64) AppleWebKit/537.36 (KHTML, like Gecko) Chrome/107.0.0.0 Sa', '', 'admin User logged in by admin', 21),
(393, '2022-11-23 22:00:59', 'trans', '::1', 'admin', '', 'Mozilla/5.0 (Windows NT 10.0; Win64; x64) AppleWebKit/537.36 (KHTML, like Gecko) Chrome/107.0.0.0 Sa', '', 'invoice no E3 Sale transaction created by admin', 21),
(394, '2022-11-23 22:00:59', 'trans', '::1', 'admin', '', 'Mozilla/5.0 (Windows NT 10.0; Win64; x64) AppleWebKit/537.36 (KHTML, like Gecko) Chrome/107.0.0.0 Sa', '', 'invoice no E3 Sale transaction created by admin', 21),
(395, '2022-11-23 23:19:15', 'trans', '::1', 'admin', '', 'Mozilla/5.0 (Windows NT 10.0; Win64; x64) AppleWebKit/537.36 (KHTML, like Gecko) Chrome/107.0.0.0 Sa', '', 'invoice no JV13 Payment Receipt transaction created by admin', 21),
(396, '2022-11-23 23:23:11', 'trans', '::1', 'admin', '', 'Mozilla/5.0 (Windows NT 10.0; Win64; x64) AppleWebKit/537.36 (KHTML, like Gecko) Chrome/107.0.0.0 Sa', '', 'invoice no S22 Invoice transaction created by admin', 21),
(397, '2022-11-23 23:23:32', 'trans', '::1', 'admin', '', 'Mozilla/5.0 (Windows NT 10.0; Win64; x64) AppleWebKit/537.36 (KHTML, like Gecko) Chrome/107.0.0.0 Sa', '', 'invoice no JV14 Payment Receipt transaction created by admin', 21),
(398, '2022-11-26 04:15:55', 'Admin', '::1', 'admin', '', 'Mozilla/5.0 (Windows NT 10.0; Win64; x64) AppleWebKit/537.36 (KHTML, like Gecko) Chrome/107.0.0.0 Sa', '', 'admin User logged in by admin', 21),
(399, '2022-11-26 09:42:48', 'trans', '::1', 'admin', '', 'Mozilla/5.0 (Windows NT 10.0; Win64; x64) AppleWebKit/537.36 (KHTML, like Gecko) Chrome/107.0.0.0 Sa', '', 'invoice no E4 Sale transaction created by admin', 21),
(400, '2022-11-26 09:42:48', 'trans', '::1', 'admin', '', 'Mozilla/5.0 (Windows NT 10.0; Win64; x64) AppleWebKit/537.36 (KHTML, like Gecko) Chrome/107.0.0.0 Sa', '', 'invoice no E4 Sale transaction created by admin', 21),
(401, '2022-11-26 09:46:47', 'trans', '::1', 'admin', '', 'Mozilla/5.0 (Windows NT 10.0; Win64; x64) AppleWebKit/537.36 (KHTML, like Gecko) Chrome/107.0.0.0 Sa', '', 'invoice no E5 Sale transaction created by admin', 21),
(402, '2022-11-26 09:46:47', 'trans', '::1', 'admin', '', 'Mozilla/5.0 (Windows NT 10.0; Win64; x64) AppleWebKit/537.36 (KHTML, like Gecko) Chrome/107.0.0.0 Sa', '', 'invoice no E5 Sale transaction created by admin', 21),
(403, '2022-11-26 06:08:16', 'Admin', '::1', 'admin', '', 'Mozilla/5.0 (Windows NT 10.0; Win64; x64) AppleWebKit/537.36 (KHTML, like Gecko) Chrome/107.0.0.0 Sa', '', 'admin User logged out by admin', 21),
(404, '2022-12-06 16:24:47', 'Admin', '::1', 'admin', '', 'Mozilla/5.0 (Windows NT 10.0; Win64; x64) AppleWebKit/537.36 (KHTML, like Gecko) Chrome/107.0.0.0 Sa', '', 'admin User logged in by admin', 21),
(405, '2022-12-07 17:56:03', 'Admin', '::1', 'admin', '', 'Mozilla/5.0 (Windows NT 10.0; Win64; x64) AppleWebKit/537.36 (KHTML, like Gecko) Chrome/108.0.0.0 Sa', '', 'admin User logged in by admin', 21),
(406, '2022-12-13 10:43:45', 'Admin', '::1', 'admin', '', 'Mozilla/5.0 (Windows NT 10.0; Win64; x64) AppleWebKit/537.36 (KHTML, like Gecko) Chrome/108.0.0.0 Sa', '', 'admin User logged in by admin', 21),
(407, '2022-12-13 15:52:30', 'POS', '::1', 'admin', '', 'Mozilla/5.0 (Windows NT 10.0; Win64; x64) AppleWebKit/537.36 (KHTML, like Gecko) Chrome/108.0.0.0 Sa', '', 'ihsan Ullah Customer Added by admin', 21),
(408, '2022-12-13 16:27:33', 'trans', '::1', 'admin', '', 'Mozilla/5.0 (Windows NT 10.0; Win64; x64) AppleWebKit/537.36 (KHTML, like Gecko) Chrome/108.0.0.0 Sa', '', 'invoice no B6 Bank Deposit transaction created by admin', 21),
(409, '2022-12-13 16:36:52', 'trans', '::1', 'admin', '', 'Mozilla/5.0 (Windows NT 10.0; Win64; x64) AppleWebKit/537.36 (KHTML, like Gecko) Chrome/108.0.0.0 Sa', '', 'invoice no B5 Bank Deposit transaction created by admin', 21),
(410, '2022-12-13 18:39:00', 'trans', '::1', 'admin', '', 'Mozilla/5.0 (Windows NT 10.0; Win64; x64) AppleWebKit/537.36 (KHTML, like Gecko) Chrome/108.0.0.0 Sa', '', 'invoice no S35 Invoice transaction created by admin', 21),
(411, '2022-12-13 18:39:00', 'trans', '::1', 'admin', '', 'Mozilla/5.0 (Windows NT 10.0; Win64; x64) AppleWebKit/537.36 (KHTML, like Gecko) Chrome/108.0.0.0 Sa', '', 'invoice no S35 Invoice transaction created by admin', 21),
(412, '2022-12-13 18:43:48', 'trans', '::1', 'admin', '', 'Mozilla/5.0 (Windows NT 10.0; Win64; x64) AppleWebKit/537.36 (KHTML, like Gecko) Chrome/108.0.0.0 Sa', '', 'invoice no S35 Sale transaction created by admin', 21),
(413, '2022-12-13 19:04:40', 'trans', '::1', 'admin', '', 'Mozilla/5.0 (Windows NT 10.0; Win64; x64) AppleWebKit/537.36 (KHTML, like Gecko) Chrome/108.0.0.0 Sa', '', 'invoice no JV15 Transfer transaction created by admin', 21),
(414, '2022-12-15 15:24:06', 'Admin', '::1', 'admin', '', 'Mozilla/5.0 (Windows NT 10.0; Win64; x64) AppleWebKit/537.36 (KHTML, like Gecko) Chrome/108.0.0.0 Sa', '', 'admin User logged in by admin', 21),
(415, '2022-12-15 21:03:19', 'trans', '::1', 'admin', '', 'Mozilla/5.0 (Windows NT 10.0; Win64; x64) AppleWebKit/537.36 (KHTML, like Gecko) Chrome/108.0.0.0 Sa', '', 'invoice no JV15 Transfer transaction created by admin', 21),
(416, '2022-12-15 21:05:09', 'trans', '::1', 'admin', '', 'Mozilla/5.0 (Windows NT 10.0; Win64; x64) AppleWebKit/537.36 (KHTML, like Gecko) Chrome/108.0.0.0 Sa', '', 'invoice no JV15 Transfer transaction created by admin', 21),
(417, '2022-12-15 21:05:39', 'trans', '::1', 'admin', '', 'Mozilla/5.0 (Windows NT 10.0; Win64; x64) AppleWebKit/537.36 (KHTML, like Gecko) Chrome/108.0.0.0 Sa', '', 'invoice no JV16 Transfer transaction created by admin', 21),
(418, '2022-12-15 21:05:56', 'trans', '::1', 'admin', '', 'Mozilla/5.0 (Windows NT 10.0; Win64; x64) AppleWebKit/537.36 (KHTML, like Gecko) Chrome/108.0.0.0 Sa', '', 'invoice no JV17 Transfer transaction created by admin', 21),
(419, '2022-12-15 21:12:02', 'trans', '::1', 'admin', '', 'Mozilla/5.0 (Windows NT 10.0; Win64; x64) AppleWebKit/537.36 (KHTML, like Gecko) Chrome/108.0.0.0 Sa', '', 'invoice no JV18 Transfer transaction created by admin', 21),
(420, '2022-12-17 13:49:01', 'Admin', '::1', 'admin', '', 'Mozilla/5.0 (Windows NT 10.0; Win64; x64) AppleWebKit/537.36 (KHTML, like Gecko) Chrome/108.0.0.0 Sa', '', 'admin User logged in by admin', 21),
(421, '2022-12-19 13:24:36', 'Admin', '::1', 'admin', '', 'Mozilla/5.0 (Windows NT 10.0; Win64; x64) AppleWebKit/537.36 (KHTML, like Gecko) Chrome/108.0.0.0 Sa', '', 'admin User logged in by admin', 21),
(422, '2022-12-19 20:28:38', 'trans', '::1', 'admin', '', 'Mozilla/5.0 (Windows NT 10.0; Win64; x64) AppleWebKit/537.36 (KHTML, like Gecko) Chrome/108.0.0.0 Sa', '', 'invoice no JV19 Payment Receipt transaction created by admin', 21),
(423, '2022-12-19 20:33:38', 'trans', '::1', 'admin', '', 'Mozilla/5.0 (Windows NT 10.0; Win64; x64) AppleWebKit/537.36 (KHTML, like Gecko) Chrome/108.0.0.0 Sa', '', 'invoice no JV20 Payment Receipt transaction created by admin', 21),
(424, '2022-12-19 20:33:45', 'trans', '::1', 'admin', '', 'Mozilla/5.0 (Windows NT 10.0; Win64; x64) AppleWebKit/537.36 (KHTML, like Gecko) Chrome/108.0.0.0 Sa', '', 'invoice no JV21 Payment Receipt transaction created by admin', 21),
(425, '2022-12-19 20:33:59', 'trans', '::1', 'admin', '', 'Mozilla/5.0 (Windows NT 10.0; Win64; x64) AppleWebKit/537.36 (KHTML, like Gecko) Chrome/108.0.0.0 Sa', '', 'invoice no JV22 Payment Receipt transaction created by admin', 21),
(426, '2022-12-19 21:09:22', 'trans', '::1', 'admin', '', 'Mozilla/5.0 (Windows NT 10.0; Win64; x64) AppleWebKit/537.36 (KHTML, like Gecko) Chrome/108.0.0.0 Sa', '', 'invoice no JV23 Payment Receipt transaction created by admin', 21),
(427, '2022-12-19 21:14:08', 'trans', '::1', 'admin', '', 'Mozilla/5.0 (Windows NT 10.0; Win64; x64) AppleWebKit/537.36 (KHTML, like Gecko) Chrome/108.0.0.0 Sa', '', 'invoice no S35 Invoice transaction created by admin', 21),
(428, '2022-12-19 21:14:08', 'trans', '::1', 'admin', '', 'Mozilla/5.0 (Windows NT 10.0; Win64; x64) AppleWebKit/537.36 (KHTML, like Gecko) Chrome/108.0.0.0 Sa', '', 'invoice no S35 Invoice transaction created by admin', 21),
(429, '2022-12-19 21:14:18', 'trans', '::1', 'admin', '', 'Mozilla/5.0 (Windows NT 10.0; Win64; x64) AppleWebKit/537.36 (KHTML, like Gecko) Chrome/108.0.0.0 Sa', '', 'invoice no JV23 Payment Receipt transaction created by admin', 21),
(430, '2022-12-19 21:14:25', 'trans', '::1', 'admin', '', 'Mozilla/5.0 (Windows NT 10.0; Win64; x64) AppleWebKit/537.36 (KHTML, like Gecko) Chrome/108.0.0.0 Sa', '', 'invoice no JV24 Payment Receipt transaction created by admin', 21),
(431, '2022-12-19 21:18:29', 'trans', '::1', 'admin', '', 'Mozilla/5.0 (Windows NT 10.0; Win64; x64) AppleWebKit/537.36 (KHTML, like Gecko) Chrome/108.0.0.0 Sa', '', 'invoice no JV25 Payment Receipt transaction created by admin', 21),
(432, '2022-12-19 21:18:37', 'trans', '::1', 'admin', '', 'Mozilla/5.0 (Windows NT 10.0; Win64; x64) AppleWebKit/537.36 (KHTML, like Gecko) Chrome/108.0.0.0 Sa', '', 'invoice no JV26 Payment Receipt transaction created by admin', 21),
(433, '2022-12-19 21:18:48', 'trans', '::1', 'admin', '', 'Mozilla/5.0 (Windows NT 10.0; Win64; x64) AppleWebKit/537.36 (KHTML, like Gecko) Chrome/108.0.0.0 Sa', '', 'invoice no JV27 Payment Receipt transaction created by admin', 21),
(434, '2022-12-19 21:22:13', 'trans', '::1', 'admin', '', 'Mozilla/5.0 (Windows NT 10.0; Win64; x64) AppleWebKit/537.36 (KHTML, like Gecko) Chrome/108.0.0.0 Sa', '', 'invoice no S35 Invoice transaction created by admin', 21),
(435, '2022-12-19 21:22:13', 'trans', '::1', 'admin', '', 'Mozilla/5.0 (Windows NT 10.0; Win64; x64) AppleWebKit/537.36 (KHTML, like Gecko) Chrome/108.0.0.0 Sa', '', 'invoice no S35 Invoice transaction created by admin', 21),
(436, '2022-12-19 21:22:22', 'trans', '::1', 'admin', '', 'Mozilla/5.0 (Windows NT 10.0; Win64; x64) AppleWebKit/537.36 (KHTML, like Gecko) Chrome/108.0.0.0 Sa', '', 'invoice no JV23 Payment Receipt transaction created by admin', 21),
(437, '2022-12-19 21:22:37', 'trans', '::1', 'admin', '', 'Mozilla/5.0 (Windows NT 10.0; Win64; x64) AppleWebKit/537.36 (KHTML, like Gecko) Chrome/108.0.0.0 Sa', '', 'invoice no JV24 Payment Receipt transaction created by admin', 21),
(438, '2022-12-19 22:03:55', 'trans', '::1', 'admin', '', 'Mozilla/5.0 (Windows NT 10.0; Win64; x64) AppleWebKit/537.36 (KHTML, like Gecko) Chrome/108.0.0.0 Sa', '', 'invoice no JV23 Payment Receipt transaction created by admin', 21),
(439, '2022-12-19 22:04:25', 'trans', '::1', 'admin', '', 'Mozilla/5.0 (Windows NT 10.0; Win64; x64) AppleWebKit/537.36 (KHTML, like Gecko) Chrome/108.0.0.0 Sa', '', 'invoice no JV24 Payment Receipt transaction created by admin', 21),
(440, '2022-12-19 22:05:00', 'POS', '::1', 'admin', '', 'Mozilla/5.0 (Windows NT 10.0; Win64; x64) AppleWebKit/537.36 (KHTML, like Gecko) Chrome/108.0.0.0 Sa', '', 'R20 Receivings Deleted by admin', 21),
(441, '2022-12-20 19:09:50', 'Admin', '::1', 'admin', '', 'Mozilla/5.0 (Windows NT 10.0; Win64; x64) AppleWebKit/537.36 (KHTML, like Gecko) Chrome/108.0.0.0 Sa', '', 'admin User logged in by admin', 21),
(442, '2022-12-21 00:23:01', 'Accounts', '::1', 'admin', '', 'Mozilla/5.0 (Windows NT 10.0; Win64; x64) AppleWebKit/537.36 (KHTML, like Gecko) Chrome/108.0.0.0 Sa', '', ' Pofit & Loss Report Retrieved by admin', 21),
(443, '2022-12-24 07:16:07', 'Admin', '::1', 'admin', '', 'Mozilla/5.0 (Windows NT 10.0; Win64; x64) AppleWebKit/537.36 (KHTML, like Gecko) Chrome/108.0.0.0 Sa', '', 'admin User logged in by admin', 21),
(444, '2022-12-24 07:16:48', 'Admin', '::1', 'admin', '', 'Mozilla/5.0 (Windows NT 10.0; Win64; x64) AppleWebKit/537.36 (KHTML, like Gecko) Chrome/108.0.0.0 Sa', '', 'admin User logged out by admin', 21),
(445, '2022-12-24 10:53:48', 'Admin', '::1', 'admin', '', 'Mozilla/5.0 (Windows NT 10.0; Win64; x64) AppleWebKit/537.36 (KHTML, like Gecko) Chrome/108.0.0.0 Sa', '', 'admin User logged in by admin', 21),
(446, '2022-12-24 10:53:55', 'Admin', '::1', 'admin', '', 'Mozilla/5.0 (Windows NT 10.0; Win64; x64) AppleWebKit/537.36 (KHTML, like Gecko) Chrome/108.0.0.0 Sa', '', 'admin User logged out by admin', 21),
(447, '2023-01-06 18:04:58', 'Admin', '::1', 'admin', '', 'Mozilla/5.0 (Windows NT 10.0; Win64; x64) AppleWebKit/537.36 (KHTML, like Gecko) Chrome/108.0.0.0 Sa', '', 'admin User logged in by admin', 21),
(448, '2023-01-06 23:18:13', 'admin', '::1', 'admin', '', 'Mozilla/5.0 (Windows NT 10.0; Win64; x64) AppleWebKit/537.36 (KHTML, like Gecko) Chrome/108.0.0.0 Sa', '', 'username admin, Full Namedemo User updated by admin', 21),
(449, '2023-01-06 23:33:00', 'Accounts', '::1', 'admin', '', 'Mozilla/5.0 (Windows NT 10.0; Win64; x64) AppleWebKit/537.36 (KHTML, like Gecko) Chrome/108.0.0.0 Sa', '', ' Pofit & Loss Report Retrieved by admin', 21),
(450, '2023-01-06 23:35:56', 'Accounts', '::1', 'admin', '', 'Mozilla/5.0 (Windows NT 10.0; Win64; x64) AppleWebKit/537.36 (KHTML, like Gecko) Chrome/108.0.0.0 Sa', '', ' Trail Balance Report Retrieved by admin', 21),
(451, '2023-01-06 23:45:28', 'Accounts', '::1', 'admin', '', 'Mozilla/5.0 (Windows NT 10.0; Win64; x64) AppleWebKit/537.36 (KHTML, like Gecko) Chrome/108.0.0.0 Sa', '', ' Trail Balance Report Retrieved by admin', 21),
(452, '2023-01-06 23:45:44', 'Accounts', '::1', 'admin', '', 'Mozilla/5.0 (Windows NT 10.0; Win64; x64) AppleWebKit/537.36 (KHTML, like Gecko) Chrome/108.0.0.0 Sa', '', ' Trail Balance Report Retrieved by admin', 21),
(453, '2023-01-06 23:46:53', 'Accounts', '::1', 'admin', '', 'Mozilla/5.0 (Windows NT 10.0; Win64; x64) AppleWebKit/537.36 (KHTML, like Gecko) Chrome/108.0.0.0 Sa', '', ' Trail Balance Report Retrieved by admin', 21),
(454, '2023-01-06 23:47:56', 'Accounts', '::1', 'admin', '', 'Mozilla/5.0 (Windows NT 10.0; Win64; x64) AppleWebKit/537.36 (KHTML, like Gecko) Chrome/108.0.0.0 Sa', '', ' Trail Balance Report Retrieved by admin', 21),
(455, '2023-01-06 23:51:40', 'Accounts', '::1', 'admin', '', 'Mozilla/5.0 (Windows NT 10.0; Win64; x64) AppleWebKit/537.36 (KHTML, like Gecko) Chrome/108.0.0.0 Sa', '', ' Trail Balance Report Retrieved by admin', 21),
(456, '2023-01-06 23:58:49', 'Accounts', '::1', 'admin', '', 'Mozilla/5.0 (Windows NT 10.0; Win64; x64) AppleWebKit/537.36 (KHTML, like Gecko) Chrome/108.0.0.0 Sa', '', ' Trail Balance Report Retrieved by admin', 21),
(457, '2023-01-06 23:58:51', 'Accounts', '::1', 'admin', '', 'Mozilla/5.0 (Windows NT 10.0; Win64; x64) AppleWebKit/537.36 (KHTML, like Gecko) Chrome/108.0.0.0 Sa', '', ' Account Payable Report Retrieved by admin', 21),
(458, '2023-01-07 00:15:45', 'Accounts', '::1', 'admin', '', 'Mozilla/5.0 (Windows NT 10.0; Win64; x64) AppleWebKit/537.36 (KHTML, like Gecko) Chrome/108.0.0.0 Sa', '', ' Account Payable Report Retrieved by admin', 21),
(459, '2023-01-07 00:16:06', 'Accounts', '::1', 'admin', '', 'Mozilla/5.0 (Windows NT 10.0; Win64; x64) AppleWebKit/537.36 (KHTML, like Gecko) Chrome/108.0.0.0 Sa', '', ' Account Payable Report Retrieved by admin', 21),
(460, '2023-01-07 00:18:44', 'Accounts', '::1', 'admin', '', 'Mozilla/5.0 (Windows NT 10.0; Win64; x64) AppleWebKit/537.36 (KHTML, like Gecko) Chrome/108.0.0.0 Sa', '', ' Account Payable Report Retrieved by admin', 21),
(461, '2023-01-07 00:19:18', 'Accounts', '::1', 'admin', '', 'Mozilla/5.0 (Windows NT 10.0; Win64; x64) AppleWebKit/537.36 (KHTML, like Gecko) Chrome/108.0.0.0 Sa', '', ' Account Payable Report Retrieved by admin', 21),
(462, '2023-01-07 00:19:53', 'Accounts', '::1', 'admin', '', 'Mozilla/5.0 (Windows NT 10.0; Win64; x64) AppleWebKit/537.36 (KHTML, like Gecko) Chrome/108.0.0.0 Sa', '', ' Account Payable Report Retrieved by admin', 21),
(463, '2023-01-07 00:20:20', 'Accounts', '::1', 'admin', '', 'Mozilla/5.0 (Windows NT 10.0; Win64; x64) AppleWebKit/537.36 (KHTML, like Gecko) Chrome/108.0.0.0 Sa', '', ' Account Payable Report Retrieved by admin', 21),
(464, '2023-01-07 00:20:21', 'Accounts', '::1', 'admin', '', 'Mozilla/5.0 (Windows NT 10.0; Win64; x64) AppleWebKit/537.36 (KHTML, like Gecko) Chrome/108.0.0.0 Sa', '', ' Account Payable Report Retrieved by admin', 21),
(465, '2023-01-07 00:20:21', 'Accounts', '::1', 'admin', '', 'Mozilla/5.0 (Windows NT 10.0; Win64; x64) AppleWebKit/537.36 (KHTML, like Gecko) Chrome/108.0.0.0 Sa', '', ' Account Payable Report Retrieved by admin', 21),
(466, '2023-01-07 00:23:27', 'Accounts', '::1', 'admin', '', 'Mozilla/5.0 (Windows NT 10.0; Win64; x64) AppleWebKit/537.36 (KHTML, like Gecko) Chrome/108.0.0.0 Sa', '', ' Account Payable Report Retrieved by admin', 21),
(467, '2023-01-07 00:26:33', 'Accounts', '::1', 'admin', '', 'Mozilla/5.0 (Windows NT 10.0; Win64; x64) AppleWebKit/537.36 (KHTML, like Gecko) Chrome/108.0.0.0 Sa', '', ' Account Receivable Report Retrieved by admin', 21),
(468, '2023-01-07 00:27:01', 'Accounts', '::1', 'admin', '', 'Mozilla/5.0 (Windows NT 10.0; Win64; x64) AppleWebKit/537.36 (KHTML, like Gecko) Chrome/108.0.0.0 Sa', '', ' Account Receivable Report Retrieved by admin', 21),
(469, '2023-01-07 00:47:11', 'trans', '::1', 'admin', '', 'Mozilla/5.0 (Windows NT 10.0; Win64; x64) AppleWebKit/537.36 (KHTML, like Gecko) Chrome/108.0.0.0 Sa', '', 'invoice no S35 Invoice transaction created by admin', 21),
(470, '2023-01-07 00:47:19', 'Accounts', '::1', 'admin', '', 'Mozilla/5.0 (Windows NT 10.0; Win64; x64) AppleWebKit/537.36 (KHTML, like Gecko) Chrome/108.0.0.0 Sa', '', ' Account Receivable Report Retrieved by admin', 21),
(471, '2023-01-07 00:47:55', 'trans', '::1', 'admin', '', 'Mozilla/5.0 (Windows NT 10.0; Win64; x64) AppleWebKit/537.36 (KHTML, like Gecko) Chrome/108.0.0.0 Sa', '', 'invoice no JV23 Payment Receipt transaction created by admin', 21),
(472, '2023-01-07 00:48:01', 'Accounts', '::1', 'admin', '', 'Mozilla/5.0 (Windows NT 10.0; Win64; x64) AppleWebKit/537.36 (KHTML, like Gecko) Chrome/108.0.0.0 Sa', '', ' Account Receivable Report Retrieved by admin', 21),
(473, '2023-01-07 00:49:48', 'trans', '::1', 'admin', '', 'Mozilla/5.0 (Windows NT 10.0; Win64; x64) AppleWebKit/537.36 (KHTML, like Gecko) Chrome/108.0.0.0 Sa', '', 'invoice no JV24 Payment Receipt transaction created by admin', 21);
INSERT INTO `logs` (`id`, `date`, `module`, `host_ip`, `user`, `url`, `user_agent`, `message_title`, `message_desc`, `company_id`) VALUES
(474, '2023-01-07 00:49:52', 'Accounts', '::1', 'admin', '', 'Mozilla/5.0 (Windows NT 10.0; Win64; x64) AppleWebKit/537.36 (KHTML, like Gecko) Chrome/108.0.0.0 Sa', '', ' Account Receivable Report Retrieved by admin', 21),
(475, '2023-01-07 00:51:31', 'trans', '::1', 'admin', '', 'Mozilla/5.0 (Windows NT 10.0; Win64; x64) AppleWebKit/537.36 (KHTML, like Gecko) Chrome/108.0.0.0 Sa', '', 'invoice no R20 Purchase transaction created by admin', 21),
(476, '2023-01-07 00:53:37', 'Accounts', '::1', 'admin', '', 'Mozilla/5.0 (Windows NT 10.0; Win64; x64) AppleWebKit/537.36 (KHTML, like Gecko) Chrome/108.0.0.0 Sa', '', ' Account Payable Report Retrieved by admin', 21),
(477, '2023-01-07 00:55:58', 'trans', '::1', 'admin', '', 'Mozilla/5.0 (Windows NT 10.0; Win64; x64) AppleWebKit/537.36 (KHTML, like Gecko) Chrome/108.0.0.0 Sa', '', 'invoice no R21 Purchase transaction created by admin', 21),
(478, '2023-01-07 00:56:11', 'Accounts', '::1', 'admin', '', 'Mozilla/5.0 (Windows NT 10.0; Win64; x64) AppleWebKit/537.36 (KHTML, like Gecko) Chrome/108.0.0.0 Sa', '', ' Account Payable Report Retrieved by admin', 21),
(479, '2023-01-07 00:56:41', 'trans', '::1', 'admin', '', 'Mozilla/5.0 (Windows NT 10.0; Win64; x64) AppleWebKit/537.36 (KHTML, like Gecko) Chrome/108.0.0.0 Sa', '', 'invoice no JV25 Payment Receipt transaction created by admin', 21),
(480, '2023-01-07 00:56:46', 'Accounts', '::1', 'admin', '', 'Mozilla/5.0 (Windows NT 10.0; Win64; x64) AppleWebKit/537.36 (KHTML, like Gecko) Chrome/108.0.0.0 Sa', '', ' Account Payable Report Retrieved by admin', 21),
(481, '2023-01-07 01:01:53', 'Accounts', '::1', 'admin', '', 'Mozilla/5.0 (Windows NT 10.0; Win64; x64) AppleWebKit/537.36 (KHTML, like Gecko) Chrome/108.0.0.0 Sa', '', ' Account Receivable Report Retrieved by admin', 21),
(482, '2023-01-07 01:04:00', 'Accounts', '::1', 'admin', '', 'Mozilla/5.0 (Windows NT 10.0; Win64; x64) AppleWebKit/537.36 (KHTML, like Gecko) Chrome/108.0.0.0 Sa', '', ' Account Receivable Report Retrieved by admin', 21),
(483, '2023-01-07 01:04:03', 'Accounts', '::1', 'admin', '', 'Mozilla/5.0 (Windows NT 10.0; Win64; x64) AppleWebKit/537.36 (KHTML, like Gecko) Chrome/108.0.0.0 Sa', '', ' Account Payable Report Retrieved by admin', 21),
(484, '2023-01-07 01:04:07', 'Accounts', '::1', 'admin', '', 'Mozilla/5.0 (Windows NT 10.0; Win64; x64) AppleWebKit/537.36 (KHTML, like Gecko) Chrome/108.0.0.0 Sa', '', ' Account Payable Report Retrieved by admin', 21),
(485, '2023-01-07 01:04:46', 'trans', '::1', 'admin', '', 'Mozilla/5.0 (Windows NT 10.0; Win64; x64) AppleWebKit/537.36 (KHTML, like Gecko) Chrome/108.0.0.0 Sa', '', 'invoice no R22 Purchase transaction created by admin', 21),
(486, '2023-01-07 01:04:50', 'Accounts', '::1', 'admin', '', 'Mozilla/5.0 (Windows NT 10.0; Win64; x64) AppleWebKit/537.36 (KHTML, like Gecko) Chrome/108.0.0.0 Sa', '', ' Account Payable Report Retrieved by admin', 21),
(487, '2023-01-07 01:04:56', 'Accounts', '::1', 'admin', '', 'Mozilla/5.0 (Windows NT 10.0; Win64; x64) AppleWebKit/537.36 (KHTML, like Gecko) Chrome/108.0.0.0 Sa', '', ' Account Payable Report Retrieved by admin', 21),
(488, '2023-01-07 01:05:49', 'Accounts', '::1', 'admin', '', 'Mozilla/5.0 (Windows NT 10.0; Win64; x64) AppleWebKit/537.36 (KHTML, like Gecko) Chrome/108.0.0.0 Sa', '', ' Account Payable Report Retrieved by admin', 21),
(489, '2023-01-07 01:05:52', 'Accounts', '::1', 'admin', '', 'Mozilla/5.0 (Windows NT 10.0; Win64; x64) AppleWebKit/537.36 (KHTML, like Gecko) Chrome/108.0.0.0 Sa', '', ' Account Payable Report Retrieved by admin', 21),
(490, '2023-01-07 01:06:35', 'trans', '::1', 'admin', '', 'Mozilla/5.0 (Windows NT 10.0; Win64; x64) AppleWebKit/537.36 (KHTML, like Gecko) Chrome/108.0.0.0 Sa', '', 'invoice no JV26 Payment Receipt transaction created by admin', 21),
(491, '2023-01-07 01:06:41', 'Accounts', '::1', 'admin', '', 'Mozilla/5.0 (Windows NT 10.0; Win64; x64) AppleWebKit/537.36 (KHTML, like Gecko) Chrome/108.0.0.0 Sa', '', ' Account Payable Report Retrieved by admin', 21),
(492, '2023-01-07 01:06:58', 'Accounts', '::1', 'admin', '', 'Mozilla/5.0 (Windows NT 10.0; Win64; x64) AppleWebKit/537.36 (KHTML, like Gecko) Chrome/108.0.0.0 Sa', '', ' Account Payable Report Retrieved by admin', 21),
(493, '2023-01-07 01:07:14', 'Accounts', '::1', 'admin', '', 'Mozilla/5.0 (Windows NT 10.0; Win64; x64) AppleWebKit/537.36 (KHTML, like Gecko) Chrome/108.0.0.0 Sa', '', ' Account Receivable Report Retrieved by admin', 21),
(494, '2023-01-07 01:09:02', 'Accounts', '::1', 'admin', '', 'Mozilla/5.0 (Windows NT 10.0; Win64; x64) AppleWebKit/537.36 (KHTML, like Gecko) Chrome/108.0.0.0 Sa', '', ' Account Receivable Report Retrieved by admin', 21),
(495, '2023-01-07 01:09:09', 'Accounts', '::1', 'admin', '', 'Mozilla/5.0 (Windows NT 10.0; Win64; x64) AppleWebKit/537.36 (KHTML, like Gecko) Chrome/108.0.0.0 Sa', '', ' Account Receivable Report Retrieved by admin', 21),
(496, '2023-01-07 01:10:18', 'Accounts', '::1', 'admin', '', 'Mozilla/5.0 (Windows NT 10.0; Win64; x64) AppleWebKit/537.36 (KHTML, like Gecko) Chrome/108.0.0.0 Sa', '', ' Account Payable Report Retrieved by admin', 21),
(497, '2023-01-07 01:11:59', 'Accounts', '::1', 'admin', '', 'Mozilla/5.0 (Windows NT 10.0; Win64; x64) AppleWebKit/537.36 (KHTML, like Gecko) Chrome/108.0.0.0 Sa', '', ' Account Payable Report Retrieved by admin', 21),
(498, '2023-01-07 01:12:03', 'Accounts', '::1', 'admin', '', 'Mozilla/5.0 (Windows NT 10.0; Win64; x64) AppleWebKit/537.36 (KHTML, like Gecko) Chrome/108.0.0.0 Sa', '', ' Account Receivable Report Retrieved by admin', 21),
(499, '2023-01-07 01:12:14', 'Accounts', '::1', 'admin', '', 'Mozilla/5.0 (Windows NT 10.0; Win64; x64) AppleWebKit/537.36 (KHTML, like Gecko) Chrome/108.0.0.0 Sa', '', ' Account Payable Report Retrieved by admin', 21),
(500, '2023-01-07 01:12:29', 'Accounts', '::1', 'admin', '', 'Mozilla/5.0 (Windows NT 10.0; Win64; x64) AppleWebKit/537.36 (KHTML, like Gecko) Chrome/108.0.0.0 Sa', '', ' Account Receivable Report Retrieved by admin', 21),
(501, '2023-01-07 06:48:23', 'Admin', '::1', 'admin', '', 'Mozilla/5.0 (Windows NT 10.0; Win64; x64) AppleWebKit/537.36 (KHTML, like Gecko) Chrome/108.0.0.0 Sa', '', 'admin User logged in by admin', 21),
(502, '2023-01-07 06:48:28', 'Admin', '::1', 'admin', '', 'Mozilla/5.0 (Windows NT 10.0; Win64; x64) AppleWebKit/537.36 (KHTML, like Gecko) Chrome/108.0.0.0 Sa', '', 'admin User logged in by admin', 21),
(503, '2023-01-07 11:49:09', 'Accounts', '::1', 'admin', '', 'Mozilla/5.0 (Windows NT 10.0; Win64; x64) AppleWebKit/537.36 (KHTML, like Gecko) Chrome/108.0.0.0 Sa', '', ' Account Receivable Report Retrieved by admin', 21),
(504, '2023-01-07 11:50:50', 'Accounts', '::1', 'admin', '', 'Mozilla/5.0 (Windows NT 10.0; Win64; x64) AppleWebKit/537.36 (KHTML, like Gecko) Chrome/108.0.0.0 Sa', '', ' Account Receivable Report Retrieved by admin', 21),
(505, '2023-01-07 11:53:02', 'Accounts', '::1', 'admin', '', 'Mozilla/5.0 (Windows NT 10.0; Win64; x64) AppleWebKit/537.36 (KHTML, like Gecko) Chrome/108.0.0.0 Sa', '', ' Account Receivable Report Retrieved by admin', 21),
(506, '2023-01-07 09:17:11', 'Admin', '::1', 'admin', '', 'Mozilla/5.0 (Windows NT 10.0; Win64; x64) AppleWebKit/537.36 (KHTML, like Gecko) Chrome/108.0.0.0 Sa', '', 'admin User logged in by admin', 21),
(507, '2023-01-07 09:17:14', 'Admin', '::1', 'admin', '', 'Mozilla/5.0 (Windows NT 10.0; Win64; x64) AppleWebKit/537.36 (KHTML, like Gecko) Chrome/108.0.0.0 Sa', '', 'admin User logged in by admin', 21),
(508, '2023-01-07 14:22:36', 'Accounts', '::1', 'admin', '', 'Mozilla/5.0 (Windows NT 10.0; Win64; x64) AppleWebKit/537.36 (KHTML, like Gecko) Chrome/108.0.0.0 Sa', '', ' Account Receivable Report Retrieved by admin', 21),
(509, '2023-01-07 14:32:01', 'Accounts', '::1', 'admin', '', 'Mozilla/5.0 (Windows NT 10.0; Win64; x64) AppleWebKit/537.36 (KHTML, like Gecko) Chrome/108.0.0.0 Sa', '', ' Account Receivable Report Retrieved by admin', 21),
(510, '2023-01-07 14:42:42', 'Accounts', '::1', 'admin', '', 'Mozilla/5.0 (Windows NT 10.0; Win64; x64) AppleWebKit/537.36 (KHTML, like Gecko) Chrome/108.0.0.0 Sa', '', ' Account Receivable Report Retrieved by admin', 21),
(511, '2023-01-07 15:00:39', 'Accounts', '::1', 'admin', '', 'Mozilla/5.0 (Windows NT 10.0; Win64; x64) AppleWebKit/537.36 (KHTML, like Gecko) Chrome/108.0.0.0 Sa', '', ' Account Receivable Report Retrieved by admin', 21),
(512, '2023-01-07 15:04:47', 'Accounts', '::1', 'admin', '', 'Mozilla/5.0 (Windows NT 10.0; Win64; x64) AppleWebKit/537.36 (KHTML, like Gecko) Chrome/108.0.0.0 Sa', '', ' Account Receivable Report Retrieved by admin', 21),
(513, '2023-01-07 15:05:30', 'Accounts', '::1', 'admin', '', 'Mozilla/5.0 (Windows NT 10.0; Win64; x64) AppleWebKit/537.36 (KHTML, like Gecko) Chrome/108.0.0.0 Sa', '', ' Account Receivable Report Retrieved by admin', 21),
(514, '2023-01-07 16:12:41', 'trans', '::1', 'admin', '', 'Mozilla/5.0 (Windows NT 10.0; Win64; x64) AppleWebKit/537.36 (KHTML, like Gecko) Chrome/108.0.0.0 Sa', '', 'invoice no R23 Purchase transaction created by admin', 21),
(515, '2023-01-07 16:13:25', 'Accounts', '::1', 'admin', '', 'Mozilla/5.0 (Windows NT 10.0; Win64; x64) AppleWebKit/537.36 (KHTML, like Gecko) Chrome/108.0.0.0 Sa', '', ' Account Payable Report Retrieved by admin', 21),
(516, '2023-01-07 16:13:28', 'Accounts', '::1', 'admin', '', 'Mozilla/5.0 (Windows NT 10.0; Win64; x64) AppleWebKit/537.36 (KHTML, like Gecko) Chrome/108.0.0.0 Sa', '', ' Account Receivable Report Retrieved by admin', 21),
(517, '2023-01-07 16:13:38', 'Accounts', '::1', 'admin', '', 'Mozilla/5.0 (Windows NT 10.0; Win64; x64) AppleWebKit/537.36 (KHTML, like Gecko) Chrome/108.0.0.0 Sa', '', ' Account Payable Report Retrieved by admin', 21),
(518, '2023-01-07 16:13:41', 'Accounts', '::1', 'admin', '', 'Mozilla/5.0 (Windows NT 10.0; Win64; x64) AppleWebKit/537.36 (KHTML, like Gecko) Chrome/108.0.0.0 Sa', '', ' Account Receivable Report Retrieved by admin', 21),
(519, '2023-01-07 16:16:06', 'Accounts', '::1', 'admin', '', 'Mozilla/5.0 (Windows NT 10.0; Win64; x64) AppleWebKit/537.36 (KHTML, like Gecko) Chrome/108.0.0.0 Sa', '', ' Account Receivable Report Retrieved by admin', 21),
(520, '2023-01-07 16:16:18', 'Accounts', '::1', 'admin', '', 'Mozilla/5.0 (Windows NT 10.0; Win64; x64) AppleWebKit/537.36 (KHTML, like Gecko) Chrome/108.0.0.0 Sa', '', ' Account Payable Report Retrieved by admin', 21),
(521, '2023-01-07 16:17:37', 'trans', '::1', 'admin', '', 'Mozilla/5.0 (Windows NT 10.0; Win64; x64) AppleWebKit/537.36 (KHTML, like Gecko) Chrome/108.0.0.0 Sa', '', 'invoice no R24 Purchase transaction created by admin', 21),
(522, '2023-01-07 16:17:44', 'Accounts', '::1', 'admin', '', 'Mozilla/5.0 (Windows NT 10.0; Win64; x64) AppleWebKit/537.36 (KHTML, like Gecko) Chrome/108.0.0.0 Sa', '', ' Account Payable Report Retrieved by admin', 21),
(523, '2023-01-07 16:20:46', 'Accounts', '::1', 'admin', '', 'Mozilla/5.0 (Windows NT 10.0; Win64; x64) AppleWebKit/537.36 (KHTML, like Gecko) Chrome/108.0.0.0 Sa', '', ' Account Payable Report Retrieved by admin', 21),
(524, '2023-01-07 16:22:03', 'Accounts', '::1', 'admin', '', 'Mozilla/5.0 (Windows NT 10.0; Win64; x64) AppleWebKit/537.36 (KHTML, like Gecko) Chrome/108.0.0.0 Sa', '', ' Account Payable Report Retrieved by admin', 21),
(525, '2023-01-07 16:27:56', 'Accounts', '::1', 'admin', '', 'Mozilla/5.0 (Windows NT 10.0; Win64; x64) AppleWebKit/537.36 (KHTML, like Gecko) Chrome/108.0.0.0 Sa', '', ' Balance Sheet Retrieved by admin', 21),
(526, '2023-01-07 16:28:07', 'Accounts', '::1', 'admin', '', 'Mozilla/5.0 (Windows NT 10.0; Win64; x64) AppleWebKit/537.36 (KHTML, like Gecko) Chrome/108.0.0.0 Sa', '', ' Account Receivable Report Retrieved by admin', 21),
(527, '2023-01-07 16:28:29', 'Accounts', '::1', 'admin', '', 'Mozilla/5.0 (Windows NT 10.0; Win64; x64) AppleWebKit/537.36 (KHTML, like Gecko) Chrome/108.0.0.0 Sa', '', ' Balance Sheet Retrieved by admin', 21),
(528, '2023-01-07 16:28:32', 'Accounts', '::1', 'admin', '', 'Mozilla/5.0 (Windows NT 10.0; Win64; x64) AppleWebKit/537.36 (KHTML, like Gecko) Chrome/108.0.0.0 Sa', '', ' Account Receivable Report Retrieved by admin', 21),
(529, '2023-01-07 16:28:35', 'Accounts', '::1', 'admin', '', 'Mozilla/5.0 (Windows NT 10.0; Win64; x64) AppleWebKit/537.36 (KHTML, like Gecko) Chrome/108.0.0.0 Sa', '', ' Account Payable Report Retrieved by admin', 21),
(530, '2023-01-07 16:28:40', 'Accounts', '::1', 'admin', '', 'Mozilla/5.0 (Windows NT 10.0; Win64; x64) AppleWebKit/537.36 (KHTML, like Gecko) Chrome/108.0.0.0 Sa', '', ' Balance Sheet Retrieved by admin', 21),
(531, '2023-01-07 16:28:54', 'Accounts', '::1', 'admin', '', 'Mozilla/5.0 (Windows NT 10.0; Win64; x64) AppleWebKit/537.36 (KHTML, like Gecko) Chrome/108.0.0.0 Sa', '', ' Pofit & Loss Report Retrieved by admin', 21),
(532, '2023-01-07 16:29:00', 'Accounts', '::1', 'admin', '', 'Mozilla/5.0 (Windows NT 10.0; Win64; x64) AppleWebKit/537.36 (KHTML, like Gecko) Chrome/108.0.0.0 Sa', '', ' Trail Balance Report Retrieved by admin', 21),
(533, '2023-01-10 20:21:21', 'Admin', '::1', 'admin', '', 'Mozilla/5.0 (Windows NT 10.0; Win64; x64) AppleWebKit/537.36 (KHTML, like Gecko) Chrome/108.0.0.0 Sa', '', 'admin User logged in by admin', 21),
(534, '2023-01-12 16:48:18', 'Admin', '::1', 'admin', '', 'Mozilla/5.0 (Windows NT 10.0; Win64; x64) AppleWebKit/537.36 (KHTML, like Gecko) Chrome/108.0.0.0 Sa', '', 'admin User logged in by admin', 21),
(535, '2023-01-12 21:48:25', 'Accounts', '::1', 'admin', '', 'Mozilla/5.0 (Windows NT 10.0; Win64; x64) AppleWebKit/537.36 (KHTML, like Gecko) Chrome/108.0.0.0 Sa', '', ' Trail Balance Report Retrieved by admin', 21),
(536, '2023-01-12 21:48:29', 'Accounts', '::1', 'admin', '', 'Mozilla/5.0 (Windows NT 10.0; Win64; x64) AppleWebKit/537.36 (KHTML, like Gecko) Chrome/108.0.0.0 Sa', '', ' Account Receivable Report Retrieved by admin', 21),
(537, '2023-01-12 21:48:34', 'Accounts', '::1', 'admin', '', 'Mozilla/5.0 (Windows NT 10.0; Win64; x64) AppleWebKit/537.36 (KHTML, like Gecko) Chrome/108.0.0.0 Sa', '', ' Account Payable Report Retrieved by admin', 21),
(538, '2023-01-12 21:48:37', 'Accounts', '::1', 'admin', '', 'Mozilla/5.0 (Windows NT 10.0; Win64; x64) AppleWebKit/537.36 (KHTML, like Gecko) Chrome/108.0.0.0 Sa', '', ' Balance Sheet Retrieved by admin', 21),
(539, '2023-01-12 21:48:40', 'Accounts', '::1', 'admin', '', 'Mozilla/5.0 (Windows NT 10.0; Win64; x64) AppleWebKit/537.36 (KHTML, like Gecko) Chrome/108.0.0.0 Sa', '', ' Trail Balance Report Retrieved by admin', 21),
(540, '2023-01-12 22:03:35', 'Accounts', '::1', 'admin', '', 'Mozilla/5.0 (Windows NT 10.0; Win64; x64) AppleWebKit/537.36 (KHTML, like Gecko) Chrome/108.0.0.0 Sa', '', ' Trail Balance Report Retrieved by admin', 21),
(541, '2023-01-13 00:00:45', 'Accounts', '::1', 'admin', '', 'Mozilla/5.0 (Windows NT 10.0; Win64; x64) AppleWebKit/537.36 (KHTML, like Gecko) Chrome/108.0.0.0 Sa', '', ' Trail Balance Report Retrieved by admin', 21),
(542, '2023-01-13 00:11:03', 'Accounts', '::1', 'admin', '', 'Mozilla/5.0 (Windows NT 10.0; Win64; x64) AppleWebKit/537.36 (KHTML, like Gecko) Chrome/108.0.0.0 Sa', '', ' Pofit & Loss Report Retrieved by admin', 21),
(543, '2023-01-14 06:01:20', 'Admin', '::1', 'admin', '', 'Mozilla/5.0 (Windows NT 10.0; Win64; x64) AppleWebKit/537.36 (KHTML, like Gecko) Chrome/108.0.0.0 Sa', '', 'admin User logged in by admin', 21),
(544, '2023-01-14 06:01:23', 'Admin', '::1', 'admin', '', 'Mozilla/5.0 (Windows NT 10.0; Win64; x64) AppleWebKit/537.36 (KHTML, like Gecko) Chrome/108.0.0.0 Sa', '', 'admin User logged in by admin', 21),
(545, '2023-01-14 11:01:46', 'Accounts', '::1', 'admin', '', 'Mozilla/5.0 (Windows NT 10.0; Win64; x64) AppleWebKit/537.36 (KHTML, like Gecko) Chrome/108.0.0.0 Sa', '', ' Trail Balance Report Retrieved by admin', 21),
(546, '2023-01-14 11:02:30', 'Accounts', '::1', 'admin', '', 'Mozilla/5.0 (Windows NT 10.0; Win64; x64) AppleWebKit/537.36 (KHTML, like Gecko) Chrome/108.0.0.0 Sa', '', ' Trail Balance Report Retrieved by admin', 21),
(547, '2023-01-14 11:05:10', 'Accounts', '::1', 'admin', '', 'Mozilla/5.0 (Windows NT 10.0; Win64; x64) AppleWebKit/537.36 (KHTML, like Gecko) Chrome/108.0.0.0 Sa', '', ' Balance Sheet Retrieved by admin', 21),
(548, '2023-01-14 11:15:46', 'Accounts', '::1', 'admin', '', 'Mozilla/5.0 (Windows NT 10.0; Win64; x64) AppleWebKit/537.36 (KHTML, like Gecko) Chrome/108.0.0.0 Sa', '', ' Balance Sheet Retrieved by admin', 21),
(549, '2023-01-14 11:59:29', 'Accounts', '::1', 'admin', '', 'Mozilla/5.0 (Windows NT 10.0; Win64; x64) AppleWebKit/537.36 (KHTML, like Gecko) Chrome/108.0.0.0 Sa', '', ' Balance Sheet Retrieved by admin', 21),
(550, '2023-01-14 11:59:48', 'Accounts', '::1', 'admin', '', 'Mozilla/5.0 (Windows NT 10.0; Win64; x64) AppleWebKit/537.36 (KHTML, like Gecko) Chrome/108.0.0.0 Sa', '', ' Balance Sheet Retrieved by admin', 21),
(551, '2023-01-14 12:00:25', 'Accounts', '::1', 'admin', '', 'Mozilla/5.0 (Windows NT 10.0; Win64; x64) AppleWebKit/537.36 (KHTML, like Gecko) Chrome/108.0.0.0 Sa', '', ' Balance Sheet Retrieved by admin', 21),
(552, '2023-01-14 12:00:38', 'Accounts', '::1', 'admin', '', 'Mozilla/5.0 (Windows NT 10.0; Win64; x64) AppleWebKit/537.36 (KHTML, like Gecko) Chrome/108.0.0.0 Sa', '', ' Trail Balance Report Retrieved by admin', 21),
(553, '2023-01-14 12:00:45', 'Accounts', '::1', 'admin', '', 'Mozilla/5.0 (Windows NT 10.0; Win64; x64) AppleWebKit/537.36 (KHTML, like Gecko) Chrome/108.0.0.0 Sa', '', ' Pofit & Loss Report Retrieved by admin', 21),
(554, '2023-01-14 12:00:51', 'Accounts', '::1', 'admin', '', 'Mozilla/5.0 (Windows NT 10.0; Win64; x64) AppleWebKit/537.36 (KHTML, like Gecko) Chrome/108.0.0.0 Sa', '', ' Balance Sheet Retrieved by admin', 21),
(555, '2023-01-14 12:02:37', 'Accounts', '::1', 'admin', '', 'Mozilla/5.0 (Windows NT 10.0; Win64; x64) AppleWebKit/537.36 (KHTML, like Gecko) Chrome/108.0.0.0 Sa', '', ' Balance Sheet Retrieved by admin', 21),
(556, '2023-01-14 12:06:14', 'Accounts', '::1', 'admin', '', 'Mozilla/5.0 (Windows NT 10.0; Win64; x64) AppleWebKit/537.36 (KHTML, like Gecko) Chrome/108.0.0.0 Sa', '', ' Balance Sheet Retrieved by admin', 21),
(557, '2023-01-14 13:25:21', 'Accounts', '::1', 'admin', '', 'Mozilla/5.0 (Windows NT 10.0; Win64; x64) AppleWebKit/537.36 (KHTML, like Gecko) Chrome/108.0.0.0 Sa', '', ' Pofit & Loss Report Retrieved by admin', 21),
(558, '2023-01-14 13:32:15', 'Accounts', '::1', 'admin', '', 'Mozilla/5.0 (Windows NT 10.0; Win64; x64) AppleWebKit/537.36 (KHTML, like Gecko) Chrome/108.0.0.0 Sa', '', ' Pofit & Loss Report Retrieved by admin', 21),
(559, '2023-01-14 13:37:04', 'Accounts', '::1', 'admin', '', 'Mozilla/5.0 (Windows NT 10.0; Win64; x64) AppleWebKit/537.36 (KHTML, like Gecko) Chrome/108.0.0.0 Sa', '', ' Pofit & Loss Report Retrieved by admin', 21),
(560, '2023-01-14 13:37:56', 'Accounts', '::1', 'admin', '', 'Mozilla/5.0 (Windows NT 10.0; Win64; x64) AppleWebKit/537.36 (KHTML, like Gecko) Chrome/108.0.0.0 Sa', '', ' Trail Balance Report Retrieved by admin', 21),
(561, '2023-01-14 13:38:03', 'Accounts', '::1', 'admin', '', 'Mozilla/5.0 (Windows NT 10.0; Win64; x64) AppleWebKit/537.36 (KHTML, like Gecko) Chrome/108.0.0.0 Sa', '', ' Pofit & Loss Report Retrieved by admin', 21),
(562, '2023-01-14 13:38:05', 'Accounts', '::1', 'admin', '', 'Mozilla/5.0 (Windows NT 10.0; Win64; x64) AppleWebKit/537.36 (KHTML, like Gecko) Chrome/108.0.0.0 Sa', '', ' Account Receivable Report Retrieved by admin', 21),
(563, '2023-01-14 13:38:09', 'Accounts', '::1', 'admin', '', 'Mozilla/5.0 (Windows NT 10.0; Win64; x64) AppleWebKit/537.36 (KHTML, like Gecko) Chrome/108.0.0.0 Sa', '', ' Balance Sheet Retrieved by admin', 21),
(564, '2023-01-14 13:38:11', 'Accounts', '::1', 'admin', '', 'Mozilla/5.0 (Windows NT 10.0; Win64; x64) AppleWebKit/537.36 (KHTML, like Gecko) Chrome/108.0.0.0 Sa', '', ' Account Payable Report Retrieved by admin', 21),
(565, '2023-01-14 09:23:45', 'Admin', '::1', 'admin', '', 'Mozilla/5.0 (Windows NT 10.0; Win64; x64) AppleWebKit/537.36 (KHTML, like Gecko) Chrome/108.0.0.0 Sa', '', 'admin User logged out by admin', 21),
(566, '2023-01-14 09:23:47', 'Admin', '::1', 'admin', '', 'Mozilla/5.0 (Windows NT 10.0; Win64; x64) AppleWebKit/537.36 (KHTML, like Gecko) Chrome/108.0.0.0 Sa', '', 'admin User logged in by admin', 21),
(567, '2023-01-16 16:40:41', 'Admin', '::1', 'admin', '', 'Mozilla/5.0 (Windows NT 10.0; Win64; x64) AppleWebKit/537.36 (KHTML, like Gecko) Chrome/108.0.0.0 Sa', '', 'admin User logged in by admin', 21),
(568, '2023-01-16 21:40:52', 'Accounts', '::1', 'admin', '', 'Mozilla/5.0 (Windows NT 10.0; Win64; x64) AppleWebKit/537.36 (KHTML, like Gecko) Chrome/108.0.0.0 Sa', '', ' Pofit & Loss Report Retrieved by admin', 21),
(569, '2023-01-16 21:59:17', 'trans', '::1', 'admin', '', 'Mozilla/5.0 (Windows NT 10.0; Win64; x64) AppleWebKit/537.36 (KHTML, like Gecko) Chrome/108.0.0.0 Sa', '', 'invoice no S34 Sale transaction created by admin', 21),
(570, '2023-01-16 22:12:20', 'Accounts', '::1', 'admin', '', 'Mozilla/5.0 (Windows NT 10.0; Win64; x64) AppleWebKit/537.36 (KHTML, like Gecko) Chrome/108.0.0.0 Sa', '', ' Account Payable Report Retrieved by admin', 21),
(571, '2023-01-16 22:12:48', 'Accounts', '::1', 'admin', '', 'Mozilla/5.0 (Windows NT 10.0; Win64; x64) AppleWebKit/537.36 (KHTML, like Gecko) Chrome/108.0.0.0 Sa', '', ' Account Payable Report Retrieved by admin', 21),
(572, '2023-01-16 22:13:09', 'Accounts', '::1', 'admin', '', 'Mozilla/5.0 (Windows NT 10.0; Win64; x64) AppleWebKit/537.36 (KHTML, like Gecko) Chrome/108.0.0.0 Sa', '', ' Account Payable Report Retrieved by admin', 21),
(573, '2023-01-16 22:14:27', 'trans', '::1', 'admin', '', 'Mozilla/5.0 (Windows NT 10.0; Win64; x64) AppleWebKit/537.36 (KHTML, like Gecko) Chrome/108.0.0.0 Sa', '', 'invoice no R25 Purchase transaction created by admin', 21),
(574, '2023-01-16 22:14:31', 'Accounts', '::1', 'admin', '', 'Mozilla/5.0 (Windows NT 10.0; Win64; x64) AppleWebKit/537.36 (KHTML, like Gecko) Chrome/108.0.0.0 Sa', '', ' Account Payable Report Retrieved by admin', 21),
(575, '2023-01-16 22:15:46', 'Accounts', '::1', 'admin', '', 'Mozilla/5.0 (Windows NT 10.0; Win64; x64) AppleWebKit/537.36 (KHTML, like Gecko) Chrome/108.0.0.0 Sa', '', ' Account Payable Report Retrieved by admin', 21),
(576, '2023-01-16 22:15:56', 'Accounts', '::1', 'admin', '', 'Mozilla/5.0 (Windows NT 10.0; Win64; x64) AppleWebKit/537.36 (KHTML, like Gecko) Chrome/108.0.0.0 Sa', '', ' Account Payable Report Retrieved by admin', 21),
(577, '2023-01-16 22:17:03', 'Accounts', '::1', 'admin', '', 'Mozilla/5.0 (Windows NT 10.0; Win64; x64) AppleWebKit/537.36 (KHTML, like Gecko) Chrome/108.0.0.0 Sa', '', ' Account Payable Report Retrieved by admin', 21),
(578, '2023-01-16 22:19:53', 'Accounts', '::1', 'admin', '', 'Mozilla/5.0 (Windows NT 10.0; Win64; x64) AppleWebKit/537.36 (KHTML, like Gecko) Chrome/108.0.0.0 Sa', '', ' Account Payable Report Retrieved by admin', 21),
(579, '2023-01-16 22:23:29', 'Accounts', '::1', 'admin', '', 'Mozilla/5.0 (Windows NT 10.0; Win64; x64) AppleWebKit/537.36 (KHTML, like Gecko) Chrome/108.0.0.0 Sa', '', ' Account Payable Report Retrieved by admin', 21),
(580, '2023-01-16 22:27:10', 'Accounts', '::1', 'admin', '', 'Mozilla/5.0 (Windows NT 10.0; Win64; x64) AppleWebKit/537.36 (KHTML, like Gecko) Chrome/108.0.0.0 Sa', '', ' Account Payable Report Retrieved by admin', 21),
(581, '2023-01-16 22:27:24', 'Accounts', '::1', 'admin', '', 'Mozilla/5.0 (Windows NT 10.0; Win64; x64) AppleWebKit/537.36 (KHTML, like Gecko) Chrome/108.0.0.0 Sa', '', ' Account Payable Report Retrieved by admin', 21),
(582, '2023-01-16 22:27:35', 'Accounts', '::1', 'admin', '', 'Mozilla/5.0 (Windows NT 10.0; Win64; x64) AppleWebKit/537.36 (KHTML, like Gecko) Chrome/108.0.0.0 Sa', '', ' Account Payable Report Retrieved by admin', 21),
(583, '2023-01-16 22:27:52', 'Accounts', '::1', 'admin', '', 'Mozilla/5.0 (Windows NT 10.0; Win64; x64) AppleWebKit/537.36 (KHTML, like Gecko) Chrome/108.0.0.0 Sa', '', ' Account Payable Report Retrieved by admin', 21),
(584, '2023-01-16 22:27:56', 'Accounts', '::1', 'admin', '', 'Mozilla/5.0 (Windows NT 10.0; Win64; x64) AppleWebKit/537.36 (KHTML, like Gecko) Chrome/108.0.0.0 Sa', '', ' Account Payable Report Retrieved by admin', 21),
(585, '2023-01-16 22:28:02', 'Accounts', '::1', 'admin', '', 'Mozilla/5.0 (Windows NT 10.0; Win64; x64) AppleWebKit/537.36 (KHTML, like Gecko) Chrome/108.0.0.0 Sa', '', ' Account Payable Report Retrieved by admin', 21),
(586, '2023-01-26 16:48:03', 'Admin', '::1', 'admin', '', 'Mozilla/5.0 (Windows NT 10.0; Win64; x64) AppleWebKit/537.36 (KHTML, like Gecko) Chrome/109.0.0.0 Sa', '', 'admin User logged in by admin', 21),
(587, '2023-01-26 21:48:10', 'Accounts', '::1', 'admin', '', 'Mozilla/5.0 (Windows NT 10.0; Win64; x64) AppleWebKit/537.36 (KHTML, like Gecko) Chrome/109.0.0.0 Sa', '', ' Account Payable Report Retrieved by admin', 21),
(588, '2023-01-26 21:48:13', 'Accounts', '::1', 'admin', '', 'Mozilla/5.0 (Windows NT 10.0; Win64; x64) AppleWebKit/537.36 (KHTML, like Gecko) Chrome/109.0.0.0 Sa', '', ' Account Receivable Report Retrieved by admin', 21),
(589, '2023-01-26 21:48:16', 'Accounts', '::1', 'admin', '', 'Mozilla/5.0 (Windows NT 10.0; Win64; x64) AppleWebKit/537.36 (KHTML, like Gecko) Chrome/109.0.0.0 Sa', '', ' Account Payable Report Retrieved by admin', 21),
(590, '2023-01-26 21:49:10', 'Accounts', '::1', 'admin', '', 'Mozilla/5.0 (Windows NT 10.0; Win64; x64) AppleWebKit/537.36 (KHTML, like Gecko) Chrome/109.0.0.0 Sa', '', ' Account Payable Report Retrieved by admin', 21),
(591, '2023-01-26 21:49:30', 'Accounts', '::1', 'admin', '', 'Mozilla/5.0 (Windows NT 10.0; Win64; x64) AppleWebKit/537.36 (KHTML, like Gecko) Chrome/109.0.0.0 Sa', '', ' Account Payable Report Retrieved by admin', 21),
(592, '2023-01-26 21:51:00', 'Accounts', '::1', 'admin', '', 'Mozilla/5.0 (Windows NT 10.0; Win64; x64) AppleWebKit/537.36 (KHTML, like Gecko) Chrome/109.0.0.0 Sa', '', ' Account Payable Report Retrieved by admin', 21),
(593, '2023-01-26 21:51:22', 'Accounts', '::1', 'admin', '', 'Mozilla/5.0 (Windows NT 10.0; Win64; x64) AppleWebKit/537.36 (KHTML, like Gecko) Chrome/109.0.0.0 Sa', '', ' Account Payable Report Retrieved by admin', 21),
(594, '2023-01-26 21:52:12', 'Accounts', '::1', 'admin', '', 'Mozilla/5.0 (Windows NT 10.0; Win64; x64) AppleWebKit/537.36 (KHTML, like Gecko) Chrome/109.0.0.0 Sa', '', ' Account Payable Report Retrieved by admin', 21),
(595, '2023-01-26 21:52:53', 'Accounts', '::1', 'admin', '', 'Mozilla/5.0 (Windows NT 10.0; Win64; x64) AppleWebKit/537.36 (KHTML, like Gecko) Chrome/109.0.0.0 Sa', '', ' Account Payable Report Retrieved by admin', 21),
(596, '2023-01-26 21:55:10', 'Accounts', '::1', 'admin', '', 'Mozilla/5.0 (Windows NT 10.0; Win64; x64) AppleWebKit/537.36 (KHTML, like Gecko) Chrome/109.0.0.0 Sa', '', ' Account Payable Report Retrieved by admin', 21),
(597, '2023-01-26 22:00:33', 'Accounts', '::1', 'admin', '', 'Mozilla/5.0 (Windows NT 10.0; Win64; x64) AppleWebKit/537.36 (KHTML, like Gecko) Chrome/109.0.0.0 Sa', '', ' Account Payable Report Retrieved by admin', 21),
(598, '2023-01-26 22:01:23', 'Accounts', '::1', 'admin', '', 'Mozilla/5.0 (Windows NT 10.0; Win64; x64) AppleWebKit/537.36 (KHTML, like Gecko) Chrome/109.0.0.0 Sa', '', ' Account Payable Report Retrieved by admin', 21),
(599, '2023-01-26 22:05:38', 'Accounts', '::1', 'admin', '', 'Mozilla/5.0 (Windows NT 10.0; Win64; x64) AppleWebKit/537.36 (KHTML, like Gecko) Chrome/109.0.0.0 Sa', '', ' Account Payable Report Retrieved by admin', 21),
(600, '2023-01-26 22:05:59', 'Accounts', '::1', 'admin', '', 'Mozilla/5.0 (Windows NT 10.0; Win64; x64) AppleWebKit/537.36 (KHTML, like Gecko) Chrome/109.0.0.0 Sa', '', ' Account Payable Report Retrieved by admin', 21),
(601, '2023-01-26 22:07:10', 'Accounts', '::1', 'admin', '', 'Mozilla/5.0 (Windows NT 10.0; Win64; x64) AppleWebKit/537.36 (KHTML, like Gecko) Chrome/109.0.0.0 Sa', '', ' Account Payable Report Retrieved by admin', 21),
(602, '2023-01-26 22:14:27', 'Accounts', '::1', 'admin', '', 'Mozilla/5.0 (Windows NT 10.0; Win64; x64) AppleWebKit/537.36 (KHTML, like Gecko) Chrome/109.0.0.0 Sa', '', ' Account Payable Report Retrieved by admin', 21),
(603, '2023-01-26 22:15:35', 'Accounts', '::1', 'admin', '', 'Mozilla/5.0 (Windows NT 10.0; Win64; x64) AppleWebKit/537.36 (KHTML, like Gecko) Chrome/109.0.0.0 Sa', '', ' Account Payable Report Retrieved by admin', 21),
(604, '2023-01-26 22:22:40', 'Accounts', '::1', 'admin', '', 'Mozilla/5.0 (Windows NT 10.0; Win64; x64) AppleWebKit/537.36 (KHTML, like Gecko) Chrome/109.0.0.0 Sa', '', ' Account Payable Report Retrieved by admin', 21),
(605, '2023-01-26 22:22:43', 'Accounts', '::1', 'admin', '', 'Mozilla/5.0 (Windows NT 10.0; Win64; x64) AppleWebKit/537.36 (KHTML, like Gecko) Chrome/109.0.0.0 Sa', '', ' Account Receivable Report Retrieved by admin', 21),
(606, '2023-01-26 22:23:50', 'Accounts', '::1', 'admin', '', 'Mozilla/5.0 (Windows NT 10.0; Win64; x64) AppleWebKit/537.36 (KHTML, like Gecko) Chrome/109.0.0.0 Sa', '', ' Account Receivable Report Retrieved by admin', 21),
(607, '2023-01-26 22:30:03', 'Accounts', '::1', 'admin', '', 'Mozilla/5.0 (Windows NT 10.0; Win64; x64) AppleWebKit/537.36 (KHTML, like Gecko) Chrome/109.0.0.0 Sa', '', ' Account Receivable Report Retrieved by admin', 21),
(608, '2023-01-26 22:30:11', 'Accounts', '::1', 'admin', '', 'Mozilla/5.0 (Windows NT 10.0; Win64; x64) AppleWebKit/537.36 (KHTML, like Gecko) Chrome/109.0.0.0 Sa', '', ' Account Payable Report Retrieved by admin', 21),
(609, '2023-01-26 22:30:18', 'Accounts', '::1', 'admin', '', 'Mozilla/5.0 (Windows NT 10.0; Win64; x64) AppleWebKit/537.36 (KHTML, like Gecko) Chrome/109.0.0.0 Sa', '', ' Account Receivable Report Retrieved by admin', 21),
(610, '2023-01-26 22:30:58', 'Accounts', '::1', 'admin', '', 'Mozilla/5.0 (Windows NT 10.0; Win64; x64) AppleWebKit/537.36 (KHTML, like Gecko) Chrome/109.0.0.0 Sa', '', ' Account Receivable Report Retrieved by admin', 21),
(611, '2023-01-26 22:32:20', 'Accounts', '::1', 'admin', '', 'Mozilla/5.0 (Windows NT 10.0; Win64; x64) AppleWebKit/537.36 (KHTML, like Gecko) Chrome/109.0.0.0 Sa', '', ' Account Receivable Report Retrieved by admin', 21),
(612, '2023-01-26 22:33:51', 'Accounts', '::1', 'admin', '', 'Mozilla/5.0 (Windows NT 10.0; Win64; x64) AppleWebKit/537.36 (KHTML, like Gecko) Chrome/109.0.0.0 Sa', '', ' Account Receivable Report Retrieved by admin', 21),
(613, '2023-01-26 22:34:16', 'Accounts', '::1', 'admin', '', 'Mozilla/5.0 (Windows NT 10.0; Win64; x64) AppleWebKit/537.36 (KHTML, like Gecko) Chrome/109.0.0.0 Sa', '', ' Account Receivable Report Retrieved by admin', 21),
(614, '2023-01-26 22:34:49', 'Accounts', '::1', 'admin', '', 'Mozilla/5.0 (Windows NT 10.0; Win64; x64) AppleWebKit/537.36 (KHTML, like Gecko) Chrome/109.0.0.0 Sa', '', ' Account Receivable Report Retrieved by admin', 21),
(615, '2023-01-26 22:34:51', 'Accounts', '::1', 'admin', '', 'Mozilla/5.0 (Windows NT 10.0; Win64; x64) AppleWebKit/537.36 (KHTML, like Gecko) Chrome/109.0.0.0 Sa', '', ' Account Receivable Report Retrieved by admin', 21),
(616, '2023-01-26 22:35:34', 'Accounts', '::1', 'admin', '', 'Mozilla/5.0 (Windows NT 10.0; Win64; x64) AppleWebKit/537.36 (KHTML, like Gecko) Chrome/109.0.0.0 Sa', '', ' Account Receivable Report Retrieved by admin', 21),
(617, '2023-01-26 22:36:00', 'Accounts', '::1', 'admin', '', 'Mozilla/5.0 (Windows NT 10.0; Win64; x64) AppleWebKit/537.36 (KHTML, like Gecko) Chrome/109.0.0.0 Sa', '', ' Account Receivable Report Retrieved by admin', 21),
(618, '2023-01-26 22:36:45', 'Accounts', '::1', 'admin', '', 'Mozilla/5.0 (Windows NT 10.0; Win64; x64) AppleWebKit/537.36 (KHTML, like Gecko) Chrome/109.0.0.0 Sa', '', ' Account Receivable Report Retrieved by admin', 21),
(619, '2023-01-26 22:37:07', 'Accounts', '::1', 'admin', '', 'Mozilla/5.0 (Windows NT 10.0; Win64; x64) AppleWebKit/537.36 (KHTML, like Gecko) Chrome/109.0.0.0 Sa', '', ' Account Receivable Report Retrieved by admin', 21),
(620, '2023-01-26 22:37:14', 'Accounts', '::1', 'admin', '', 'Mozilla/5.0 (Windows NT 10.0; Win64; x64) AppleWebKit/537.36 (KHTML, like Gecko) Chrome/109.0.0.0 Sa', '', ' Account Receivable Report Retrieved by admin', 21),
(621, '2023-01-26 22:50:38', 'Accounts', '::1', 'admin', '', 'Mozilla/5.0 (Windows NT 10.0; Win64; x64) AppleWebKit/537.36 (KHTML, like Gecko) Chrome/109.0.0.0 Sa', '', ' Account Receivable Report Retrieved by admin', 21),
(622, '2023-01-26 22:50:49', 'Accounts', '::1', 'admin', '', 'Mozilla/5.0 (Windows NT 10.0; Win64; x64) AppleWebKit/537.36 (KHTML, like Gecko) Chrome/109.0.0.0 Sa', '', ' Account Receivable Report Retrieved by admin', 21),
(623, '2023-01-26 22:51:57', 'Accounts', '::1', 'admin', '', 'Mozilla/5.0 (Windows NT 10.0; Win64; x64) AppleWebKit/537.36 (KHTML, like Gecko) Chrome/109.0.0.0 Sa', '', ' Account Receivable Report Retrieved by admin', 21),
(624, '2023-01-26 22:52:55', 'Accounts', '::1', 'admin', '', 'Mozilla/5.0 (Windows NT 10.0; Win64; x64) AppleWebKit/537.36 (KHTML, like Gecko) Chrome/109.0.0.0 Sa', '', ' Account Receivable Report Retrieved by admin', 21),
(625, '2023-01-26 22:58:39', 'Accounts', '::1', 'admin', '', 'Mozilla/5.0 (Windows NT 10.0; Win64; x64) AppleWebKit/537.36 (KHTML, like Gecko) Chrome/109.0.0.0 Sa', '', ' Account Receivable Report Retrieved by admin', 21),
(626, '2023-01-26 22:59:03', 'Accounts', '::1', 'admin', '', 'Mozilla/5.0 (Windows NT 10.0; Win64; x64) AppleWebKit/537.36 (KHTML, like Gecko) Chrome/109.0.0.0 Sa', '', ' Account Receivable Report Retrieved by admin', 21),
(627, '2023-01-26 23:31:27', 'Accounts', '::1', 'admin', '', 'Mozilla/5.0 (Windows NT 10.0; Win64; x64) AppleWebKit/537.36 (KHTML, like Gecko) Chrome/109.0.0.0 Sa', '', ' Account Payable Report Retrieved by admin', 21),
(628, '2023-01-26 23:35:43', 'Accounts', '::1', 'admin', '', 'Mozilla/5.0 (Windows NT 10.0; Win64; x64) AppleWebKit/537.36 (KHTML, like Gecko) Chrome/109.0.0.0 Sa', '', ' Account Payable Report Retrieved by admin', 21),
(629, '2023-01-26 23:36:17', 'Accounts', '::1', 'admin', '', 'Mozilla/5.0 (Windows NT 10.0; Win64; x64) AppleWebKit/537.36 (KHTML, like Gecko) Chrome/109.0.0.0 Sa', '', ' Account Payable Report Retrieved by admin', 21),
(630, '2023-01-26 23:37:32', 'Accounts', '::1', 'admin', '', 'Mozilla/5.0 (Windows NT 10.0; Win64; x64) AppleWebKit/537.36 (KHTML, like Gecko) Chrome/109.0.0.0 Sa', '', ' Account Payable Report Retrieved by admin', 21),
(631, '2023-01-26 23:37:51', 'Accounts', '::1', 'admin', '', 'Mozilla/5.0 (Windows NT 10.0; Win64; x64) AppleWebKit/537.36 (KHTML, like Gecko) Chrome/109.0.0.0 Sa', '', ' Account Payable Report Retrieved by admin', 21),
(632, '2023-01-26 23:39:19', 'Accounts', '::1', 'admin', '', 'Mozilla/5.0 (Windows NT 10.0; Win64; x64) AppleWebKit/537.36 (KHTML, like Gecko) Chrome/109.0.0.0 Sa', '', ' Account Payable Report Retrieved by admin', 21),
(633, '2023-01-26 23:39:38', 'Accounts', '::1', 'admin', '', 'Mozilla/5.0 (Windows NT 10.0; Win64; x64) AppleWebKit/537.36 (KHTML, like Gecko) Chrome/109.0.0.0 Sa', '', ' Account Payable Report Retrieved by admin', 21),
(634, '2023-01-26 23:41:10', 'Accounts', '::1', 'admin', '', 'Mozilla/5.0 (Windows NT 10.0; Win64; x64) AppleWebKit/537.36 (KHTML, like Gecko) Chrome/109.0.0.0 Sa', '', ' Account Payable Report Retrieved by admin', 21),
(635, '2023-01-26 23:42:45', 'Accounts', '::1', 'admin', '', 'Mozilla/5.0 (Windows NT 10.0; Win64; x64) AppleWebKit/537.36 (KHTML, like Gecko) Chrome/109.0.0.0 Sa', '', ' Account Payable Report Retrieved by admin', 21),
(636, '2023-01-26 23:43:11', 'Accounts', '::1', 'admin', '', 'Mozilla/5.0 (Windows NT 10.0; Win64; x64) AppleWebKit/537.36 (KHTML, like Gecko) Chrome/109.0.0.0 Sa', '', ' Account Payable Report Retrieved by admin', 21),
(637, '2023-01-26 23:43:50', 'Accounts', '::1', 'admin', '', 'Mozilla/5.0 (Windows NT 10.0; Win64; x64) AppleWebKit/537.36 (KHTML, like Gecko) Chrome/109.0.0.0 Sa', '', ' Account Payable Report Retrieved by admin', 21),
(638, '2023-01-26 23:51:09', 'Accounts', '::1', 'admin', '', 'Mozilla/5.0 (Windows NT 10.0; Win64; x64) AppleWebKit/537.36 (KHTML, like Gecko) Chrome/109.0.0.0 Sa', '', ' Account Payable Report Retrieved by admin', 21),
(639, '2023-01-26 23:51:55', 'Accounts', '::1', 'admin', '', 'Mozilla/5.0 (Windows NT 10.0; Win64; x64) AppleWebKit/537.36 (KHTML, like Gecko) Chrome/109.0.0.0 Sa', '', ' Account Payable Report Retrieved by admin', 21),
(640, '2023-01-26 23:52:04', 'Accounts', '::1', 'admin', '', 'Mozilla/5.0 (Windows NT 10.0; Win64; x64) AppleWebKit/537.36 (KHTML, like Gecko) Chrome/109.0.0.0 Sa', '', ' Account Payable Report Retrieved by admin', 21),
(641, '2023-01-26 23:52:53', 'trans', '::1', 'admin', '', 'Mozilla/5.0 (Windows NT 10.0; Win64; x64) AppleWebKit/537.36 (KHTML, like Gecko) Chrome/109.0.0.0 Sa', '', 'invoice no JV27 Payment Receipt transaction created by admin', 21),
(642, '2023-01-26 23:55:31', 'Accounts', '::1', 'admin', '', 'Mozilla/5.0 (Windows NT 10.0; Win64; x64) AppleWebKit/537.36 (KHTML, like Gecko) Chrome/109.0.0.0 Sa', '', ' Account Receivable Report Retrieved by admin', 21),
(643, '2023-01-26 23:57:32', 'Accounts', '::1', 'admin', '', 'Mozilla/5.0 (Windows NT 10.0; Win64; x64) AppleWebKit/537.36 (KHTML, like Gecko) Chrome/109.0.0.0 Sa', '', ' Account Payable Report Retrieved by admin', 21),
(644, '2023-01-26 23:57:41', 'Accounts', '::1', 'admin', '', 'Mozilla/5.0 (Windows NT 10.0; Win64; x64) AppleWebKit/537.36 (KHTML, like Gecko) Chrome/109.0.0.0 Sa', '', ' Account Payable Report Retrieved by admin', 21),
(645, '2023-01-26 23:58:03', 'Accounts', '::1', 'admin', '', 'Mozilla/5.0 (Windows NT 10.0; Win64; x64) AppleWebKit/537.36 (KHTML, like Gecko) Chrome/109.0.0.0 Sa', '', ' Account Payable Report Retrieved by admin', 21),
(646, '2023-01-26 23:58:41', 'Accounts', '::1', 'admin', '', 'Mozilla/5.0 (Windows NT 10.0; Win64; x64) AppleWebKit/537.36 (KHTML, like Gecko) Chrome/109.0.0.0 Sa', '', ' Account Payable Report Retrieved by admin', 21),
(647, '2023-01-26 23:59:58', 'Accounts', '::1', 'admin', '', 'Mozilla/5.0 (Windows NT 10.0; Win64; x64) AppleWebKit/537.36 (KHTML, like Gecko) Chrome/109.0.0.0 Sa', '', ' Account Receivable Report Retrieved by admin', 21),
(648, '2023-01-27 00:01:58', 'Accounts', '::1', 'admin', '', 'Mozilla/5.0 (Windows NT 10.0; Win64; x64) AppleWebKit/537.36 (KHTML, like Gecko) Chrome/109.0.0.0 Sa', '', ' Account Receivable Report Retrieved by admin', 21),
(649, '2023-01-27 00:02:37', 'Accounts', '::1', 'admin', '', 'Mozilla/5.0 (Windows NT 10.0; Win64; x64) AppleWebKit/537.36 (KHTML, like Gecko) Chrome/109.0.0.0 Sa', '', ' Account Payable Report Retrieved by admin', 21),
(650, '2023-01-27 00:02:43', 'Accounts', '::1', 'admin', '', 'Mozilla/5.0 (Windows NT 10.0; Win64; x64) AppleWebKit/537.36 (KHTML, like Gecko) Chrome/109.0.0.0 Sa', '', ' Account Receivable Report Retrieved by admin', 21),
(651, '2023-01-27 00:04:35', 'Accounts', '::1', 'admin', '', 'Mozilla/5.0 (Windows NT 10.0; Win64; x64) AppleWebKit/537.36 (KHTML, like Gecko) Chrome/109.0.0.0 Sa', '', ' Account Receivable Report Retrieved by admin', 21),
(652, '2023-01-27 00:05:11', 'trans', '::1', 'admin', '', 'Mozilla/5.0 (Windows NT 10.0; Win64; x64) AppleWebKit/537.36 (KHTML, like Gecko) Chrome/109.0.0.0 Sa', '', 'invoice no S35 Invoice transaction created by admin', 21),
(653, '2023-01-27 00:05:28', 'trans', '::1', 'admin', '', 'Mozilla/5.0 (Windows NT 10.0; Win64; x64) AppleWebKit/537.36 (KHTML, like Gecko) Chrome/109.0.0.0 Sa', '', 'invoice no S22 Invoice transaction created by admin', 21),
(654, '2023-01-27 00:05:59', 'Accounts', '::1', 'admin', '', 'Mozilla/5.0 (Windows NT 10.0; Win64; x64) AppleWebKit/537.36 (KHTML, like Gecko) Chrome/109.0.0.0 Sa', '', ' Account Receivable Report Retrieved by admin', 21),
(655, '2023-01-27 00:17:23', 'Accounts', '::1', 'admin', '', 'Mozilla/5.0 (Windows NT 10.0; Win64; x64) AppleWebKit/537.36 (KHTML, like Gecko) Chrome/109.0.0.0 Sa', '', ' Account Receivable Report Retrieved by admin', 21),
(656, '2023-01-27 00:17:43', 'Accounts', '::1', 'admin', '', 'Mozilla/5.0 (Windows NT 10.0; Win64; x64) AppleWebKit/537.36 (KHTML, like Gecko) Chrome/109.0.0.0 Sa', '', ' Account Receivable Report Retrieved by admin', 21),
(657, '2023-01-27 00:18:58', 'Accounts', '::1', 'admin', '', 'Mozilla/5.0 (Windows NT 10.0; Win64; x64) AppleWebKit/537.36 (KHTML, like Gecko) Chrome/109.0.0.0 Sa', '', ' Account Payable Report Retrieved by admin', 21),
(658, '2023-01-27 00:19:40', 'trans', '::1', 'admin', '', 'Mozilla/5.0 (Windows NT 10.0; Win64; x64) AppleWebKit/537.36 (KHTML, like Gecko) Chrome/109.0.0.0 Sa', '', 'invoice no JV28 Payment Receipt transaction created by admin', 21),
(659, '2023-01-27 00:19:45', 'Accounts', '::1', 'admin', '', 'Mozilla/5.0 (Windows NT 10.0; Win64; x64) AppleWebKit/537.36 (KHTML, like Gecko) Chrome/109.0.0.0 Sa', '', ' Account Payable Report Retrieved by admin', 21),
(660, '2023-01-27 00:20:10', 'trans', '::1', 'admin', '', 'Mozilla/5.0 (Windows NT 10.0; Win64; x64) AppleWebKit/537.36 (KHTML, like Gecko) Chrome/109.0.0.0 Sa', '', 'invoice no JV29 Payment Receipt transaction created by admin', 21),
(661, '2023-01-27 00:20:18', 'Accounts', '::1', 'admin', '', 'Mozilla/5.0 (Windows NT 10.0; Win64; x64) AppleWebKit/537.36 (KHTML, like Gecko) Chrome/109.0.0.0 Sa', '', ' Account Payable Report Retrieved by admin', 21),
(662, '2023-02-13 17:11:11', 'Admin', '::1', 'admin', '', 'Mozilla/5.0 (Windows NT 10.0; Win64; x64) AppleWebKit/537.36 (KHTML, like Gecko) Chrome/109.0.0.0 Sa', '', 'admin User logged in by admin', 21),
(663, '2023-02-13 23:40:08', 'POS', '::1', 'admin', '', 'Mozilla/5.0 (Windows NT 10.0; Win64; x64) AppleWebKit/537.36 (KHTML, like Gecko) Chrome/109.0.0.0 Sa', '', 'Ahsan Ullah Customer Added by admin', 21),
(664, '2023-02-13 23:56:38', 'trans', '::1', 'admin', '', 'Mozilla/5.0 (Windows NT 10.0; Win64; x64) AppleWebKit/537.36 (KHTML, like Gecko) Chrome/109.0.0.0 Sa', '', 'invoice no R26 Purchase transaction created by admin', 21),
(665, '2023-02-13 23:57:05', 'trans', '::1', 'admin', '', 'Mozilla/5.0 (Windows NT 10.0; Win64; x64) AppleWebKit/537.36 (KHTML, like Gecko) Chrome/109.0.0.0 Sa', '', 'invoice no R27 Purchase transaction created by admin', 21),
(666, '2023-02-14 00:14:27', 'Accounts', '::1', 'admin', '', 'Mozilla/5.0 (Windows NT 10.0; Win64; x64) AppleWebKit/537.36 (KHTML, like Gecko) Chrome/109.0.0.0 Sa', '', ' Trail Balance Report Retrieved by admin', 21),
(667, '2023-02-14 00:15:23', 'Accounts', '::1', 'admin', '', 'Mozilla/5.0 (Windows NT 10.0; Win64; x64) AppleWebKit/537.36 (KHTML, like Gecko) Chrome/109.0.0.0 Sa', '', ' Pofit & Loss Report Retrieved by admin', 21),
(668, '2023-02-14 00:15:38', 'Accounts', '::1', 'admin', '', 'Mozilla/5.0 (Windows NT 10.0; Win64; x64) AppleWebKit/537.36 (KHTML, like Gecko) Chrome/109.0.0.0 Sa', '', ' Balance Sheet Retrieved by admin', 21),
(669, '2023-02-14 00:15:55', 'Accounts', '::1', 'admin', '', 'Mozilla/5.0 (Windows NT 10.0; Win64; x64) AppleWebKit/537.36 (KHTML, like Gecko) Chrome/109.0.0.0 Sa', '', ' Account Receivable Report Retrieved by admin', 21),
(670, '2023-02-14 00:15:59', 'Accounts', '::1', 'admin', '', 'Mozilla/5.0 (Windows NT 10.0; Win64; x64) AppleWebKit/537.36 (KHTML, like Gecko) Chrome/109.0.0.0 Sa', '', ' Account Payable Report Retrieved by admin', 21),
(671, '2023-02-14 12:30:16', 'Admin', '::1', 'admin', '', 'Mozilla/5.0 (Windows NT 10.0; Win64; x64) AppleWebKit/537.36 (KHTML, like Gecko) Chrome/109.0.0.0 Sa', '', 'admin User logged in by admin', 21),
(672, '2023-02-14 12:30:49', 'Admin', '::1', 'admin', '', 'Mozilla/5.0 (Windows NT 10.0; Win64; x64) AppleWebKit/537.36 (KHTML, like Gecko) Chrome/109.0.0.0 Sa', '', 'admin User logged out by admin', 21),
(673, '2023-02-14 12:30:52', 'Admin', '::1', 'admin', '', 'Mozilla/5.0 (Windows NT 10.0; Win64; x64) AppleWebKit/537.36 (KHTML, like Gecko) Chrome/109.0.0.0 Sa', '', 'admin User logged in by admin', 21),
(674, '2023-02-16 14:55:53', 'Admin', '::1', 'admin', '', 'Mozilla/5.0 (Windows NT 10.0; Win64; x64) AppleWebKit/537.36 (KHTML, like Gecko) Chrome/109.0.0.0 Sa', '', 'admin User logged in by admin', 21),
(675, '2023-02-16 14:57:07', 'Admin', '::1', 'admin', '', 'Mozilla/5.0 (Windows NT 10.0; Win64; x64) AppleWebKit/537.36 (KHTML, like Gecko) Chrome/109.0.0.0 Sa', '', 'admin User logged out by admin', 21),
(676, '2023-02-16 14:59:31', 'Admin', '::1', 'admin', '', 'Mozilla/5.0 (Windows NT 10.0; Win64; x64) AppleWebKit/537.36 (KHTML, like Gecko) Chrome/109.0.0.0 Sa', '', 'admin User logged in by admin', 21),
(677, '2023-02-16 19:59:50', 'Accounts', '::1', 'admin', '', 'Mozilla/5.0 (Windows NT 10.0; Win64; x64) AppleWebKit/537.36 (KHTML, like Gecko) Chrome/109.0.0.0 Sa', '', ' Trail Balance Report Retrieved by admin', 21),
(678, '2023-02-16 20:15:31', 'Accounts', '::1', 'admin', '', 'Mozilla/5.0 (Windows NT 10.0; Win64; x64) AppleWebKit/537.36 (KHTML, like Gecko) Chrome/109.0.0.0 Sa', '', ' Pofit & Loss Report Retrieved by admin', 21),
(679, '2023-02-16 20:17:35', 'Accounts', '::1', 'admin', '', 'Mozilla/5.0 (Windows NT 10.0; Win64; x64) AppleWebKit/537.36 (KHTML, like Gecko) Chrome/109.0.0.0 Sa', '', ' Pofit & Loss Report Retrieved by admin', 21),
(680, '2023-02-16 20:17:59', 'Accounts', '::1', 'admin', '', 'Mozilla/5.0 (Windows NT 10.0; Win64; x64) AppleWebKit/537.36 (KHTML, like Gecko) Chrome/109.0.0.0 Sa', '', ' Pofit & Loss Report Retrieved by admin', 21),
(681, '2023-02-16 20:19:01', 'Accounts', '::1', 'admin', '', 'Mozilla/5.0 (Windows NT 10.0; Win64; x64) AppleWebKit/537.36 (KHTML, like Gecko) Chrome/109.0.0.0 Sa', '', ' Account Payable Report Retrieved by admin', 21),
(682, '2023-02-16 20:19:07', 'Accounts', '::1', 'admin', '', 'Mozilla/5.0 (Windows NT 10.0; Win64; x64) AppleWebKit/537.36 (KHTML, like Gecko) Chrome/109.0.0.0 Sa', '', ' Account Receivable Report Retrieved by admin', 21),
(683, '2023-02-16 20:19:12', 'Accounts', '::1', 'admin', '', 'Mozilla/5.0 (Windows NT 10.0; Win64; x64) AppleWebKit/537.36 (KHTML, like Gecko) Chrome/109.0.0.0 Sa', '', ' Account Payable Report Retrieved by admin', 21),
(684, '2023-02-16 20:48:12', 'Accounts', '::1', 'admin', '', 'Mozilla/5.0 (Windows NT 10.0; Win64; x64) AppleWebKit/537.36 (KHTML, like Gecko) Chrome/109.0.0.0 Sa', '', ' Account Receivable Report Retrieved by admin', 21),
(685, '2023-02-16 20:48:19', 'Accounts', '::1', 'admin', '', 'Mozilla/5.0 (Windows NT 10.0; Win64; x64) AppleWebKit/537.36 (KHTML, like Gecko) Chrome/109.0.0.0 Sa', '', ' Balance Sheet Retrieved by admin', 21),
(686, '2023-02-19 08:10:10', 'Admin', '::1', 'admin', '', 'Mozilla/5.0 (Windows NT 10.0; Win64; x64) AppleWebKit/537.36 (KHTML, like Gecko) Chrome/109.0.0.0 Sa', '', 'admin User logged in by admin', 21),
(687, '2023-02-19 08:11:28', 'Admin', '::1', 'admin', '', 'Mozilla/5.0 (Windows NT 10.0; Win64; x64) AppleWebKit/537.36 (KHTML, like Gecko) Chrome/109.0.0.0 Sa', '', 'admin User logged out by admin', 21),
(688, '2023-02-19 08:11:35', 'Admin', '::1', 'admin', '', 'Mozilla/5.0 (Windows NT 10.0; Win64; x64) AppleWebKit/537.36 (KHTML, like Gecko) Chrome/109.0.0.0 Sa', '', 'admin User logged in by admin', 21),
(689, '2023-02-19 14:21:15', 'Accounts', '::1', 'admin', '', 'Mozilla/5.0 (Windows NT 10.0; Win64; x64) AppleWebKit/537.36 (KHTML, like Gecko) Chrome/109.0.0.0 Sa', '', 'Cash on Hand group updated by admin', 21),
(690, '2023-02-19 14:21:33', 'Accounts', '::1', 'admin', '', 'Mozilla/5.0 (Windows NT 10.0; Win64; x64) AppleWebKit/537.36 (KHTML, like Gecko) Chrome/109.0.0.0 Sa', '', 'Cash on Hand group updated by admin', 21),
(691, '2023-02-19 14:22:14', 'Accounts', '::1', 'admin', '', 'Mozilla/5.0 (Windows NT 10.0; Win64; x64) AppleWebKit/537.36 (KHTML, like Gecko) Chrome/109.0.0.0 Sa', '', 'Cash on Hand group updated by admin', 21),
(692, '2023-02-19 14:22:31', 'Accounts', '::1', 'admin', '', 'Mozilla/5.0 (Windows NT 10.0; Win64; x64) AppleWebKit/537.36 (KHTML, like Gecko) Chrome/109.0.0.0 Sa', '', ' Pofit & Loss Report Retrieved by admin', 21),
(693, '2023-02-19 15:26:21', 'Accounts', '::1', 'admin', '', 'Mozilla/5.0 (Windows NT 10.0; Win64; x64) AppleWebKit/537.36 (KHTML, like Gecko) Chrome/109.0.0.0 Sa', '', ' Pofit & Loss Report Retrieved by admin', 21),
(694, '2023-02-19 15:27:27', 'Accounts', '::1', 'admin', '', 'Mozilla/5.0 (Windows NT 10.0; Win64; x64) AppleWebKit/537.36 (KHTML, like Gecko) Chrome/109.0.0.0 Sa', '', ' Pofit & Loss Report Retrieved by admin', 21),
(695, '2023-02-19 15:27:32', 'Accounts', '::1', 'admin', '', 'Mozilla/5.0 (Windows NT 10.0; Win64; x64) AppleWebKit/537.36 (KHTML, like Gecko) Chrome/109.0.0.0 Sa', '', ' Pofit & Loss Report Retrieved by admin', 21),
(696, '2023-02-19 15:28:13', 'Accounts', '::1', 'admin', '', 'Mozilla/5.0 (Windows NT 10.0; Win64; x64) AppleWebKit/537.36 (KHTML, like Gecko) Chrome/109.0.0.0 Sa', '', ' Pofit & Loss Report Retrieved by admin', 21),
(697, '2023-02-19 15:28:59', 'Accounts', '::1', 'admin', '', 'Mozilla/5.0 (Windows NT 10.0; Win64; x64) AppleWebKit/537.36 (KHTML, like Gecko) Chrome/109.0.0.0 Sa', '', ' Pofit & Loss Report Retrieved by admin', 21),
(698, '2023-02-19 15:32:31', 'Accounts', '::1', 'admin', '', 'Mozilla/5.0 (Windows NT 10.0; Win64; x64) AppleWebKit/537.36 (KHTML, like Gecko) Chrome/109.0.0.0 Sa', '', ' Balance Sheet Retrieved by admin', 21),
(699, '2023-02-19 15:32:36', 'Accounts', '::1', 'admin', '', 'Mozilla/5.0 (Windows NT 10.0; Win64; x64) AppleWebKit/537.36 (KHTML, like Gecko) Chrome/109.0.0.0 Sa', '', ' Trail Balance Report Retrieved by admin', 21),
(700, '2023-02-19 15:35:26', 'Accounts', '::1', 'admin', '', 'Mozilla/5.0 (Windows NT 10.0; Win64; x64) AppleWebKit/537.36 (KHTML, like Gecko) Chrome/109.0.0.0 Sa', '', ' Balance Sheet Retrieved by admin', 21),
(701, '2023-02-19 15:36:11', 'Accounts', '::1', 'admin', '', 'Mozilla/5.0 (Windows NT 10.0; Win64; x64) AppleWebKit/537.36 (KHTML, like Gecko) Chrome/109.0.0.0 Sa', '', ' Balance Sheet Retrieved by admin', 21),
(702, '2023-02-19 12:41:54', 'Admin', '::1', 'admin', '', 'Mozilla/5.0 (Windows NT 10.0; Win64; x64) AppleWebKit/537.36 (KHTML, like Gecko) Chrome/109.0.0.0 Sa', '', 'admin User logged in by admin', 21),
(703, '2023-02-19 17:42:07', 'Accounts', '::1', 'admin', '', 'Mozilla/5.0 (Windows NT 10.0; Win64; x64) AppleWebKit/537.36 (KHTML, like Gecko) Chrome/109.0.0.0 Sa', '', ' Trail Balance Report Retrieved by admin', 21);
INSERT INTO `logs` (`id`, `date`, `module`, `host_ip`, `user`, `url`, `user_agent`, `message_title`, `message_desc`, `company_id`) VALUES
(704, '2023-02-20 18:44:07', 'Admin', '::1', 'admin', '', 'Mozilla/5.0 (Windows NT 10.0; Win64; x64) AppleWebKit/537.36 (KHTML, like Gecko) Chrome/109.0.0.0 Sa', '', 'admin User logged in by admin', 21),
(705, '2023-02-20 23:44:51', 'Accounts', '::1', 'admin', '', 'Mozilla/5.0 (Windows NT 10.0; Win64; x64) AppleWebKit/537.36 (KHTML, like Gecko) Chrome/109.0.0.0 Sa', '', ' Pofit & Loss Report Retrieved by admin', 21),
(706, '2023-02-20 23:44:54', 'Accounts', '::1', 'admin', '', 'Mozilla/5.0 (Windows NT 10.0; Win64; x64) AppleWebKit/537.36 (KHTML, like Gecko) Chrome/109.0.0.0 Sa', '', ' Balance Sheet Retrieved by admin', 21),
(707, '2023-02-20 23:46:26', 'Accounts', '::1', 'admin', '', 'Mozilla/5.0 (Windows NT 10.0; Win64; x64) AppleWebKit/537.36 (KHTML, like Gecko) Chrome/109.0.0.0 Sa', '', ' Pofit & Loss Report Retrieved by admin', 21),
(708, '2023-02-20 23:47:08', 'Accounts', '::1', 'admin', '', 'Mozilla/5.0 (Windows NT 10.0; Win64; x64) AppleWebKit/537.36 (KHTML, like Gecko) Chrome/109.0.0.0 Sa', '', ' Pofit & Loss Report Retrieved by admin', 21),
(709, '2023-02-20 23:50:22', 'trans', '::1', 'admin', '', 'Mozilla/5.0 (Windows NT 10.0; Win64; x64) AppleWebKit/537.36 (KHTML, like Gecko) Chrome/109.0.0.0 Sa', '', 'invoice no R28 Purchase transaction created by admin', 21),
(710, '2023-02-20 23:50:25', 'Accounts', '::1', 'admin', '', 'Mozilla/5.0 (Windows NT 10.0; Win64; x64) AppleWebKit/537.36 (KHTML, like Gecko) Chrome/109.0.0.0 Sa', '', ' Balance Sheet Retrieved by admin', 21),
(711, '2023-02-20 23:50:27', 'Accounts', '::1', 'admin', '', 'Mozilla/5.0 (Windows NT 10.0; Win64; x64) AppleWebKit/537.36 (KHTML, like Gecko) Chrome/109.0.0.0 Sa', '', ' Balance Sheet Retrieved by admin', 21),
(712, '2023-02-20 23:50:34', 'Accounts', '::1', 'admin', '', 'Mozilla/5.0 (Windows NT 10.0; Win64; x64) AppleWebKit/537.36 (KHTML, like Gecko) Chrome/109.0.0.0 Sa', '', ' Balance Sheet Retrieved by admin', 21),
(713, '2023-02-20 23:50:53', 'Accounts', '::1', 'admin', '', 'Mozilla/5.0 (Windows NT 10.0; Win64; x64) AppleWebKit/537.36 (KHTML, like Gecko) Chrome/109.0.0.0 Sa', '', ' Pofit & Loss Report Retrieved by admin', 21),
(714, '2023-02-20 23:57:32', 'Accounts', '::1', 'admin', '', 'Mozilla/5.0 (Windows NT 10.0; Win64; x64) AppleWebKit/537.36 (KHTML, like Gecko) Chrome/109.0.0.0 Sa', '', ' Pofit & Loss Report Retrieved by admin', 21),
(715, '2023-02-20 23:58:06', 'Accounts', '::1', 'admin', '', 'Mozilla/5.0 (Windows NT 10.0; Win64; x64) AppleWebKit/537.36 (KHTML, like Gecko) Chrome/109.0.0.0 Sa', '', ' Pofit & Loss Report Retrieved by admin', 21),
(716, '2023-02-20 23:58:08', 'Accounts', '::1', 'admin', '', 'Mozilla/5.0 (Windows NT 10.0; Win64; x64) AppleWebKit/537.36 (KHTML, like Gecko) Chrome/109.0.0.0 Sa', '', ' Pofit & Loss Report Retrieved by admin', 21),
(717, '2023-02-20 23:58:47', 'trans', '::1', 'admin', '', 'Mozilla/5.0 (Windows NT 10.0; Win64; x64) AppleWebKit/537.36 (KHTML, like Gecko) Chrome/109.0.0.0 Sa', '', 'invoice no R29 Purchase transaction created by admin', 21),
(718, '2023-02-20 23:58:53', 'Accounts', '::1', 'admin', '', 'Mozilla/5.0 (Windows NT 10.0; Win64; x64) AppleWebKit/537.36 (KHTML, like Gecko) Chrome/109.0.0.0 Sa', '', ' Pofit & Loss Report Retrieved by admin', 21),
(719, '2023-02-20 23:58:56', 'Accounts', '::1', 'admin', '', 'Mozilla/5.0 (Windows NT 10.0; Win64; x64) AppleWebKit/537.36 (KHTML, like Gecko) Chrome/109.0.0.0 Sa', '', ' Pofit & Loss Report Retrieved by admin', 21),
(720, '2023-02-20 23:59:05', 'Accounts', '::1', 'admin', '', 'Mozilla/5.0 (Windows NT 10.0; Win64; x64) AppleWebKit/537.36 (KHTML, like Gecko) Chrome/109.0.0.0 Sa', '', ' Balance Sheet Retrieved by admin', 21),
(721, '2023-02-20 23:59:12', 'Accounts', '::1', 'admin', '', 'Mozilla/5.0 (Windows NT 10.0; Win64; x64) AppleWebKit/537.36 (KHTML, like Gecko) Chrome/109.0.0.0 Sa', '', ' Balance Sheet Retrieved by admin', 21),
(722, '2023-02-20 23:59:29', 'Accounts', '::1', 'admin', '', 'Mozilla/5.0 (Windows NT 10.0; Win64; x64) AppleWebKit/537.36 (KHTML, like Gecko) Chrome/109.0.0.0 Sa', '', ' Balance Sheet Retrieved by admin', 21),
(723, '2023-02-21 00:00:56', 'Accounts', '::1', 'admin', '', 'Mozilla/5.0 (Windows NT 10.0; Win64; x64) AppleWebKit/537.36 (KHTML, like Gecko) Chrome/109.0.0.0 Sa', '', ' Balance Sheet Retrieved by admin', 21),
(724, '2023-02-21 00:05:18', 'Accounts', '::1', 'admin', '', 'Mozilla/5.0 (Windows NT 10.0; Win64; x64) AppleWebKit/537.36 (KHTML, like Gecko) Chrome/109.0.0.0 Sa', '', ' Balance Sheet Retrieved by admin', 21),
(725, '2023-02-21 00:05:20', 'Accounts', '::1', 'admin', '', 'Mozilla/5.0 (Windows NT 10.0; Win64; x64) AppleWebKit/537.36 (KHTML, like Gecko) Chrome/109.0.0.0 Sa', '', ' Balance Sheet Retrieved by admin', 21),
(726, '2023-02-21 00:05:28', 'Accounts', '::1', 'admin', '', 'Mozilla/5.0 (Windows NT 10.0; Win64; x64) AppleWebKit/537.36 (KHTML, like Gecko) Chrome/109.0.0.0 Sa', '', ' Balance Sheet Retrieved by admin', 21),
(727, '2023-02-21 00:07:47', 'Accounts', '::1', 'admin', '', 'Mozilla/5.0 (Windows NT 10.0; Win64; x64) AppleWebKit/537.36 (KHTML, like Gecko) Chrome/109.0.0.0 Sa', '', ' Pofit & Loss Report Retrieved by admin', 21),
(728, '2023-02-21 00:07:49', 'Accounts', '::1', 'admin', '', 'Mozilla/5.0 (Windows NT 10.0; Win64; x64) AppleWebKit/537.36 (KHTML, like Gecko) Chrome/109.0.0.0 Sa', '', ' Pofit & Loss Report Retrieved by admin', 21),
(729, '2023-02-21 00:08:30', 'trans', '::1', 'admin', '', 'Mozilla/5.0 (Windows NT 10.0; Win64; x64) AppleWebKit/537.36 (KHTML, like Gecko) Chrome/109.0.0.0 Sa', '', 'invoice no R30 Purchase transaction created by admin', 21),
(730, '2023-02-21 00:08:34', 'Accounts', '::1', 'admin', '', 'Mozilla/5.0 (Windows NT 10.0; Win64; x64) AppleWebKit/537.36 (KHTML, like Gecko) Chrome/109.0.0.0 Sa', '', ' Pofit & Loss Report Retrieved by admin', 21),
(731, '2023-02-21 00:08:38', 'Accounts', '::1', 'admin', '', 'Mozilla/5.0 (Windows NT 10.0; Win64; x64) AppleWebKit/537.36 (KHTML, like Gecko) Chrome/109.0.0.0 Sa', '', ' Pofit & Loss Report Retrieved by admin', 21),
(732, '2023-02-21 00:08:45', 'Accounts', '::1', 'admin', '', 'Mozilla/5.0 (Windows NT 10.0; Win64; x64) AppleWebKit/537.36 (KHTML, like Gecko) Chrome/109.0.0.0 Sa', '', ' Balance Sheet Retrieved by admin', 21),
(733, '2023-02-21 00:08:47', 'Accounts', '::1', 'admin', '', 'Mozilla/5.0 (Windows NT 10.0; Win64; x64) AppleWebKit/537.36 (KHTML, like Gecko) Chrome/109.0.0.0 Sa', '', ' Balance Sheet Retrieved by admin', 21),
(734, '2023-02-21 00:09:59', 'Accounts', '::1', 'admin', '', 'Mozilla/5.0 (Windows NT 10.0; Win64; x64) AppleWebKit/537.36 (KHTML, like Gecko) Chrome/109.0.0.0 Sa', '', ' Balance Sheet Retrieved by admin', 21),
(735, '2023-02-21 00:11:40', 'Accounts', '::1', 'admin', '', 'Mozilla/5.0 (Windows NT 10.0; Win64; x64) AppleWebKit/537.36 (KHTML, like Gecko) Chrome/109.0.0.0 Sa', '', ' Balance Sheet Retrieved by admin', 21),
(736, '2023-02-21 00:11:48', 'Accounts', '::1', 'admin', '', 'Mozilla/5.0 (Windows NT 10.0; Win64; x64) AppleWebKit/537.36 (KHTML, like Gecko) Chrome/109.0.0.0 Sa', '', ' Balance Sheet Retrieved by admin', 21),
(737, '2023-02-21 00:14:44', 'Accounts', '::1', 'admin', '', 'Mozilla/5.0 (Windows NT 10.0; Win64; x64) AppleWebKit/537.36 (KHTML, like Gecko) Chrome/109.0.0.0 Sa', '', ' Pofit & Loss Report Retrieved by admin', 21),
(738, '2023-02-21 00:14:46', 'Accounts', '::1', 'admin', '', 'Mozilla/5.0 (Windows NT 10.0; Win64; x64) AppleWebKit/537.36 (KHTML, like Gecko) Chrome/109.0.0.0 Sa', '', ' Pofit & Loss Report Retrieved by admin', 21),
(739, '2023-02-23 16:02:58', 'Admin', '::1', 'admin', '', 'Mozilla/5.0 (Windows NT 10.0; Win64; x64) AppleWebKit/537.36 (KHTML, like Gecko) Chrome/110.0.0.0 Sa', '', 'admin User logged in by admin', 21),
(740, '2023-02-28 13:56:19', 'Admin', '::1', 'admin', '', 'Mozilla/5.0 (Windows NT 10.0; Win64; x64) AppleWebKit/537.36 (KHTML, like Gecko) Chrome/110.0.0.0 Sa', '', 'admin User logged in by admin', 21),
(741, '2023-03-02 16:54:18', 'Admin', '::1', 'admin', '', 'Mozilla/5.0 (Windows NT 10.0; Win64; x64) AppleWebKit/537.36 (KHTML, like Gecko) Chrome/110.0.0.0 Sa', '', 'admin User logged in by admin', 21),
(742, '2023-03-06 17:03:36', 'Admin', '::1', 'admin', '', 'Mozilla/5.0 (Windows NT 10.0; Win64; x64) AppleWebKit/537.36 (KHTML, like Gecko) Chrome/110.0.0.0 Sa', '', 'admin User logged in by admin', 21),
(743, '2023-03-06 22:04:25', 'Accounts', '::1', 'admin', '', 'Mozilla/5.0 (Windows NT 10.0; Win64; x64) AppleWebKit/537.36 (KHTML, like Gecko) Chrome/110.0.0.0 Sa', '', ' Trail Balance Report Retrieved by admin', 21),
(744, '2023-03-06 22:04:28', 'Accounts', '::1', 'admin', '', 'Mozilla/5.0 (Windows NT 10.0; Win64; x64) AppleWebKit/537.36 (KHTML, like Gecko) Chrome/110.0.0.0 Sa', '', ' Balance Sheet Retrieved by admin', 21),
(745, '2023-03-06 22:04:42', 'Accounts', '::1', 'admin', '', 'Mozilla/5.0 (Windows NT 10.0; Win64; x64) AppleWebKit/537.36 (KHTML, like Gecko) Chrome/110.0.0.0 Sa', '', ' Pofit & Loss Report Retrieved by admin', 21),
(746, '2023-03-06 22:05:33', 'trans', '::1', 'admin', '', 'Mozilla/5.0 (Windows NT 10.0; Win64; x64) AppleWebKit/537.36 (KHTML, like Gecko) Chrome/110.0.0.0 Sa', '', 'invoice no R31 Purchase transaction created by admin', 21),
(747, '2023-03-06 22:05:47', 'Accounts', '::1', 'admin', '', 'Mozilla/5.0 (Windows NT 10.0; Win64; x64) AppleWebKit/537.36 (KHTML, like Gecko) Chrome/110.0.0.0 Sa', '', ' Pofit & Loss Report Retrieved by admin', 21),
(748, '2023-03-06 22:05:58', 'Accounts', '::1', 'admin', '', 'Mozilla/5.0 (Windows NT 10.0; Win64; x64) AppleWebKit/537.36 (KHTML, like Gecko) Chrome/110.0.0.0 Sa', '', ' Balance Sheet Retrieved by admin', 21),
(749, '2023-03-06 22:06:01', 'Accounts', '::1', 'admin', '', 'Mozilla/5.0 (Windows NT 10.0; Win64; x64) AppleWebKit/537.36 (KHTML, like Gecko) Chrome/110.0.0.0 Sa', '', ' Balance Sheet Retrieved by admin', 21),
(750, '2023-03-06 22:06:40', 'Accounts', '::1', 'admin', '', 'Mozilla/5.0 (Windows NT 10.0; Win64; x64) AppleWebKit/537.36 (KHTML, like Gecko) Chrome/110.0.0.0 Sa', '', ' Account Payable Report Retrieved by admin', 21),
(751, '2023-03-06 22:06:46', 'Accounts', '::1', 'admin', '', 'Mozilla/5.0 (Windows NT 10.0; Win64; x64) AppleWebKit/537.36 (KHTML, like Gecko) Chrome/110.0.0.0 Sa', '', ' Account Payable Report Retrieved by admin', 21),
(752, '2023-03-06 22:07:54', 'trans', '::1', 'admin', '', 'Mozilla/5.0 (Windows NT 10.0; Win64; x64) AppleWebKit/537.36 (KHTML, like Gecko) Chrome/110.0.0.0 Sa', '', 'invoice no R32 Purchase transaction created by admin', 21),
(753, '2023-03-06 22:08:14', 'Accounts', '::1', 'admin', '', 'Mozilla/5.0 (Windows NT 10.0; Win64; x64) AppleWebKit/537.36 (KHTML, like Gecko) Chrome/110.0.0.0 Sa', '', ' Pofit & Loss Report Retrieved by admin', 21),
(754, '2023-03-06 22:08:16', 'Accounts', '::1', 'admin', '', 'Mozilla/5.0 (Windows NT 10.0; Win64; x64) AppleWebKit/537.36 (KHTML, like Gecko) Chrome/110.0.0.0 Sa', '', ' Trail Balance Report Retrieved by admin', 21),
(755, '2023-03-06 22:09:43', 'Accounts', '::1', 'admin', '', 'Mozilla/5.0 (Windows NT 10.0; Win64; x64) AppleWebKit/537.36 (KHTML, like Gecko) Chrome/110.0.0.0 Sa', '', ' Trail Balance Report Retrieved by admin', 21),
(756, '2023-03-06 22:09:45', 'Accounts', '::1', 'admin', '', 'Mozilla/5.0 (Windows NT 10.0; Win64; x64) AppleWebKit/537.36 (KHTML, like Gecko) Chrome/110.0.0.0 Sa', '', ' Trail Balance Report Retrieved by admin', 21),
(757, '2023-03-06 22:10:16', 'Accounts', '::1', 'admin', '', 'Mozilla/5.0 (Windows NT 10.0; Win64; x64) AppleWebKit/537.36 (KHTML, like Gecko) Chrome/110.0.0.0 Sa', '', ' Pofit & Loss Report Retrieved by admin', 21),
(758, '2023-03-06 22:10:19', 'Accounts', '::1', 'admin', '', 'Mozilla/5.0 (Windows NT 10.0; Win64; x64) AppleWebKit/537.36 (KHTML, like Gecko) Chrome/110.0.0.0 Sa', '', ' Pofit & Loss Report Retrieved by admin', 21),
(759, '2023-03-06 22:11:23', 'Accounts', '::1', 'admin', '', 'Mozilla/5.0 (Windows NT 10.0; Win64; x64) AppleWebKit/537.36 (KHTML, like Gecko) Chrome/110.0.0.0 Sa', '', ' Pofit & Loss Report Retrieved by admin', 21),
(760, '2023-03-06 22:12:03', 'Accounts', '::1', 'admin', '', 'Mozilla/5.0 (Windows NT 10.0; Win64; x64) AppleWebKit/537.36 (KHTML, like Gecko) Chrome/110.0.0.0 Sa', '', ' Pofit & Loss Report Retrieved by admin', 21),
(761, '2023-03-06 22:12:38', 'Accounts', '::1', 'admin', '', 'Mozilla/5.0 (Windows NT 10.0; Win64; x64) AppleWebKit/537.36 (KHTML, like Gecko) Chrome/110.0.0.0 Sa', '', ' Pofit & Loss Report Retrieved by admin', 21),
(762, '2023-03-06 22:13:32', 'trans', '::1', 'admin', '', 'Mozilla/5.0 (Windows NT 10.0; Win64; x64) AppleWebKit/537.36 (KHTML, like Gecko) Chrome/110.0.0.0 Sa', '', 'invoice no S36 Invoice transaction created by admin', 21),
(763, '2023-03-06 22:14:23', 'trans', '::1', 'admin', '', 'Mozilla/5.0 (Windows NT 10.0; Win64; x64) AppleWebKit/537.36 (KHTML, like Gecko) Chrome/110.0.0.0 Sa', '', 'invoice no S36 Invoice transaction created by admin', 21),
(764, '2023-03-06 23:05:06', 'Accounts', '::1', 'admin', '', 'Mozilla/5.0 (Windows NT 10.0; Win64; x64) AppleWebKit/537.36 (KHTML, like Gecko) Chrome/110.0.0.0 Sa', '', ' Trail Balance Report Retrieved by admin', 21),
(765, '2023-03-06 23:05:12', 'Accounts', '::1', 'admin', '', 'Mozilla/5.0 (Windows NT 10.0; Win64; x64) AppleWebKit/537.36 (KHTML, like Gecko) Chrome/110.0.0.0 Sa', '', ' Pofit & Loss Report Retrieved by admin', 21),
(766, '2023-03-06 23:05:16', 'Accounts', '::1', 'admin', '', 'Mozilla/5.0 (Windows NT 10.0; Win64; x64) AppleWebKit/537.36 (KHTML, like Gecko) Chrome/110.0.0.0 Sa', '', ' Balance Sheet Retrieved by admin', 21),
(767, '2023-03-06 23:06:09', 'Accounts', '::1', 'admin', '', 'Mozilla/5.0 (Windows NT 10.0; Win64; x64) AppleWebKit/537.36 (KHTML, like Gecko) Chrome/110.0.0.0 Sa', '', ' Balance Sheet Retrieved by admin', 21),
(768, '2023-03-06 23:06:27', 'Accounts', '::1', 'admin', '', 'Mozilla/5.0 (Windows NT 10.0; Win64; x64) AppleWebKit/537.36 (KHTML, like Gecko) Chrome/110.0.0.0 Sa', '', ' Account Receivable Report Retrieved by admin', 21),
(769, '2023-03-06 23:07:07', 'Accounts', '::1', 'admin', '', 'Mozilla/5.0 (Windows NT 10.0; Win64; x64) AppleWebKit/537.36 (KHTML, like Gecko) Chrome/110.0.0.0 Sa', '', ' Account Receivable Report Retrieved by admin', 21),
(770, '2023-03-06 23:07:57', 'Accounts', '::1', 'admin', '', 'Mozilla/5.0 (Windows NT 10.0; Win64; x64) AppleWebKit/537.36 (KHTML, like Gecko) Chrome/110.0.0.0 Sa', '', ' Account Receivable Report Retrieved by admin', 21),
(771, '2023-03-06 23:08:03', 'Accounts', '::1', 'admin', '', 'Mozilla/5.0 (Windows NT 10.0; Win64; x64) AppleWebKit/537.36 (KHTML, like Gecko) Chrome/110.0.0.0 Sa', '', ' Account Payable Report Retrieved by admin', 21),
(772, '2023-03-07 00:09:34', 'Accounts', '::1', 'admin', '', 'Mozilla/5.0 (Windows NT 10.0; Win64; x64) AppleWebKit/537.36 (KHTML, like Gecko) Chrome/110.0.0.0 Sa', '', ' Balance Sheet Retrieved by admin', 21),
(773, '2023-03-07 00:09:44', 'Accounts', '::1', 'admin', '', 'Mozilla/5.0 (Windows NT 10.0; Win64; x64) AppleWebKit/537.36 (KHTML, like Gecko) Chrome/110.0.0.0 Sa', '', ' Pofit & Loss Report Retrieved by admin', 21),
(774, '2023-03-14 14:20:17', 'Admin', '::1', 'admin', '', 'Mozilla/5.0 (Windows NT 10.0; Win64; x64) AppleWebKit/537.36 (KHTML, like Gecko) Chrome/110.0.0.0 Sa', '', 'admin User logged in by admin', 21),
(775, '2023-03-19 10:19:25', 'Admin', '::1', 'admin', '', 'Mozilla/5.0 (Windows NT 10.0; Win64; x64) AppleWebKit/537.36 (KHTML, like Gecko) Chrome/111.0.0.0 Sa', '', 'admin User logged in by admin', 21),
(776, '2023-03-26 08:52:02', 'Admin', '::1', 'admin', '', 'Mozilla/5.0 (Windows NT 10.0; Win64; x64) AppleWebKit/537.36 (KHTML, like Gecko) Chrome/111.0.0.0 Sa', '', 'admin User logged in by admin', 21),
(777, '2023-04-12 16:54:34', 'Admin', '::1', 'admin', '', 'Mozilla/5.0 (Windows NT 10.0; Win64; x64) AppleWebKit/537.36 (KHTML, like Gecko) Chrome/111.0.0.0 Sa', '', 'admin User logged in by admin', 21),
(778, '2023-04-12 18:26:36', 'Admin', '::1', 'admin', '', 'Mozilla/5.0 (Windows NT 10.0; Win64; x64) AppleWebKit/537.36 (KHTML, like Gecko) Chrome/111.0.0.0 Sa', '', 'admin User logged out by admin', 21),
(779, '2023-04-15 13:00:33', 'Admin', '::1', 'admin', '', 'Mozilla/5.0 (Windows NT 10.0; Win64; x64) AppleWebKit/537.36 (KHTML, like Gecko) Chrome/112.0.0.0 Sa', '', 'admin User logged in by admin', 21),
(780, '2023-04-15 18:05:36', 'POS', '::1', 'admin', '', 'Mozilla/5.0 (Windows NT 10.0; Win64; x64) AppleWebKit/537.36 (KHTML, like Gecko) Chrome/112.0.0.0 Sa', '', 'kasbook Company Updated by admin', 21),
(781, '2023-04-15 13:05:36', 'Admin', '::1', 'admin', '', 'Mozilla/5.0 (Windows NT 10.0; Win64; x64) AppleWebKit/537.36 (KHTML, like Gecko) Chrome/112.0.0.0 Sa', '', 'admin User logged out by admin', 21),
(782, '2023-04-15 13:05:38', 'Admin', '::1', 'admin', '', 'Mozilla/5.0 (Windows NT 10.0; Win64; x64) AppleWebKit/537.36 (KHTML, like Gecko) Chrome/112.0.0.0 Sa', '', 'admin User logged in by admin', 21),
(783, '2023-04-17 16:28:02', 'Admin', '::1', 'admin', '', 'Mozilla/5.0 (Windows NT 10.0; Win64; x64) AppleWebKit/537.36 (KHTML, like Gecko) Chrome/112.0.0.0 Sa', '', 'admin User logged in by admin', 21),
(784, '2023-04-26 18:22:18', 'Admin', '::1', 'admin', '', 'Mozilla/5.0 (Windows NT 10.0; Win64; x64) AppleWebKit/537.36 (KHTML, like Gecko) Chrome/112.0.0.0 Sa', '', 'admin User logged in by admin', 21),
(785, '2023-04-27 15:51:15', 'Admin', '::1', 'admin', '', 'Mozilla/5.0 (Windows NT 10.0; Win64; x64) AppleWebKit/537.36 (KHTML, like Gecko) Chrome/112.0.0.0 Sa', '', 'admin User logged in by admin', 21),
(786, '2023-04-27 20:51:46', 'trans', '::1', 'admin', '', 'Mozilla/5.0 (Windows NT 10.0; Win64; x64) AppleWebKit/537.36 (KHTML, like Gecko) Chrome/112.0.0.0 Sa', '', 'invoice no R33 Purchase transaction created by admin', 21),
(787, '2023-04-27 20:52:05', 'trans', '::1', 'admin', '', 'Mozilla/5.0 (Windows NT 10.0; Win64; x64) AppleWebKit/537.36 (KHTML, like Gecko) Chrome/112.0.0.0 Sa', '', 'invoice no R34 Purchase transaction created by admin', 21),
(806, '2023-04-27 23:22:21', 'POS', '::1', 'admin', '', 'Mozilla/5.0 (Windows NT 10.0; Win64; x64) AppleWebKit/537.36 (KHTML, like Gecko) Chrome/112.0.0.0 Sa', '', 'R34 Receivings Deleted by admin', 21),
(807, '2023-04-27 23:22:21', 'trans', '::1', 'admin', '', 'Mozilla/5.0 (Windows NT 10.0; Win64; x64) AppleWebKit/537.36 (KHTML, like Gecko) Chrome/112.0.0.0 Sa', '', 'invoice no R34 Purchase transaction created by admin', 21),
(808, '2023-04-27 23:22:55', 'POS', '::1', 'admin', '', 'Mozilla/5.0 (Windows NT 10.0; Win64; x64) AppleWebKit/537.36 (KHTML, like Gecko) Chrome/112.0.0.0 Sa', '', 'R34 Receivings Deleted by admin', 21),
(809, '2023-04-27 23:22:55', 'trans', '::1', 'admin', '', 'Mozilla/5.0 (Windows NT 10.0; Win64; x64) AppleWebKit/537.36 (KHTML, like Gecko) Chrome/112.0.0.0 Sa', '', 'invoice no R34 Purchase transaction created by admin', 21),
(810, '2023-04-27 23:23:10', 'POS', '::1', 'admin', '', 'Mozilla/5.0 (Windows NT 10.0; Win64; x64) AppleWebKit/537.36 (KHTML, like Gecko) Chrome/112.0.0.0 Sa', '', 'R33 Receivings Deleted by admin', 21),
(811, '2023-04-27 23:23:11', 'trans', '::1', 'admin', '', 'Mozilla/5.0 (Windows NT 10.0; Win64; x64) AppleWebKit/537.36 (KHTML, like Gecko) Chrome/112.0.0.0 Sa', '', 'invoice no R33 Purchase transaction created by admin', 21),
(812, '2023-04-27 23:23:27', 'POS', '::1', 'admin', '', 'Mozilla/5.0 (Windows NT 10.0; Win64; x64) AppleWebKit/537.36 (KHTML, like Gecko) Chrome/112.0.0.0 Sa', '', 'R26 Receivings Deleted by admin', 21),
(813, '2023-04-27 23:23:27', 'trans', '::1', 'admin', '', 'Mozilla/5.0 (Windows NT 10.0; Win64; x64) AppleWebKit/537.36 (KHTML, like Gecko) Chrome/112.0.0.0 Sa', '', 'invoice no R26 Purchase transaction created by admin', 21),
(814, '2023-04-29 07:48:20', 'Admin', '::1', 'admin', '', 'Mozilla/5.0 (Windows NT 10.0; Win64; x64) AppleWebKit/537.36 (KHTML, like Gecko) Chrome/112.0.0.0 Sa', '', 'admin User logged in by admin', 21),
(815, '2023-04-29 12:49:35', 'Accounts', '::1', 'admin', '', 'Mozilla/5.0 (Windows NT 10.0; Win64; x64) AppleWebKit/537.36 (KHTML, like Gecko) Chrome/112.0.0.0 Sa', '', ' Trail Balance Report Retrieved by admin', 21),
(816, '2023-04-29 14:05:51', 'Accounts', '::1', 'admin', '', 'Mozilla/5.0 (Windows NT 10.0; Win64; x64) AppleWebKit/537.36 (KHTML, like Gecko) Chrome/112.0.0.0 Sa', '', ' Trail Balance Report Retrieved by admin', 21),
(817, '2023-04-29 09:07:01', 'Admin', '::1', 'admin', '', 'Mozilla/5.0 (Windows NT 10.0; Win64; x64) AppleWebKit/537.36 (KHTML, like Gecko) Chrome/112.0.0.0 Sa', '', 'admin User logged out by admin', 21),
(818, '2023-04-29 09:08:53', 'Admin', '::1', 'irfan', '', 'Mozilla/5.0 (Windows NT 10.0; Win64; x64) AppleWebKit/537.36 (KHTML, like Gecko) Chrome/112.0.0.0 Sa', '', 'irfan User logged in by irfan', 26),
(819, '2023-04-29 12:09:12', 'Accounts', '::1', 'irfan', '', 'Mozilla/5.0 (Windows NT 10.0; Win64; x64) AppleWebKit/537.36 (KHTML, like Gecko) Chrome/112.0.0.0 Sa', '', ' Trail Balance Report Retrieved by irfan', 26),
(820, '2023-04-29 09:09:37', 'Admin', '::1', 'irfan', '', 'Mozilla/5.0 (Windows NT 10.0; Win64; x64) AppleWebKit/537.36 (KHTML, like Gecko) Chrome/112.0.0.0 Sa', '', 'irfan User logged out by irfan', 26),
(821, '2023-04-29 09:09:41', 'Admin', '::1', 'irfan', '', 'Mozilla/5.0 (Windows NT 10.0; Win64; x64) AppleWebKit/537.36 (KHTML, like Gecko) Chrome/112.0.0.0 Sa', '', 'irfan User logged in by irfan', 26),
(822, '2023-04-29 09:11:43', 'Admin', '::1', 'irfan', '', 'Mozilla/5.0 (Windows NT 10.0; Win64; x64) AppleWebKit/537.36 (KHTML, like Gecko) Chrome/112.0.0.0 Sa', '', 'irfan User logged out by irfan', 26),
(823, '2023-04-29 09:12:48', 'Admin', '::1', 'shirka', '', 'Mozilla/5.0 (Windows NT 10.0; Win64; x64) AppleWebKit/537.36 (KHTML, like Gecko) Chrome/112.0.0.0 Sa', '', 'shirka User logged in by shirka', 27),
(824, '2023-04-29 09:17:35', 'Admin', '::1', 'shirka', '', 'Mozilla/5.0 (Windows NT 10.0; Win64; x64) AppleWebKit/537.36 (KHTML, like Gecko) Chrome/112.0.0.0 Sa', '', 'shirka User logged out by shirka', 27),
(825, '2023-04-29 09:17:41', 'Admin', '::1', 'irfan', '', 'Mozilla/5.0 (Windows NT 10.0; Win64; x64) AppleWebKit/537.36 (KHTML, like Gecko) Chrome/112.0.0.0 Sa', '', 'irfan User logged in by irfan', 26),
(826, '2023-04-29 12:22:54', 'Accounts', '::1', 'irfan', '', 'Mozilla/5.0 (Windows NT 10.0; Win64; x64) AppleWebKit/537.36 (KHTML, like Gecko) Chrome/112.0.0.0 Sa', '', 'Store Rent group updated by irfan', 26),
(827, '2023-04-29 12:23:15', 'Accounts', '::1', 'irfan', '', 'Mozilla/5.0 (Windows NT 10.0; Win64; x64) AppleWebKit/537.36 (KHTML, like Gecko) Chrome/112.0.0.0 Sa', '', 'Shop Rent group updated by irfan', 26),
(828, '2023-04-29 12:24:02', 'Accounts', '::1', 'irfan', '', 'Mozilla/5.0 (Windows NT 10.0; Win64; x64) AppleWebKit/537.36 (KHTML, like Gecko) Chrome/112.0.0.0 Sa', '', 'Health insurance group updated by irfan', 26),
(829, '2023-04-29 12:24:34', 'Accounts', '::1', 'irfan', '', 'Mozilla/5.0 (Windows NT 10.0; Win64; x64) AppleWebKit/537.36 (KHTML, like Gecko) Chrome/112.0.0.0 Sa', '', 'Mobile group Added by irfan', 26),
(830, '2023-04-29 12:24:49', 'Accounts', '::1', 'irfan', '', 'Mozilla/5.0 (Windows NT 10.0; Win64; x64) AppleWebKit/537.36 (KHTML, like Gecko) Chrome/112.0.0.0 Sa', '', 'Car maintenance  group Added by irfan', 26),
(831, '2023-04-29 12:25:08', 'Accounts', '::1', 'irfan', '', 'Mozilla/5.0 (Windows NT 10.0; Win64; x64) AppleWebKit/537.36 (KHTML, like Gecko) Chrome/112.0.0.0 Sa', '', 'Electricity group Added by irfan', 26),
(832, '2023-04-29 12:25:38', 'Accounts', '::1', 'irfan', '', 'Mozilla/5.0 (Windows NT 10.0; Win64; x64) AppleWebKit/537.36 (KHTML, like Gecko) Chrome/112.0.0.0 Sa', '', 'Fine Care group Added by irfan', 26),
(833, '2023-04-29 12:25:56', 'Accounts', '::1', 'irfan', '', 'Mozilla/5.0 (Windows NT 10.0; Win64; x64) AppleWebKit/537.36 (KHTML, like Gecko) Chrome/112.0.0.0 Sa', '', 'Residence fees group Added by irfan', 26),
(834, '2023-04-29 12:26:22', 'Accounts', '::1', 'irfan', '', 'Mozilla/5.0 (Windows NT 10.0; Win64; x64) AppleWebKit/537.36 (KHTML, like Gecko) Chrome/112.0.0.0 Sa', '', 'Water group Added by irfan', 26),
(835, '2023-04-29 12:26:39', 'Accounts', '::1', 'irfan', '', 'Mozilla/5.0 (Windows NT 10.0; Win64; x64) AppleWebKit/537.36 (KHTML, like Gecko) Chrome/112.0.0.0 Sa', '', 'Salaries group Added by irfan', 26),
(836, '2023-04-29 12:29:35', 'Accounts', '::1', 'irfan', '', 'Mozilla/5.0 (Windows NT 10.0; Win64; x64) AppleWebKit/537.36 (KHTML, like Gecko) Chrome/112.0.0.0 Sa', '', ' Trail Balance Report Retrieved by irfan', 26),
(837, '2023-04-29 12:30:20', 'Accounts', '::1', 'irfan', '', 'Mozilla/5.0 (Windows NT 10.0; Win64; x64) AppleWebKit/537.36 (KHTML, like Gecko) Chrome/112.0.0.0 Sa', '', ' Fiscal year retrieved by irfan', 26),
(838, '2023-04-29 12:31:48', 'Accounts', '::1', 'irfan', '', 'Mozilla/5.0 (Windows NT 10.0; Win64; x64) AppleWebKit/537.36 (KHTML, like Gecko) Chrome/112.0.0.0 Sa', '', ' Fiscal year retrieved by irfan', 26),
(839, '2023-04-29 12:32:04', 'Accounts', '::1', 'irfan', '', 'Mozilla/5.0 (Windows NT 10.0; Win64; x64) AppleWebKit/537.36 (KHTML, like Gecko) Chrome/112.0.0.0 Sa', '', ' Trail Balance Report Retrieved by irfan', 26),
(840, '2023-04-29 09:32:31', 'Admin', '::1', 'irfan', '', 'Mozilla/5.0 (Windows NT 10.0; Win64; x64) AppleWebKit/537.36 (KHTML, like Gecko) Chrome/112.0.0.0 Sa', '', 'irfan User logged out by irfan', 26),
(841, '2023-04-29 09:32:34', 'Admin', '::1', 'irfan', '', 'Mozilla/5.0 (Windows NT 10.0; Win64; x64) AppleWebKit/537.36 (KHTML, like Gecko) Chrome/112.0.0.0 Sa', '', 'irfan User logged in by irfan', 26),
(842, '2023-04-29 12:32:42', 'Accounts', '::1', 'irfan', '', 'Mozilla/5.0 (Windows NT 10.0; Win64; x64) AppleWebKit/537.36 (KHTML, like Gecko) Chrome/112.0.0.0 Sa', '', ' Trail Balance Report Retrieved by irfan', 26),
(843, '2023-04-29 12:36:57', 'Accounts', '::1', 'irfan', '', 'Mozilla/5.0 (Windows NT 10.0; Win64; x64) AppleWebKit/537.36 (KHTML, like Gecko) Chrome/112.0.0.0 Sa', '', ' Trail Balance Report Retrieved by irfan', 26),
(844, '2023-04-29 12:37:12', 'Accounts', '::1', 'irfan', '', 'Mozilla/5.0 (Windows NT 10.0; Win64; x64) AppleWebKit/537.36 (KHTML, like Gecko) Chrome/112.0.0.0 Sa', '', ' Trail Balance Report Retrieved by irfan', 26),
(845, '2023-04-29 12:38:49', 'Accounts', '::1', 'irfan', '', 'Mozilla/5.0 (Windows NT 10.0; Win64; x64) AppleWebKit/537.36 (KHTML, like Gecko) Chrome/112.0.0.0 Sa', '', 'pc software-a/c group Added by irfan', 26),
(846, '2023-04-29 12:45:14', 'Accounts', '::1', 'irfan', '', 'Mozilla/5.0 (Windows NT 10.0; Win64; x64) AppleWebKit/537.36 (KHTML, like Gecko) Chrome/112.0.0.0 Sa', '', ' Trail Balance Report Retrieved by irfan', 26),
(847, '2023-04-29 13:01:56', 'Accounts', '::1', 'irfan', '', 'Mozilla/5.0 (Windows NT 10.0; Win64; x64) AppleWebKit/537.36 (KHTML, like Gecko) Chrome/112.0.0.0 Sa', '', 'invoice no JV1 Journal Entry added by irfan', 26),
(848, '2023-04-29 13:02:00', 'Accounts', '::1', 'irfan', '', 'Mozilla/5.0 (Windows NT 10.0; Win64; x64) AppleWebKit/537.36 (KHTML, like Gecko) Chrome/112.0.0.0 Sa', '', ' Trail Balance Report Retrieved by irfan', 26),
(849, '2023-04-29 13:02:40', 'Accounts', '::1', 'irfan', '', 'Mozilla/5.0 (Windows NT 10.0; Win64; x64) AppleWebKit/537.36 (KHTML, like Gecko) Chrome/112.0.0.0 Sa', '', ' Fiscal year retrieved by irfan', 26),
(850, '2023-04-29 13:03:08', 'Accounts', '::1', 'irfan', '', 'Mozilla/5.0 (Windows NT 10.0; Win64; x64) AppleWebKit/537.36 (KHTML, like Gecko) Chrome/112.0.0.0 Sa', '', ' Trail Balance Report Retrieved by irfan', 26),
(851, '2023-04-29 13:03:17', 'Accounts', '::1', 'irfan', '', 'Mozilla/5.0 (Windows NT 10.0; Win64; x64) AppleWebKit/537.36 (KHTML, like Gecko) Chrome/112.0.0.0 Sa', '', ' Trail Balance Report Retrieved by irfan', 26),
(852, '2023-04-29 13:31:33', 'Accounts', '::1', 'irfan', '', 'Mozilla/5.0 (Windows NT 10.0; Win64; x64) AppleWebKit/537.36 (KHTML, like Gecko) Chrome/112.0.0.0 Sa', '', ' Pofit & Loss Report Retrieved by irfan', 26),
(853, '2023-04-29 13:31:37', 'Accounts', '::1', 'irfan', '', 'Mozilla/5.0 (Windows NT 10.0; Win64; x64) AppleWebKit/537.36 (KHTML, like Gecko) Chrome/112.0.0.0 Sa', '', ' Pofit & Loss Report Retrieved by irfan', 26),
(854, '2023-05-06 09:27:14', 'Admin', '::1', 'irfan', '', 'Mozilla/5.0 (Windows NT 10.0; Win64; x64) AppleWebKit/537.36 (KHTML, like Gecko) Chrome/113.0.0.0 Sa', '', 'irfan User logged in by irfan', 26),
(855, '2023-05-06 12:27:22', 'Accounts', '::1', 'irfan', '', 'Mozilla/5.0 (Windows NT 10.0; Win64; x64) AppleWebKit/537.36 (KHTML, like Gecko) Chrome/113.0.0.0 Sa', '', ' Pofit & Loss Report Retrieved by irfan', 26),
(856, '2023-05-06 12:27:25', 'Accounts', '::1', 'irfan', '', 'Mozilla/5.0 (Windows NT 10.0; Win64; x64) AppleWebKit/537.36 (KHTML, like Gecko) Chrome/113.0.0.0 Sa', '', ' Pofit & Loss Report Retrieved by irfan', 26),
(857, '2023-05-06 12:27:29', 'Accounts', '::1', 'irfan', '', 'Mozilla/5.0 (Windows NT 10.0; Win64; x64) AppleWebKit/537.36 (KHTML, like Gecko) Chrome/113.0.0.0 Sa', '', ' Pofit & Loss Report Retrieved by irfan', 26),
(858, '2023-05-06 12:27:32', 'Accounts', '::1', 'irfan', '', 'Mozilla/5.0 (Windows NT 10.0; Win64; x64) AppleWebKit/537.36 (KHTML, like Gecko) Chrome/113.0.0.0 Sa', '', ' Pofit & Loss Report Retrieved by irfan', 26),
(859, '2023-05-06 12:27:34', 'Accounts', '::1', 'irfan', '', 'Mozilla/5.0 (Windows NT 10.0; Win64; x64) AppleWebKit/537.36 (KHTML, like Gecko) Chrome/113.0.0.0 Sa', '', ' Trail Balance Report Retrieved by irfan', 26),
(860, '2023-05-06 12:27:38', 'Accounts', '::1', 'irfan', '', 'Mozilla/5.0 (Windows NT 10.0; Win64; x64) AppleWebKit/537.36 (KHTML, like Gecko) Chrome/113.0.0.0 Sa', '', ' Trail Balance Report Retrieved by irfan', 26),
(861, '2023-05-06 12:27:57', 'Accounts', '::1', 'irfan', '', 'Mozilla/5.0 (Windows NT 10.0; Win64; x64) AppleWebKit/537.36 (KHTML, like Gecko) Chrome/113.0.0.0 Sa', '', ' Pofit & Loss Report Retrieved by irfan', 26),
(862, '2023-05-06 12:28:04', 'Accounts', '::1', 'irfan', '', 'Mozilla/5.0 (Windows NT 10.0; Win64; x64) AppleWebKit/537.36 (KHTML, like Gecko) Chrome/113.0.0.0 Sa', '', ' Pofit & Loss Report Retrieved by irfan', 26),
(863, '2023-05-06 12:28:24', 'Accounts', '::1', 'irfan', '', 'Mozilla/5.0 (Windows NT 10.0; Win64; x64) AppleWebKit/537.36 (KHTML, like Gecko) Chrome/113.0.0.0 Sa', '', ' Trail Balance Report Retrieved by irfan', 26),
(864, '2023-05-06 12:28:31', 'Accounts', '::1', 'irfan', '', 'Mozilla/5.0 (Windows NT 10.0; Win64; x64) AppleWebKit/537.36 (KHTML, like Gecko) Chrome/113.0.0.0 Sa', '', ' Trail Balance Report Retrieved by irfan', 26),
(865, '2023-05-06 10:21:32', 'Admin', '::1', 'irfan', '', 'Mozilla/5.0 (Windows NT 10.0; Win64; x64) AppleWebKit/537.36 (KHTML, like Gecko) Chrome/113.0.0.0 Sa', '', 'irfan User logged out by irfan', 26),
(866, '2023-05-06 10:27:52', 'Admin', '::1', 'irfan', '', 'Mozilla/5.0 (Windows NT 10.0; Win64; x64) AppleWebKit/537.36 (KHTML, like Gecko) Chrome/113.0.0.0 Sa', '', 'irfan User logged in by irfan', 26),
(867, '2023-05-06 10:27:59', 'Admin', '::1', 'irfan', '', 'Mozilla/5.0 (Windows NT 10.0; Win64; x64) AppleWebKit/537.36 (KHTML, like Gecko) Chrome/113.0.0.0 Sa', '', 'irfan User logged out by irfan', 26),
(868, '2023-05-06 10:28:03', 'Admin', '::1', 'admin', '', 'Mozilla/5.0 (Windows NT 10.0; Win64; x64) AppleWebKit/537.36 (KHTML, like Gecko) Chrome/113.0.0.0 Sa', '', 'admin User logged in by admin', 21),
(869, '2023-05-06 15:56:11', 'POS', '::1', 'admin', '', 'Mozilla/5.0 (Windows NT 10.0; Win64; x64) AppleWebKit/537.36 (KHTML, like Gecko) Chrome/113.0.0.0 Sa', '', 'samsung a52s ID(2) Product Updated by admin', 21),
(870, '2023-05-06 16:08:34', 'POS', '::1', 'admin', '', 'Mozilla/5.0 (Windows NT 10.0; Win64; x64) AppleWebKit/537.36 (KHTML, like Gecko) Chrome/113.0.0.0 Sa', '', 'apple m2 pro Qty(1) Product Added by admin', 21),
(871, '2023-05-06 16:08:58', 'POS', '::1', 'admin', '', 'Mozilla/5.0 (Windows NT 10.0; Win64; x64) AppleWebKit/537.36 (KHTML, like Gecko) Chrome/113.0.0.0 Sa', '', 'Apple m2 pro ID(1) Product Updated by admin', 21),
(872, '2023-05-06 16:09:12', 'POS', '::1', 'admin', '', 'Mozilla/5.0 (Windows NT 10.0; Win64; x64) AppleWebKit/537.36 (KHTML, like Gecko) Chrome/113.0.0.0 Sa', '', 'Apple air m2 pro ID(1) Product Updated by admin', 21),
(873, '2023-05-06 16:09:22', 'POS', '::1', 'admin', '', 'Mozilla/5.0 (Windows NT 10.0; Win64; x64) AppleWebKit/537.36 (KHTML, like Gecko) Chrome/113.0.0.0 Sa', '', ' Product id(1) Product inactivated by admin', 21),
(874, '2023-05-06 11:10:33', 'Admin', '::1', 'admin', '', 'Mozilla/5.0 (Windows NT 10.0; Win64; x64) AppleWebKit/537.36 (KHTML, like Gecko) Chrome/113.0.0.0 Sa', '', 'admin User logged out by admin', 21),
(875, '2023-05-06 11:24:00', 'Admin', '::1', 'admin', '', 'Mozilla/5.0 (Windows NT 10.0; Win64; x64) AppleWebKit/537.36 (KHTML, like Gecko) Chrome/113.0.0.0 Sa', '', 'admin User logged in by admin', 21),
(876, '2023-05-08 14:03:08', 'Admin', '::1', 'admin', '', 'Mozilla/5.0 (Windows NT 10.0; Win64; x64) AppleWebKit/537.36 (KHTML, like Gecko) Chrome/113.0.0.0 Sa', '', 'admin User logged in by admin', 21),
(877, '2023-05-08 14:12:13', 'Admin', '::1', 'admin', '', 'Mozilla/5.0 (Windows NT 10.0; Win64; x64) AppleWebKit/537.36 (KHTML, like Gecko) Chrome/113.0.0.0 Sa', '', 'admin User logged out by admin', 21),
(878, '2023-05-08 14:12:15', 'Admin', '::1', 'admin', '', 'Mozilla/5.0 (Windows NT 10.0; Win64; x64) AppleWebKit/537.36 (KHTML, like Gecko) Chrome/113.0.0.0 Sa', '', 'admin User logged in by admin', 21),
(879, '2023-05-08 14:12:42', 'Admin', '::1', 'admin', '', 'Mozilla/5.0 (Windows NT 10.0; Win64; x64) AppleWebKit/537.36 (KHTML, like Gecko) Chrome/113.0.0.0 Sa', '', 'admin User logged out by admin', 21),
(880, '2023-05-08 14:12:58', 'Admin', '::1', 'admin', '', 'Mozilla/5.0 (Windows NT 10.0; Win64; x64) AppleWebKit/537.36 (KHTML, like Gecko) Chrome/113.0.0.0 Sa', '', 'admin User logged in by admin', 21),
(881, '2023-05-08 14:13:12', 'Admin', '::1', 'admin', '', 'Mozilla/5.0 (Windows NT 10.0; Win64; x64) AppleWebKit/537.36 (KHTML, like Gecko) Chrome/113.0.0.0 Sa', '', 'admin User logged out by admin', 21),
(882, '2023-05-08 14:13:13', 'Admin', '::1', 'admin', '', 'Mozilla/5.0 (Windows NT 10.0; Win64; x64) AppleWebKit/537.36 (KHTML, like Gecko) Chrome/113.0.0.0 Sa', '', 'admin User logged in by admin', 21),
(883, '2023-05-08 14:14:44', 'Admin', '::1', 'admin', '', 'Mozilla/5.0 (Windows NT 10.0; Win64; x64) AppleWebKit/537.36 (KHTML, like Gecko) Chrome/113.0.0.0 Sa', '', 'admin User logged out by admin', 21),
(884, '2023-05-08 14:16:06', 'Admin', '::1', 'admin', '', 'Mozilla/5.0 (Windows NT 10.0; Win64; x64) AppleWebKit/537.36 (KHTML, like Gecko) Chrome/113.0.0.0 Sa', '', 'admin User logged in by admin', 21),
(885, '2023-05-08 14:17:50', 'Admin', '::1', 'admin', '', 'Mozilla/5.0 (Windows NT 10.0; Win64; x64) AppleWebKit/537.36 (KHTML, like Gecko) Chrome/113.0.0.0 Sa', '', 'admin User logged out by admin', 21),
(886, '2023-05-08 14:17:52', 'Admin', '::1', 'admin', '', 'Mozilla/5.0 (Windows NT 10.0; Win64; x64) AppleWebKit/537.36 (KHTML, like Gecko) Chrome/113.0.0.0 Sa', '', 'admin User logged in by admin', 21),
(887, '2023-05-08 19:44:34', 'trans', '::1', 'admin', '', 'Mozilla/5.0 (Windows NT 10.0; Win64; x64) AppleWebKit/537.36 (KHTML, like Gecko) Chrome/113.0.0.0 Sa', '', 'invoice no S37 Sale transaction created by admin', 21),
(888, '2023-05-08 19:47:03', 'trans', '::1', 'admin', '', 'Mozilla/5.0 (Windows NT 10.0; Win64; x64) AppleWebKit/537.36 (KHTML, like Gecko) Chrome/113.0.0.0 Sa', '', 'invoice no S38 Sale transaction created by admin', 21),
(889, '2023-05-08 19:47:30', 'trans', '::1', 'admin', '', 'Mozilla/5.0 (Windows NT 10.0; Win64; x64) AppleWebKit/537.36 (KHTML, like Gecko) Chrome/113.0.0.0 Sa', '', 'invoice no S38 Sale transaction created by admin', 21),
(890, '2023-05-08 20:07:58', 'POS', '::1', 'admin', '', 'Mozilla/5.0 (Windows NT 10.0; Win64; x64) AppleWebKit/537.36 (KHTML, like Gecko) Chrome/113.0.0.0 Sa', '', 'asdfa Qty(0) Product Added by admin', 21),
(891, '2023-05-08 20:08:08', 'POS', '::1', 'admin', '', 'Mozilla/5.0 (Windows NT 10.0; Win64; x64) AppleWebKit/537.36 (KHTML, like Gecko) Chrome/113.0.0.0 Sa', '', 'asdfa ID(2) Product Updated by admin', 21),
(892, '2023-05-18 15:14:48', 'Admin', '::1', 'admin', '', 'Mozilla/5.0 (Windows NT 10.0; Win64; x64) AppleWebKit/537.36 (KHTML, like Gecko) Chrome/113.0.0.0 Sa', '', 'admin User logged in by admin', 21),
(893, '2023-05-21 06:54:33', 'Admin', '::1', 'admin', '', 'Mozilla/5.0 (Windows NT 10.0; Win64; x64) AppleWebKit/537.36 (KHTML, like Gecko) Chrome/113.0.0.0 Sa', '', 'admin User logged in by admin', 21),
(894, '2023-05-21 11:57:17', 'POS', '::1', 'admin', '', 'Mozilla/5.0 (Windows NT 10.0; Win64; x64) AppleWebKit/537.36 (KHTML, like Gecko) Chrome/113.0.0.0 Sa', '', 'Samsung S21 Ultra Qty(0) Product Added by admin', 21),
(895, '2023-05-21 12:14:12', 'Accounts', '::1', 'admin', '', 'Mozilla/5.0 (Windows NT 10.0; Win64; x64) AppleWebKit/537.36 (KHTML, like Gecko) Chrome/113.0.0.0 Sa', '', ' Fiscal year retrieved by admin', 21),
(896, '2023-05-21 13:26:01', 'Accounts', '::1', 'admin', '', 'Mozilla/5.0 (Windows NT 10.0; Win64; x64) AppleWebKit/537.36 (KHTML, like Gecko) Chrome/113.0.0.0 Sa', '', ' Fiscal year retrieved by admin', 21),
(897, '2023-05-21 13:27:40', 'Accounts', '::1', 'admin', '', 'Mozilla/5.0 (Windows NT 10.0; Win64; x64) AppleWebKit/537.36 (KHTML, like Gecko) Chrome/113.0.0.0 Sa', '', ' Fiscal year retrieved by admin', 21),
(898, '2023-05-21 08:49:06', 'Admin', '::1', 'admin', '', 'Mozilla/5.0 (Windows NT 10.0; Win64; x64) AppleWebKit/537.36 (KHTML, like Gecko) Chrome/113.0.0.0 Sa', '', 'admin User logged out by admin', 21),
(899, '2023-05-21 08:51:53', 'Admin', '::1', 'admin', '', 'Mozilla/5.0 (Windows NT 10.0; Win64; x64) AppleWebKit/537.36 (KHTML, like Gecko) Chrome/113.0.0.0 Sa', '', 'admin User logged in by admin', 21),
(900, '2023-05-21 13:51:59', 'Accounts', '::1', 'admin', '', 'Mozilla/5.0 (Windows NT 10.0; Win64; x64) AppleWebKit/537.36 (KHTML, like Gecko) Chrome/113.0.0.0 Sa', '', ' Balance Sheet Retrieved by admin', 21),
(901, '2023-05-21 13:52:05', 'Accounts', '::1', 'admin', '', 'Mozilla/5.0 (Windows NT 10.0; Win64; x64) AppleWebKit/537.36 (KHTML, like Gecko) Chrome/113.0.0.0 Sa', '', ' Balance Sheet Retrieved by admin', 21),
(902, '2023-05-21 14:20:24', 'Accounts', '::1', 'admin', '', 'Mozilla/5.0 (Windows NT 10.0; Win64; x64) AppleWebKit/537.36 (KHTML, like Gecko) Chrome/113.0.0.0 Sa', '', ' Fiscal year retrieved by admin', 21),
(903, '2023-05-21 14:20:46', 'Accounts', '::1', 'admin', '', 'Mozilla/5.0 (Windows NT 10.0; Win64; x64) AppleWebKit/537.36 (KHTML, like Gecko) Chrome/113.0.0.0 Sa', '', ' Fiscal year retrieved by admin', 21),
(904, '2023-05-21 14:26:31', 'Accounts', '::1', 'admin', '', 'Mozilla/5.0 (Windows NT 10.0; Win64; x64) AppleWebKit/537.36 (KHTML, like Gecko) Chrome/113.0.0.0 Sa', '', ' Fiscal year retrieved by admin', 21),
(905, '2023-05-21 14:26:41', 'Accounts', '::1', 'admin', '', 'Mozilla/5.0 (Windows NT 10.0; Win64; x64) AppleWebKit/537.36 (KHTML, like Gecko) Chrome/113.0.0.0 Sa', '', ' Fiscal year retrieved by admin', 21),
(906, '2023-05-21 14:28:58', 'Accounts', '::1', 'admin', '', 'Mozilla/5.0 (Windows NT 10.0; Win64; x64) AppleWebKit/537.36 (KHTML, like Gecko) Chrome/113.0.0.0 Sa', '', ' Fiscal year retrieved by admin', 21),
(907, '2023-05-21 14:29:20', 'Accounts', '::1', 'admin', '', 'Mozilla/5.0 (Windows NT 10.0; Win64; x64) AppleWebKit/537.36 (KHTML, like Gecko) Chrome/113.0.0.0 Sa', '', ' Fiscal year retrieved by admin', 21),
(908, '2023-05-21 14:32:58', 'Accounts', '::1', 'admin', '', 'Mozilla/5.0 (Windows NT 10.0; Win64; x64) AppleWebKit/537.36 (KHTML, like Gecko) Chrome/113.0.0.0 Sa', '', ' Fiscal year retrieved by admin', 21),
(909, '2023-05-21 14:33:07', 'Accounts', '::1', 'admin', '', 'Mozilla/5.0 (Windows NT 10.0; Win64; x64) AppleWebKit/537.36 (KHTML, like Gecko) Chrome/113.0.0.0 Sa', '', 'Fiscal Year 2021 fyear updated by admin', 21),
(910, '2023-05-21 14:33:08', 'Accounts', '::1', 'admin', '', 'Mozilla/5.0 (Windows NT 10.0; Win64; x64) AppleWebKit/537.36 (KHTML, like Gecko) Chrome/113.0.0.0 Sa', '', ' Fiscal year retrieved by admin', 21),
(911, '2023-05-21 11:29:27', 'Admin', '::1', 'admin', '', 'Mozilla/5.0 (Windows NT 10.0; Win64; x64) AppleWebKit/537.36 (KHTML, like Gecko) Chrome/113.0.0.0 Sa', '', 'admin User logged out by admin', 21),
(912, '2023-05-21 11:29:40', 'Admin', '::1', 'admin', '', 'Mozilla/5.0 (Windows NT 10.0; Win64; x64) AppleWebKit/537.36 (KHTML, like Gecko) Chrome/113.0.0.0 Sa', '', 'admin User logged in by admin', 21),
(913, '2023-05-21 11:29:48', 'Admin', '::1', 'admin', '', 'Mozilla/5.0 (Windows NT 10.0; Win64; x64) AppleWebKit/537.36 (KHTML, like Gecko) Chrome/113.0.0.0 Sa', '', 'admin User logged out by admin', 21),
(914, '2023-05-21 11:34:46', 'Admin', '::1', 'admin', '', 'Mozilla/5.0 (Windows NT 10.0; Win64; x64) AppleWebKit/537.36 (KHTML, like Gecko) Chrome/113.0.0.0 Sa', '', 'admin User logged in by admin', 21),
(915, '2023-05-22 13:48:09', 'Admin', '::1', 'admin', '', 'Mozilla/5.0 (Windows NT 10.0; Win64; x64) AppleWebKit/537.36 (KHTML, like Gecko) Chrome/113.0.0.0 Sa', '', 'admin User logged in by admin', 21),
(916, '2023-05-22 18:57:01', 'Accounts', '::1', 'admin', '', 'Mozilla/5.0 (Windows NT 10.0; Win64; x64) AppleWebKit/537.36 (KHTML, like Gecko) Chrome/113.0.0.0 Sa', '', ' Fiscal year retrieved by admin', 21),
(917, '2023-05-22 18:57:03', 'Accounts', '::1', 'admin', '', 'Mozilla/5.0 (Windows NT 10.0; Win64; x64) AppleWebKit/537.36 (KHTML, like Gecko) Chrome/113.0.0.0 Sa', '', ' Fiscal year retrieved by admin', 21),
(918, '2023-05-22 18:57:06', 'Accounts', '::1', 'admin', '', 'Mozilla/5.0 (Windows NT 10.0; Win64; x64) AppleWebKit/537.36 (KHTML, like Gecko) Chrome/113.0.0.0 Sa', '', ' Fiscal year retrieved by admin', 21),
(919, '2023-05-22 18:57:14', 'Accounts', '::1', 'admin', '', 'Mozilla/5.0 (Windows NT 10.0; Win64; x64) AppleWebKit/537.36 (KHTML, like Gecko) Chrome/113.0.0.0 Sa', '', ' Fiscal year retrieved by admin', 21),
(920, '2023-05-22 18:57:59', 'Accounts', '::1', 'admin', '', 'Mozilla/5.0 (Windows NT 10.0; Win64; x64) AppleWebKit/537.36 (KHTML, like Gecko) Chrome/113.0.0.0 Sa', '', ' Trail Balance Report Retrieved by admin', 21),
(921, '2023-05-22 19:03:16', 'Accounts', '::1', 'admin', '', 'Mozilla/5.0 (Windows NT 10.0; Win64; x64) AppleWebKit/537.36 (KHTML, like Gecko) Chrome/113.0.0.0 Sa', '', ' Trail Balance Report Retrieved by admin', 21),
(922, '2023-05-22 19:05:52', 'Accounts', '::1', 'admin', '', 'Mozilla/5.0 (Windows NT 10.0; Win64; x64) AppleWebKit/537.36 (KHTML, like Gecko) Chrome/113.0.0.0 Sa', '', ' Trail Balance Report Retrieved by admin', 21),
(923, '2023-05-22 19:05:55', 'Accounts', '::1', 'admin', '', 'Mozilla/5.0 (Windows NT 10.0; Win64; x64) AppleWebKit/537.36 (KHTML, like Gecko) Chrome/113.0.0.0 Sa', '', ' Trail Balance Report Retrieved by admin', 21),
(924, '2023-05-22 19:06:04', 'Accounts', '::1', 'admin', '', 'Mozilla/5.0 (Windows NT 10.0; Win64; x64) AppleWebKit/537.36 (KHTML, like Gecko) Chrome/113.0.0.0 Sa', '', ' Trail Balance Report Retrieved by admin', 21),
(925, '2023-05-22 19:06:36', 'Accounts', '::1', 'admin', '', 'Mozilla/5.0 (Windows NT 10.0; Win64; x64) AppleWebKit/537.36 (KHTML, like Gecko) Chrome/113.0.0.0 Sa', '', ' Trail Balance Report Retrieved by admin', 21),
(926, '2023-05-22 19:07:38', 'Accounts', '::1', 'admin', '', 'Mozilla/5.0 (Windows NT 10.0; Win64; x64) AppleWebKit/537.36 (KHTML, like Gecko) Chrome/113.0.0.0 Sa', '', ' Trail Balance Report Retrieved by admin', 21),
(927, '2023-05-22 19:07:50', 'Accounts', '::1', 'admin', '', 'Mozilla/5.0 (Windows NT 10.0; Win64; x64) AppleWebKit/537.36 (KHTML, like Gecko) Chrome/113.0.0.0 Sa', '', ' Trail Balance Report Retrieved by admin', 21),
(928, '2023-05-22 19:31:57', 'Accounts', '::1', 'admin', '', 'Mozilla/5.0 (Windows NT 10.0; Win64; x64) AppleWebKit/537.36 (KHTML, like Gecko) Chrome/113.0.0.0 Sa', '', ' Trail Balance Report Retrieved by admin', 21),
(929, '2023-05-22 19:37:58', 'Accounts', '::1', 'admin', '', 'Mozilla/5.0 (Windows NT 10.0; Win64; x64) AppleWebKit/537.36 (KHTML, like Gecko) Chrome/113.0.0.0 Sa', '', ' Trail Balance Report Retrieved by admin', 21),
(930, '2023-05-22 19:38:40', 'Accounts', '::1', 'admin', '', 'Mozilla/5.0 (Windows NT 10.0; Win64; x64) AppleWebKit/537.36 (KHTML, like Gecko) Chrome/113.0.0.0 Sa', '', ' Trail Balance Report Retrieved by admin', 21),
(931, '2023-05-22 19:38:59', 'Accounts', '::1', 'admin', '', 'Mozilla/5.0 (Windows NT 10.0; Win64; x64) AppleWebKit/537.36 (KHTML, like Gecko) Chrome/113.0.0.0 Sa', '', ' Trail Balance Report Retrieved by admin', 21),
(932, '2023-05-22 19:43:28', 'Accounts', '::1', 'admin', '', 'Mozilla/5.0 (Windows NT 10.0; Win64; x64) AppleWebKit/537.36 (KHTML, like Gecko) Chrome/113.0.0.0 Sa', '', ' Trail Balance Report Retrieved by admin', 21),
(933, '2023-05-22 19:43:36', 'Accounts', '::1', 'admin', '', 'Mozilla/5.0 (Windows NT 10.0; Win64; x64) AppleWebKit/537.36 (KHTML, like Gecko) Chrome/113.0.0.0 Sa', '', ' Trail Balance Report Retrieved by admin', 21),
(934, '2023-05-22 19:43:46', 'Accounts', '::1', 'admin', '', 'Mozilla/5.0 (Windows NT 10.0; Win64; x64) AppleWebKit/537.36 (KHTML, like Gecko) Chrome/113.0.0.0 Sa', '', ' Trail Balance Report Retrieved by admin', 21),
(935, '2023-05-22 19:43:57', 'Accounts', '::1', 'admin', '', 'Mozilla/5.0 (Windows NT 10.0; Win64; x64) AppleWebKit/537.36 (KHTML, like Gecko) Chrome/113.0.0.0 Sa', '', ' Trail Balance Report Retrieved by admin', 21),
(936, '2023-05-22 19:44:11', 'Accounts', '::1', 'admin', '', 'Mozilla/5.0 (Windows NT 10.0; Win64; x64) AppleWebKit/537.36 (KHTML, like Gecko) Chrome/113.0.0.0 Sa', '', ' Trail Balance Report Retrieved by admin', 21),
(937, '2023-05-22 19:44:16', 'Accounts', '::1', 'admin', '', 'Mozilla/5.0 (Windows NT 10.0; Win64; x64) AppleWebKit/537.36 (KHTML, like Gecko) Chrome/113.0.0.0 Sa', '', ' Trail Balance Report Retrieved by admin', 21),
(938, '2023-05-22 19:45:38', 'Accounts', '::1', 'admin', '', 'Mozilla/5.0 (Windows NT 10.0; Win64; x64) AppleWebKit/537.36 (KHTML, like Gecko) Chrome/113.0.0.0 Sa', '', ' Trail Balance Report Retrieved by admin', 21),
(939, '2023-05-22 19:46:31', 'Accounts', '::1', 'admin', '', 'Mozilla/5.0 (Windows NT 10.0; Win64; x64) AppleWebKit/537.36 (KHTML, like Gecko) Chrome/113.0.0.0 Sa', '', ' Trail Balance Report Retrieved by admin', 21),
(940, '2023-05-22 19:47:49', 'Accounts', '::1', 'admin', '', 'Mozilla/5.0 (Windows NT 10.0; Win64; x64) AppleWebKit/537.36 (KHTML, like Gecko) Chrome/113.0.0.0 Sa', '', ' Trail Balance Report Retrieved by admin', 21),
(941, '2023-05-22 19:48:04', 'Accounts', '::1', 'admin', '', 'Mozilla/5.0 (Windows NT 10.0; Win64; x64) AppleWebKit/537.36 (KHTML, like Gecko) Chrome/113.0.0.0 Sa', '', ' Trail Balance Report Retrieved by admin', 21),
(942, '2023-05-22 19:58:57', 'Accounts', '::1', 'admin', '', 'Mozilla/5.0 (Windows NT 10.0; Win64; x64) AppleWebKit/537.36 (KHTML, like Gecko) Chrome/113.0.0.0 Sa', '', ' Trail Balance Report Retrieved by admin', 21),
(943, '2023-05-22 19:59:30', 'Accounts', '::1', 'admin', '', 'Mozilla/5.0 (Windows NT 10.0; Win64; x64) AppleWebKit/537.36 (KHTML, like Gecko) Chrome/113.0.0.0 Sa', '', ' Trail Balance Report Retrieved by admin', 21),
(944, '2023-05-22 19:59:36', 'Accounts', '::1', 'admin', '', 'Mozilla/5.0 (Windows NT 10.0; Win64; x64) AppleWebKit/537.36 (KHTML, like Gecko) Chrome/113.0.0.0 Sa', '', ' Trail Balance Report Retrieved by admin', 21),
(945, '2023-05-22 19:59:45', 'Accounts', '::1', 'admin', '', 'Mozilla/5.0 (Windows NT 10.0; Win64; x64) AppleWebKit/537.36 (KHTML, like Gecko) Chrome/113.0.0.0 Sa', '', ' Trail Balance Report Retrieved by admin', 21),
(946, '2023-05-22 20:36:13', 'Accounts', '::1', 'admin', '', 'Mozilla/5.0 (Windows NT 10.0; Win64; x64) AppleWebKit/537.36 (KHTML, like Gecko) Chrome/113.0.0.0 Sa', '', ' Trail Balance Report Retrieved by admin', 21),
(947, '2023-05-22 20:36:33', 'Accounts', '::1', 'admin', '', 'Mozilla/5.0 (Windows NT 10.0; Win64; x64) AppleWebKit/537.36 (KHTML, like Gecko) Chrome/113.0.0.0 Sa', '', ' Trail Balance Report Retrieved by admin', 21),
(948, '2023-05-22 20:36:42', 'Accounts', '::1', 'admin', '', 'Mozilla/5.0 (Windows NT 10.0; Win64; x64) AppleWebKit/537.36 (KHTML, like Gecko) Chrome/113.0.0.0 Sa', '', ' Trail Balance Report Retrieved by admin', 21),
(949, '2023-05-22 20:39:26', 'Accounts', '::1', 'admin', '', 'Mozilla/5.0 (Windows NT 10.0; Win64; x64) AppleWebKit/537.36 (KHTML, like Gecko) Chrome/113.0.0.0 Sa', '', ' Trail Balance Report Retrieved by admin', 21),
(950, '2023-05-22 20:45:38', 'Accounts', '::1', 'admin', '', 'Mozilla/5.0 (Windows NT 10.0; Win64; x64) AppleWebKit/537.36 (KHTML, like Gecko) Chrome/113.0.0.0 Sa', '', ' Balance Sheet Retrieved by admin', 21),
(951, '2023-05-22 20:45:46', 'Accounts', '::1', 'admin', '', 'Mozilla/5.0 (Windows NT 10.0; Win64; x64) AppleWebKit/537.36 (KHTML, like Gecko) Chrome/113.0.0.0 Sa', '', ' Pofit & Loss Report Retrieved by admin', 21),
(952, '2023-05-22 20:45:52', 'Accounts', '::1', 'admin', '', 'Mozilla/5.0 (Windows NT 10.0; Win64; x64) AppleWebKit/537.36 (KHTML, like Gecko) Chrome/113.0.0.0 Sa', '', ' Balance Sheet Retrieved by admin', 21),
(953, '2023-05-22 20:45:54', 'Accounts', '::1', 'admin', '', 'Mozilla/5.0 (Windows NT 10.0; Win64; x64) AppleWebKit/537.36 (KHTML, like Gecko) Chrome/113.0.0.0 Sa', '', ' Account Receivable Report Retrieved by admin', 21),
(954, '2023-05-22 20:45:57', 'Accounts', '::1', 'admin', '', 'Mozilla/5.0 (Windows NT 10.0; Win64; x64) AppleWebKit/537.36 (KHTML, like Gecko) Chrome/113.0.0.0 Sa', '', ' Account Payable Report Retrieved by admin', 21),
(955, '2023-05-22 20:46:23', 'Accounts', '::1', 'admin', '', 'Mozilla/5.0 (Windows NT 10.0; Win64; x64) AppleWebKit/537.36 (KHTML, like Gecko) Chrome/113.0.0.0 Sa', '', ' Account Payable Report Retrieved by admin', 21),
(956, '2023-05-22 20:46:26', 'Accounts', '::1', 'admin', '', 'Mozilla/5.0 (Windows NT 10.0; Win64; x64) AppleWebKit/537.36 (KHTML, like Gecko) Chrome/113.0.0.0 Sa', '', ' Account Receivable Report Retrieved by admin', 21),
(957, '2023-05-22 20:46:28', 'Accounts', '::1', 'admin', '', 'Mozilla/5.0 (Windows NT 10.0; Win64; x64) AppleWebKit/537.36 (KHTML, like Gecko) Chrome/113.0.0.0 Sa', '', ' Balance Sheet Retrieved by admin', 21);
INSERT INTO `logs` (`id`, `date`, `module`, `host_ip`, `user`, `url`, `user_agent`, `message_title`, `message_desc`, `company_id`) VALUES
(958, '2023-05-22 20:46:32', 'Accounts', '::1', 'admin', '', 'Mozilla/5.0 (Windows NT 10.0; Win64; x64) AppleWebKit/537.36 (KHTML, like Gecko) Chrome/113.0.0.0 Sa', '', ' Pofit & Loss Report Retrieved by admin', 21),
(959, '2023-05-22 20:46:34', 'Accounts', '::1', 'admin', '', 'Mozilla/5.0 (Windows NT 10.0; Win64; x64) AppleWebKit/537.36 (KHTML, like Gecko) Chrome/113.0.0.0 Sa', '', ' Trail Balance Report Retrieved by admin', 21),
(960, '2023-05-22 21:38:59', 'Accounts', '::1', 'admin', '', 'Mozilla/5.0 (Windows NT 10.0; Win64; x64) AppleWebKit/537.36 (KHTML, like Gecko) Chrome/113.0.0.0 Sa', '', ' Trail Balance Report Retrieved by admin', 21),
(961, '2023-05-22 21:45:44', 'POS', '::1', 'admin', '', 'Mozilla/5.0 (Windows NT 10.0; Win64; x64) AppleWebKit/537.36 (KHTML, like Gecko) Chrome/113.0.0.0 Sa', '', 'R26 Receivings Deleted by admin', 21),
(962, '2023-05-22 21:45:44', 'trans', '::1', 'admin', '', 'Mozilla/5.0 (Windows NT 10.0; Win64; x64) AppleWebKit/537.36 (KHTML, like Gecko) Chrome/113.0.0.0 Sa', '', 'invoice no R26 Purchase transaction created by admin', 21),
(963, '2023-05-22 21:46:07', 'POS', '::1', 'admin', '', 'Mozilla/5.0 (Windows NT 10.0; Win64; x64) AppleWebKit/537.36 (KHTML, like Gecko) Chrome/113.0.0.0 Sa', '', 'R26 Receivings Deleted by admin', 21),
(964, '2023-05-22 21:46:07', 'trans', '::1', 'admin', '', 'Mozilla/5.0 (Windows NT 10.0; Win64; x64) AppleWebKit/537.36 (KHTML, like Gecko) Chrome/113.0.0.0 Sa', '', 'invoice no R26 Purchase transaction created by admin', 21),
(965, '2023-05-22 21:50:13', 'POS', '::1', 'admin', '', 'Mozilla/5.0 (Windows NT 10.0; Win64; x64) AppleWebKit/537.36 (KHTML, like Gecko) Chrome/113.0.0.0 Sa', '', 'R26 Receivings Deleted by admin', 21),
(966, '2023-05-22 21:50:13', 'trans', '::1', 'admin', '', 'Mozilla/5.0 (Windows NT 10.0; Win64; x64) AppleWebKit/537.36 (KHTML, like Gecko) Chrome/113.0.0.0 Sa', '', 'invoice no R26 Purchase transaction created by admin', 21),
(967, '2023-05-22 21:59:21', 'POS', '::1', 'admin', '', 'Mozilla/5.0 (Windows NT 10.0; Win64; x64) AppleWebKit/537.36 (KHTML, like Gecko) Chrome/113.0.0.0 Sa', '', 'R26 Receivings Deleted by admin', 21),
(968, '2023-05-22 21:59:21', 'trans', '::1', 'admin', '', 'Mozilla/5.0 (Windows NT 10.0; Win64; x64) AppleWebKit/537.36 (KHTML, like Gecko) Chrome/113.0.0.0 Sa', '', 'invoice no R26 Purchase transaction created by admin', 21),
(969, '2023-05-23 18:34:28', 'Admin', '::1', 'admin', '', 'Mozilla/5.0 (Windows NT 10.0; Win64; x64) AppleWebKit/537.36 (KHTML, like Gecko) Chrome/113.0.0.0 Sa', '', 'admin User logged in by admin', 21),
(970, '2023-05-25 13:59:27', 'Admin', '::1', 'admin', '', 'Mozilla/5.0 (Windows NT 10.0; Win64; x64) AppleWebKit/537.36 (KHTML, like Gecko) Chrome/113.0.0.0 Sa', '', 'admin User logged in by admin', 21),
(971, '2023-05-25 13:59:30', 'Admin', '::1', 'admin', '', 'Mozilla/5.0 (Windows NT 10.0; Win64; x64) AppleWebKit/537.36 (KHTML, like Gecko) Chrome/113.0.0.0 Sa', '', 'admin User logged in by admin', 21),
(972, '2023-05-25 14:36:43', 'Admin', '::1', 'admin', '', 'Mozilla/5.0 (Windows NT 10.0; Win64; x64) AppleWebKit/537.36 (KHTML, like Gecko) Chrome/113.0.0.0 Sa', '', 'admin User logged out by admin', 21),
(973, '2023-05-25 15:20:33', 'Admin', '::1', 'admin', '', 'Mozilla/5.0 (Windows NT 10.0; Win64; x64) AppleWebKit/537.36 (KHTML, like Gecko) Chrome/113.0.0.0 Sa', '', 'admin User logged in by admin', 21),
(974, '2023-05-25 22:27:17', 'trans', '::1', 'admin', '', 'Mozilla/5.0 (Windows NT 10.0; Win64; x64) AppleWebKit/537.36 (KHTML, like Gecko) Chrome/113.0.0.0 Sa', '', 'invoice no S38 Sale transaction created by admin', 21),
(975, '2023-05-25 22:27:17', 'trans', '::1', 'admin', '', 'Mozilla/5.0 (Windows NT 10.0; Win64; x64) AppleWebKit/537.36 (KHTML, like Gecko) Chrome/113.0.0.0 Sa', '', 'invoice no S38 Sale transaction created by admin', 21),
(976, '2023-05-25 22:29:41', 'trans', '::1', 'admin', '', 'Mozilla/5.0 (Windows NT 10.0; Win64; x64) AppleWebKit/537.36 (KHTML, like Gecko) Chrome/113.0.0.0 Sa', '', 'invoice no S38 Sale transaction created by admin', 21),
(977, '2023-05-25 22:29:41', 'trans', '::1', 'admin', '', 'Mozilla/5.0 (Windows NT 10.0; Win64; x64) AppleWebKit/537.36 (KHTML, like Gecko) Chrome/113.0.0.0 Sa', '', 'invoice no S38 Sale transaction created by admin', 21),
(978, '2023-06-07 15:11:34', 'Admin', '::1', 'admin', '', 'Mozilla/5.0 (Windows NT 10.0; Win64; x64) AppleWebKit/537.36 (KHTML, like Gecko) Chrome/114.0.0.0 Sa', '', 'admin User logged in by admin', 21),
(979, '2023-06-07 20:13:35', 'trans', '::1', 'admin', '', 'Mozilla/5.0 (Windows NT 10.0; Win64; x64) AppleWebKit/537.36 (KHTML, like Gecko) Chrome/114.0.0.0 Sa', '', 'invoice no S39 Invoice transaction created by admin', 21),
(980, '2023-06-07 20:13:35', 'trans', '::1', 'admin', '', 'Mozilla/5.0 (Windows NT 10.0; Win64; x64) AppleWebKit/537.36 (KHTML, like Gecko) Chrome/114.0.0.0 Sa', '', 'invoice no S39 Invoice transaction created by admin', 21),
(981, '2023-06-17 07:42:32', 'Admin', '::1', 'admin', '', 'Mozilla/5.0 (Windows NT 10.0; Win64; x64) AppleWebKit/537.36 (KHTML, like Gecko) Chrome/114.0.0.0 Sa', '', 'admin User logged in by admin', 21),
(982, '2023-06-17 13:36:53', 'trans', '::1', 'admin', '', 'Mozilla/5.0 (Windows NT 10.0; Win64; x64) AppleWebKit/537.36 (KHTML, like Gecko) Chrome/114.0.0.0 Sa', '', 'invoice no E6 Sale transaction created by admin', 21),
(983, '2023-06-17 13:38:24', 'trans', '::1', 'admin', '', 'Mozilla/5.0 (Windows NT 10.0; Win64; x64) AppleWebKit/537.36 (KHTML, like Gecko) Chrome/114.0.0.0 Sa', '', 'invoice no E7 Sale transaction created by admin', 21),
(984, '2023-06-17 13:51:07', 'trans', '::1', 'admin', '', 'Mozilla/5.0 (Windows NT 10.0; Win64; x64) AppleWebKit/537.36 (KHTML, like Gecko) Chrome/114.0.0.0 Sa', '', 'invoice no JV30 Payment Receipt transaction created by admin', 21),
(985, '2023-06-17 09:10:21', 'Admin', '::1', 'admin', '', 'Mozilla/5.0 (Windows NT 10.0; Win64; x64) AppleWebKit/537.36 (KHTML, like Gecko) Chrome/114.0.0.0 Sa', '', 'admin User logged out by admin', 21),
(986, '2023-06-17 09:10:44', 'Admin', '::1', 'admin', '', 'Mozilla/5.0 (Windows NT 10.0; Win64; x64) AppleWebKit/537.36 (KHTML, like Gecko) Chrome/114.0.0.0 Sa', '', 'admin User logged in by admin', 21),
(987, '2023-06-17 09:10:50', 'Admin', '::1', 'admin', '', 'Mozilla/5.0 (Windows NT 10.0; Win64; x64) AppleWebKit/537.36 (KHTML, like Gecko) Chrome/114.0.0.0 Sa', '', 'admin User logged out by admin', 21),
(988, '2023-06-17 09:14:08', 'Admin', '::1', 'admin', '', 'Mozilla/5.0 (Windows NT 10.0; Win64; x64) AppleWebKit/537.36 (KHTML, like Gecko) Chrome/114.0.0.0 Sa', '', 'admin User logged in by admin', 21),
(989, '2023-06-17 12:27:47', 'Admin', '::1', 'admin', '', 'Mozilla/5.0 (Windows NT 10.0; Win64; x64) AppleWebKit/537.36 (KHTML, like Gecko) Chrome/114.0.0.0 Sa', '', 'admin User logged in by admin', 21),
(990, '2023-06-20 14:42:32', 'Admin', '::1', 'admin', '', 'Mozilla/5.0 (Windows NT 10.0; Win64; x64) AppleWebKit/537.36 (KHTML, like Gecko) Chrome/114.0.0.0 Sa', '', 'admin User logged in by admin', 21),
(991, '2023-06-20 22:54:46', 'Accounts', '::1', 'admin', '', 'Mozilla/5.0 (Windows NT 10.0; Win64; x64) AppleWebKit/537.36 (KHTML, like Gecko) Chrome/114.0.0.0 Sa', '', ' Trail Balance Report Retrieved by admin', 21),
(992, '2023-06-20 22:55:26', 'Accounts', '::1', 'admin', '', 'Mozilla/5.0 (Windows NT 10.0; Win64; x64) AppleWebKit/537.36 (KHTML, like Gecko) Chrome/114.0.0.0 Sa', '', ' Pofit & Loss Report Retrieved by admin', 21),
(993, '2023-06-20 22:55:41', 'Accounts', '::1', 'admin', '', 'Mozilla/5.0 (Windows NT 10.0; Win64; x64) AppleWebKit/537.36 (KHTML, like Gecko) Chrome/114.0.0.0 Sa', '', ' Balance Sheet Retrieved by admin', 21),
(994, '2023-06-20 22:56:19', 'Accounts', '::1', 'admin', '', 'Mozilla/5.0 (Windows NT 10.0; Win64; x64) AppleWebKit/537.36 (KHTML, like Gecko) Chrome/114.0.0.0 Sa', '', ' Account Receivable Report Retrieved by admin', 21),
(995, '2023-06-20 22:56:33', 'Accounts', '::1', 'admin', '', 'Mozilla/5.0 (Windows NT 10.0; Win64; x64) AppleWebKit/537.36 (KHTML, like Gecko) Chrome/114.0.0.0 Sa', '', ' Account Payable Report Retrieved by admin', 21),
(996, '2023-06-20 22:58:37', 'Accounts', '::1', 'admin', '', 'Mozilla/5.0 (Windows NT 10.0; Win64; x64) AppleWebKit/537.36 (KHTML, like Gecko) Chrome/114.0.0.0 Sa', '', ' Account Receivable Report Retrieved by admin', 21),
(997, '2023-06-21 00:05:36', 'Accounts', '::1', 'admin', '', 'Mozilla/5.0 (Windows NT 10.0; Win64; x64) AppleWebKit/537.36 (KHTML, like Gecko) Chrome/114.0.0.0 Sa', '', ' Account Receivable Report Retrieved by admin', 21),
(998, '2023-06-20 19:26:01', 'Admin', '::1', 'admin', '', 'Mozilla/5.0 (Windows NT 10.0; Win64; x64) AppleWebKit/537.36 (KHTML, like Gecko) Chrome/114.0.0.0 Sa', '', 'admin User logged out by admin', 21),
(999, '2023-06-21 15:32:40', 'Admin', '::1', 'admin', '', 'Mozilla/5.0 (Windows NT 10.0; Win64; x64) AppleWebKit/537.36 (KHTML, like Gecko) Chrome/114.0.0.0 Sa', '', 'admin User logged in by admin', 21),
(1000, '2023-06-21 20:35:04', 'Accounts', '::1', 'admin', '', 'Mozilla/5.0 (Windows NT 10.0; Win64; x64) AppleWebKit/537.36 (KHTML, like Gecko) Chrome/114.0.0.0 Sa', '', ' Pofit & Loss Report Retrieved by admin', 21),
(1001, '2023-06-21 20:35:08', 'Accounts', '::1', 'admin', '', 'Mozilla/5.0 (Windows NT 10.0; Win64; x64) AppleWebKit/537.36 (KHTML, like Gecko) Chrome/114.0.0.0 Sa', '', ' Pofit & Loss Report Retrieved by admin', 21),
(1002, '2023-06-21 20:42:50', 'Accounts', '::1', 'admin', '', 'Mozilla/5.0 (Windows NT 10.0; Win64; x64) AppleWebKit/537.36 (KHTML, like Gecko) Chrome/114.0.0.0 Sa', '', ' Pofit & Loss Report Retrieved by admin', 21),
(1003, '2023-06-21 16:41:01', 'Admin', '::1', 'admin', '', 'Mozilla/5.0 (Windows NT 10.0; Win64; x64) AppleWebKit/537.36 (KHTML, like Gecko) Chrome/114.0.0.0 Sa', '', 'admin User logged out by admin', 21),
(1004, '2023-06-23 14:33:28', 'Admin', '::1', 'admin', '', 'Mozilla/5.0 (Windows NT 10.0; Win64; x64) AppleWebKit/537.36 (KHTML, like Gecko) Chrome/114.0.0.0 Sa', '', 'admin User logged in by admin', 21),
(1005, '2023-06-23 19:35:29', 'POS', '::1', 'admin', '', 'Mozilla/5.0 (Windows NT 10.0; Win64; x64) AppleWebKit/537.36 (KHTML, like Gecko) Chrome/114.0.0.0 Sa', '', 'Keyboard Qty(500) Product Added by admin', 21),
(1006, '2023-06-23 19:56:48', 'POS', '::1', 'admin', '', 'Mozilla/5.0 (Windows NT 10.0; Win64; x64) AppleWebKit/537.36 (KHTML, like Gecko) Chrome/114.0.0.0 Sa', '', 'abc Qty(12) Product Added by admin', 21),
(1007, '2023-06-26 15:35:56', 'Admin', '::1', 'admin', '', 'Mozilla/5.0 (Windows NT 10.0; Win64; x64) AppleWebKit/537.36 (KHTML, like Gecko) Chrome/114.0.0.0 Sa', '', 'admin User logged in by admin', 21),
(1008, '2023-06-27 13:44:01', 'Admin', '::1', 'admin', '', 'Mozilla/5.0 (Windows NT 10.0; Win64; x64) AppleWebKit/537.36 (KHTML, like Gecko) Chrome/114.0.0.0 Sa', '', 'admin User logged in by admin', 21),
(1009, '2023-06-27 18:44:10', 'Accounts', '::1', 'admin', '', 'Mozilla/5.0 (Windows NT 10.0; Win64; x64) AppleWebKit/537.36 (KHTML, like Gecko) Chrome/114.0.0.0 Sa', '', ' Trail Balance Report Retrieved by admin', 21),
(1010, '2023-06-27 19:29:07', 'Accounts', '::1', 'admin', '', 'Mozilla/5.0 (Windows NT 10.0; Win64; x64) AppleWebKit/537.36 (KHTML, like Gecko) Chrome/114.0.0.0 Sa', '', ' Trail Balance Report Retrieved by admin', 21),
(1011, '2023-07-02 06:47:15', 'Admin', '::1', 'admin', '', 'Mozilla/5.0 (Windows NT 10.0; Win64; x64) AppleWebKit/537.36 (KHTML, like Gecko) Chrome/114.0.0.0 Sa', '', 'admin User logged in by admin', 21),
(1012, '2023-07-09 12:37:00', 'Admin', '::1', 'admin', '', 'Mozilla/5.0 (Windows NT 10.0; Win64; x64) AppleWebKit/537.36 (KHTML, like Gecko) Chrome/114.0.0.0 Sa', '', 'admin User logged in by admin', 21),
(1013, '2023-07-09 17:45:38', 'trans', '::1', 'admin', '', 'Mozilla/5.0 (Windows NT 10.0; Win64; x64) AppleWebKit/537.36 (KHTML, like Gecko) Chrome/114.0.0.0 Sa', '', 'invoice no S40 Invoice transaction created by admin', 21),
(1014, '2023-07-09 17:49:29', 'trans', '::1', 'admin', '', 'Mozilla/5.0 (Windows NT 10.0; Win64; x64) AppleWebKit/537.36 (KHTML, like Gecko) Chrome/114.0.0.0 Sa', '', 'invoice no S41 Invoice transaction created by admin', 21),
(1015, '2023-07-09 18:01:40', 'trans', '::1', 'admin', '', 'Mozilla/5.0 (Windows NT 10.0; Win64; x64) AppleWebKit/537.36 (KHTML, like Gecko) Chrome/114.0.0.0 Sa', '', 'invoice no JV31 Payment Receipt transaction created by admin', 21),
(1016, '2023-07-09 19:56:06', 'trans', '::1', 'admin', '', 'Mozilla/5.0 (Windows NT 10.0; Win64; x64) AppleWebKit/537.36 (KHTML, like Gecko) Chrome/114.0.0.0 Sa', '', 'invoice no R35 Purchase transaction created by admin', 21),
(1017, '2023-07-09 19:59:51', 'trans', '::1', 'admin', '', 'Mozilla/5.0 (Windows NT 10.0; Win64; x64) AppleWebKit/537.36 (KHTML, like Gecko) Chrome/114.0.0.0 Sa', '', 'invoice no JV32 Payment Receipt transaction created by admin', 21),
(1018, '2023-07-09 20:13:38', 'POS', '::1', 'admin', '', 'Mozilla/5.0 (Windows NT 10.0; Win64; x64) AppleWebKit/537.36 (KHTML, like Gecko) Chrome/114.0.0.0 Sa', '', 'kasbook Company Updated by admin', 21),
(1019, '2023-07-09 15:13:39', 'Admin', '::1', 'admin', '', 'Mozilla/5.0 (Windows NT 10.0; Win64; x64) AppleWebKit/537.36 (KHTML, like Gecko) Chrome/114.0.0.0 Sa', '', 'admin User logged out by admin', 21),
(1020, '2023-07-09 15:13:41', 'Admin', '::1', 'admin', '', 'Mozilla/5.0 (Windows NT 10.0; Win64; x64) AppleWebKit/537.36 (KHTML, like Gecko) Chrome/114.0.0.0 Sa', '', 'admin User logged in by admin', 21),
(1021, '2023-07-09 20:17:00', 'POS', '::1', 'admin', '', 'Mozilla/5.0 (Windows NT 10.0; Win64; x64) AppleWebKit/537.36 (KHTML, like Gecko) Chrome/114.0.0.0 Sa', '', 'kasbook Company Updated by admin', 21),
(1022, '2023-07-09 15:17:00', 'Admin', '::1', 'admin', '', 'Mozilla/5.0 (Windows NT 10.0; Win64; x64) AppleWebKit/537.36 (KHTML, like Gecko) Chrome/114.0.0.0 Sa', '', 'admin User logged out by admin', 21),
(1023, '2023-07-09 15:17:02', 'Admin', '::1', 'admin', '', 'Mozilla/5.0 (Windows NT 10.0; Win64; x64) AppleWebKit/537.36 (KHTML, like Gecko) Chrome/114.0.0.0 Sa', '', 'admin User logged in by admin', 21),
(1024, '2023-07-09 20:20:30', 'POS', '::1', 'admin', '', 'Mozilla/5.0 (Windows NT 10.0; Win64; x64) AppleWebKit/537.36 (KHTML, like Gecko) Chrome/114.0.0.0 Sa', '', 'kasbook Company Updated by admin', 21),
(1025, '2023-07-09 15:20:30', 'Admin', '::1', 'admin', '', 'Mozilla/5.0 (Windows NT 10.0; Win64; x64) AppleWebKit/537.36 (KHTML, like Gecko) Chrome/114.0.0.0 Sa', '', 'admin User logged out by admin', 21),
(1026, '2023-07-09 15:20:32', 'Admin', '::1', 'admin', '', 'Mozilla/5.0 (Windows NT 10.0; Win64; x64) AppleWebKit/537.36 (KHTML, like Gecko) Chrome/114.0.0.0 Sa', '', 'admin User logged in by admin', 21),
(1027, '2023-07-09 20:20:46', 'POS', '::1', 'admin', '', 'Mozilla/5.0 (Windows NT 10.0; Win64; x64) AppleWebKit/537.36 (KHTML, like Gecko) Chrome/114.0.0.0 Sa', '', 'kasbook Company Updated by admin', 21),
(1028, '2023-07-09 15:20:46', 'Admin', '::1', 'admin', '', 'Mozilla/5.0 (Windows NT 10.0; Win64; x64) AppleWebKit/537.36 (KHTML, like Gecko) Chrome/114.0.0.0 Sa', '', 'admin User logged out by admin', 21),
(1029, '2023-07-09 15:20:48', 'Admin', '::1', 'admin', '', 'Mozilla/5.0 (Windows NT 10.0; Win64; x64) AppleWebKit/537.36 (KHTML, like Gecko) Chrome/114.0.0.0 Sa', '', 'admin User logged in by admin', 21),
(1030, '2023-07-09 20:18:29', 'Admin', '::1', 'admin', '', 'Mozilla/5.0 (Windows NT 10.0; Win64; x64) AppleWebKit/537.36 (KHTML, like Gecko) Chrome/114.0.0.0 Sa', '', 'admin User logged in by admin', 21),
(1031, '2023-07-10 01:18:47', 'POS', '::1', 'admin', '', 'Mozilla/5.0 (Windows NT 10.0; Win64; x64) AppleWebKit/537.36 (KHTML, like Gecko) Chrome/114.0.0.0 Sa', '', 'kasbook Company Updated by admin', 21),
(1032, '2023-07-09 20:18:47', 'Admin', '::1', 'admin', '', 'Mozilla/5.0 (Windows NT 10.0; Win64; x64) AppleWebKit/537.36 (KHTML, like Gecko) Chrome/114.0.0.0 Sa', '', 'admin User logged out by admin', 21),
(1033, '2023-07-09 20:18:49', 'Admin', '::1', 'admin', '', 'Mozilla/5.0 (Windows NT 10.0; Win64; x64) AppleWebKit/537.36 (KHTML, like Gecko) Chrome/114.0.0.0 Sa', '', 'admin User logged in by admin', 21),
(1034, '2023-07-11 18:47:37', 'Admin', '::1', 'admin', '', 'Mozilla/5.0 (Windows NT 10.0; Win64; x64) AppleWebKit/537.36 (KHTML, like Gecko) Chrome/114.0.0.0 Sa', '', 'admin User logged in by admin', 21),
(1035, '2023-07-12 19:03:32', 'Admin', '::1', 'admin', '', 'Mozilla/5.0 (Windows NT 10.0; Win64; x64) AppleWebKit/537.36 (KHTML, like Gecko) Chrome/114.0.0.0 Sa', '', 'admin User logged in by admin', 21),
(1036, '2023-07-13 15:38:43', 'Admin', '::1', 'admin', '', 'Mozilla/5.0 (Windows NT 10.0; Win64; x64) AppleWebKit/537.36 (KHTML, like Gecko) Chrome/114.0.0.0 Sa', '', 'admin User logged in by admin', 21),
(1037, '2023-07-20 10:12:16', 'Admin', '::1', 'admin', '', 'Mozilla/5.0 (Windows NT 10.0; Win64; x64) AppleWebKit/537.36 (KHTML, like Gecko) Chrome/114.0.0.0 Sa', '', 'admin User logged in by admin', 21),
(1038, '2023-07-20 15:30:32', 'POS', '::1', 'admin', '', 'Mozilla/5.0 (Windows NT 10.0; Win64; x64) AppleWebKit/537.36 (KHTML, like Gecko) Chrome/114.0.0.0 Sa', '', 'Ahsan Ullah Customer Updated by admin', 21),
(1039, '2023-07-20 13:09:13', 'Admin', '::1', 'admin', '', 'Mozilla/5.0 (Windows NT 10.0; Win64; x64) AppleWebKit/537.36 (KHTML, like Gecko) Chrome/114.0.0.0 Sa', '', 'admin User logged in by admin', 21),
(1040, '2023-07-20 13:33:52', 'Admin', '::1', 'admin', '', 'Mozilla/5.0 (Windows NT 10.0; Win64; x64) AppleWebKit/537.36 (KHTML, like Gecko) Chrome/114.0.0.0 Sa', '', 'admin User logged out by admin', 21),
(1041, '2023-07-20 13:34:34', 'Admin', '::1', 'guven', '', 'Mozilla/5.0 (Windows NT 10.0; Win64; x64) AppleWebKit/537.36 (KHTML, like Gecko) Chrome/114.0.0.0 Sa', '', 'guven User logged in by guven', 23),
(1042, '2023-07-20 13:42:04', 'Admin', '::1', 'guven', '', 'Mozilla/5.0 (Windows NT 10.0; Win64; x64) AppleWebKit/537.36 (KHTML, like Gecko) Chrome/114.0.0.0 Sa', '', 'guven User logged out by guven', 23),
(1043, '2023-07-20 13:42:06', 'Admin', '::1', 'admin', '', 'Mozilla/5.0 (Windows NT 10.0; Win64; x64) AppleWebKit/537.36 (KHTML, like Gecko) Chrome/114.0.0.0 Sa', '', 'admin User logged in by admin', 21),
(1044, '2023-07-20 16:23:08', 'Admin', '::1', 'admin', '', 'Mozilla/5.0 (Windows NT 10.0; Win64; x64) AppleWebKit/537.36 (KHTML, like Gecko) Chrome/114.0.0.0 Sa', '', 'admin User logged in by admin', 21),
(1045, '2023-07-24 17:21:28', 'Admin', '::1', 'admin', '', 'Mozilla/5.0 (Windows NT 10.0; Win64; x64) AppleWebKit/537.36 (KHTML, like Gecko) Chrome/114.0.0.0 Sa', '', 'admin User logged in by admin', 21),
(1046, '2023-07-24 22:48:17', 'trans', '::1', 'admin', '', 'Mozilla/5.0 (Windows NT 10.0; Win64; x64) AppleWebKit/537.36 (KHTML, like Gecko) Chrome/114.0.0.0 Sa', '', 'invoice no INV-1 Invoice transaction created by admin', 21),
(1047, '2023-07-24 22:48:54', 'trans', '::1', 'admin', '', 'Mozilla/5.0 (Windows NT 10.0; Win64; x64) AppleWebKit/537.36 (KHTML, like Gecko) Chrome/114.0.0.0 Sa', '', 'invoice no INV-1 Invoice transaction created by admin', 21),
(1048, '2023-07-24 23:25:35', 'trans', '::1', 'admin', '', 'Mozilla/5.0 (Windows NT 10.0; Win64; x64) AppleWebKit/537.36 (KHTML, like Gecko) Chrome/114.0.0.0 Sa', '', 'invoice no INV-2 Invoice transaction created by admin', 21),
(1049, '2023-07-24 23:25:57', 'trans', '::1', 'admin', '', 'Mozilla/5.0 (Windows NT 10.0; Win64; x64) AppleWebKit/537.36 (KHTML, like Gecko) Chrome/114.0.0.0 Sa', '', 'invoice no INV-3 Invoice transaction created by admin', 21),
(1050, '2023-07-24 23:26:19', 'trans', '::1', 'admin', '', 'Mozilla/5.0 (Windows NT 10.0; Win64; x64) AppleWebKit/537.36 (KHTML, like Gecko) Chrome/114.0.0.0 Sa', '', 'invoice no S42 Sale transaction created by admin', 21),
(1051, '2023-07-24 23:27:02', 'POS', '::1', 'admin', '', 'Mozilla/5.0 (Windows NT 10.0; Win64; x64) AppleWebKit/537.36 (KHTML, like Gecko) Chrome/114.0.0.0 Sa', '', 'ihsan Ullah Customer Updated by admin', 21),
(1052, '2023-07-24 23:27:30', 'trans', '::1', 'admin', '', 'Mozilla/5.0 (Windows NT 10.0; Win64; x64) AppleWebKit/537.36 (KHTML, like Gecko) Chrome/114.0.0.0 Sa', '', 'invoice no INV-4 Invoice transaction created by admin', 21),
(1053, '2023-07-24 23:36:17', 'trans', '::1', 'admin', '', 'Mozilla/5.0 (Windows NT 10.0; Win64; x64) AppleWebKit/537.36 (KHTML, like Gecko) Chrome/114.0.0.0 Sa', '', 'invoice no INV-5 Invoice transaction created by admin', 21),
(1054, '2023-07-25 00:06:40', 'trans', '::1', 'admin', '', 'Mozilla/5.0 (Windows NT 10.0; Win64; x64) AppleWebKit/537.36 (KHTML, like Gecko) Chrome/114.0.0.0 Sa', '', 'invoice no INV-1 Invoice transaction created by admin', 21),
(1055, '2023-07-25 00:09:14', 'trans', '::1', 'admin', '', 'Mozilla/5.0 (Windows NT 10.0; Win64; x64) AppleWebKit/537.36 (KHTML, like Gecko) Chrome/114.0.0.0 Sa', '', 'invoice no INV-1 Invoice transaction created by admin', 21),
(1056, '2023-07-25 00:10:57', 'trans', '::1', 'admin', '', 'Mozilla/5.0 (Windows NT 10.0; Win64; x64) AppleWebKit/537.36 (KHTML, like Gecko) Chrome/114.0.0.0 Sa', '', 'invoice no JV33 Payment Receipt transaction created by admin', 21),
(1057, '2023-07-25 00:17:10', 'trans', '::1', 'admin', '', 'Mozilla/5.0 (Windows NT 10.0; Win64; x64) AppleWebKit/537.36 (KHTML, like Gecko) Chrome/114.0.0.0 Sa', '', 'invoice no INV-1 Invoice transaction created by admin', 21),
(1058, '2023-07-25 00:17:10', 'trans', '::1', 'admin', '', 'Mozilla/5.0 (Windows NT 10.0; Win64; x64) AppleWebKit/537.36 (KHTML, like Gecko) Chrome/114.0.0.0 Sa', '', 'invoice no INV-1 Invoice transaction created by admin', 21),
(1059, '2023-07-25 00:17:57', 'trans', '::1', 'admin', '', 'Mozilla/5.0 (Windows NT 10.0; Win64; x64) AppleWebKit/537.36 (KHTML, like Gecko) Chrome/114.0.0.0 Sa', '', 'invoice no S42 Sale transaction created by admin', 21),
(1060, '2023-07-25 00:17:57', 'trans', '::1', 'admin', '', 'Mozilla/5.0 (Windows NT 10.0; Win64; x64) AppleWebKit/537.36 (KHTML, like Gecko) Chrome/114.0.0.0 Sa', '', 'invoice no S42 Sale transaction created by admin', 21),
(1061, '2023-07-25 00:22:23', 'trans', '::1', 'admin', '', 'Mozilla/5.0 (Windows NT 10.0; Win64; x64) AppleWebKit/537.36 (KHTML, like Gecko) Chrome/114.0.0.0 Sa', '', 'invoice no JV33 Payment Receipt transaction created by admin', 21),
(1062, '2023-07-25 00:23:13', 'trans', '::1', 'admin', '', 'Mozilla/5.0 (Windows NT 10.0; Win64; x64) AppleWebKit/537.36 (KHTML, like Gecko) Chrome/114.0.0.0 Sa', '', 'invoice no INV-1 Invoice transaction created by admin', 21),
(1063, '2023-07-25 00:23:13', 'trans', '::1', 'admin', '', 'Mozilla/5.0 (Windows NT 10.0; Win64; x64) AppleWebKit/537.36 (KHTML, like Gecko) Chrome/114.0.0.0 Sa', '', 'invoice no INV-1 Invoice transaction created by admin', 21),
(1064, '2023-07-25 00:24:50', 'trans', '::1', 'admin', '', 'Mozilla/5.0 (Windows NT 10.0; Win64; x64) AppleWebKit/537.36 (KHTML, like Gecko) Chrome/114.0.0.0 Sa', '', 'invoice no JV33 Payment Receipt transaction created by admin', 21),
(1065, '2023-07-25 00:25:10', 'trans', '::1', 'admin', '', 'Mozilla/5.0 (Windows NT 10.0; Win64; x64) AppleWebKit/537.36 (KHTML, like Gecko) Chrome/114.0.0.0 Sa', '', 'invoice no INV-1 Invoice transaction created by admin', 21),
(1066, '2023-07-25 00:25:10', 'trans', '::1', 'admin', '', 'Mozilla/5.0 (Windows NT 10.0; Win64; x64) AppleWebKit/537.36 (KHTML, like Gecko) Chrome/114.0.0.0 Sa', '', 'invoice no INV-1 Invoice transaction created by admin', 21),
(1067, '2023-07-25 00:27:24', 'trans', '::1', 'admin', '', 'Mozilla/5.0 (Windows NT 10.0; Win64; x64) AppleWebKit/537.36 (KHTML, like Gecko) Chrome/114.0.0.0 Sa', '', 'invoice no JV33 Payment Receipt transaction created by admin', 21),
(1068, '2023-07-25 00:28:51', 'trans', '::1', 'admin', '', 'Mozilla/5.0 (Windows NT 10.0; Win64; x64) AppleWebKit/537.36 (KHTML, like Gecko) Chrome/114.0.0.0 Sa', '', 'invoice no INV-1 Invoice transaction created by admin', 21),
(1069, '2023-07-25 00:28:51', 'trans', '::1', 'admin', '', 'Mozilla/5.0 (Windows NT 10.0; Win64; x64) AppleWebKit/537.36 (KHTML, like Gecko) Chrome/114.0.0.0 Sa', '', 'invoice no INV-1 Invoice transaction created by admin', 21),
(1070, '2023-07-25 00:29:11', 'trans', '::1', 'admin', '', 'Mozilla/5.0 (Windows NT 10.0; Win64; x64) AppleWebKit/537.36 (KHTML, like Gecko) Chrome/114.0.0.0 Sa', '', 'invoice no INV-1 Invoice transaction created by admin', 21),
(1071, '2023-07-25 00:29:11', 'trans', '::1', 'admin', '', 'Mozilla/5.0 (Windows NT 10.0; Win64; x64) AppleWebKit/537.36 (KHTML, like Gecko) Chrome/114.0.0.0 Sa', '', 'invoice no INV-1 Invoice transaction created by admin', 21),
(1072, '2023-07-25 00:29:11', 'trans', '::1', 'admin', '', 'Mozilla/5.0 (Windows NT 10.0; Win64; x64) AppleWebKit/537.36 (KHTML, like Gecko) Chrome/114.0.0.0 Sa', '', 'invoice no INV-1 Invoice transaction created by admin', 21),
(1073, '2023-07-25 00:29:30', 'trans', '::1', 'admin', '', 'Mozilla/5.0 (Windows NT 10.0; Win64; x64) AppleWebKit/537.36 (KHTML, like Gecko) Chrome/114.0.0.0 Sa', '', 'invoice no JV33 Payment Receipt transaction created by admin', 21),
(1074, '2023-07-25 00:29:38', 'trans', '::1', 'admin', '', 'Mozilla/5.0 (Windows NT 10.0; Win64; x64) AppleWebKit/537.36 (KHTML, like Gecko) Chrome/114.0.0.0 Sa', '', 'invoice no INV-1 Invoice transaction created by admin', 21),
(1075, '2023-07-25 00:29:38', 'trans', '::1', 'admin', '', 'Mozilla/5.0 (Windows NT 10.0; Win64; x64) AppleWebKit/537.36 (KHTML, like Gecko) Chrome/114.0.0.0 Sa', '', 'invoice no INV-1 Invoice transaction created by admin', 21),
(1076, '2023-07-25 00:29:38', 'trans', '::1', 'admin', '', 'Mozilla/5.0 (Windows NT 10.0; Win64; x64) AppleWebKit/537.36 (KHTML, like Gecko) Chrome/114.0.0.0 Sa', '', 'invoice no INV-1 Invoice transaction created by admin', 21),
(1077, '2023-07-25 00:49:42', 'trans', '::1', 'admin', '', 'Mozilla/5.0 (Windows NT 10.0; Win64; x64) AppleWebKit/537.36 (KHTML, like Gecko) Chrome/114.0.0.0 Sa', '', 'invoice no INV-2 Invoice transaction created by admin', 21),
(1078, '2023-07-25 00:50:04', 'trans', '::1', 'admin', '', 'Mozilla/5.0 (Windows NT 10.0; Win64; x64) AppleWebKit/537.36 (KHTML, like Gecko) Chrome/114.0.0.0 Sa', '', 'invoice no INV-1 Invoice transaction created by admin', 21),
(1079, '2023-07-25 00:50:04', 'trans', '::1', 'admin', '', 'Mozilla/5.0 (Windows NT 10.0; Win64; x64) AppleWebKit/537.36 (KHTML, like Gecko) Chrome/114.0.0.0 Sa', '', 'invoice no INV-1 Invoice transaction created by admin', 21),
(1080, '2023-07-25 00:50:04', 'trans', '::1', 'admin', '', 'Mozilla/5.0 (Windows NT 10.0; Win64; x64) AppleWebKit/537.36 (KHTML, like Gecko) Chrome/114.0.0.0 Sa', '', 'invoice no INV-1 Invoice transaction created by admin', 21),
(1081, '2023-07-25 00:50:16', 'trans', '::1', 'admin', '', 'Mozilla/5.0 (Windows NT 10.0; Win64; x64) AppleWebKit/537.36 (KHTML, like Gecko) Chrome/114.0.0.0 Sa', '', 'invoice no INV-1 Invoice transaction created by admin', 21),
(1082, '2023-07-25 00:50:16', 'trans', '::1', 'admin', '', 'Mozilla/5.0 (Windows NT 10.0; Win64; x64) AppleWebKit/537.36 (KHTML, like Gecko) Chrome/114.0.0.0 Sa', '', 'invoice no INV-1 Invoice transaction created by admin', 21),
(1083, '2023-07-25 00:50:16', 'trans', '::1', 'admin', '', 'Mozilla/5.0 (Windows NT 10.0; Win64; x64) AppleWebKit/537.36 (KHTML, like Gecko) Chrome/114.0.0.0 Sa', '', 'invoice no INV-1 Invoice transaction created by admin', 21),
(1084, '2023-07-26 13:55:32', 'Admin', '::1', 'admin', '', 'Mozilla/5.0 (Windows NT 10.0; Win64; x64) AppleWebKit/537.36 (KHTML, like Gecko) Chrome/114.0.0.0 Sa', '', 'admin User logged in by admin', 21),
(1085, '2023-07-31 17:16:43', 'Admin', '::1', 'admin', '', 'Mozilla/5.0 (Windows NT 10.0; Win64; x64) AppleWebKit/537.36 (KHTML, like Gecko) Chrome/115.0.0.0 Sa', '', 'admin User logged in by admin', 21),
(1086, '2023-08-03 15:40:51', 'Admin', '::1', 'admin', '', 'Mozilla/5.0 (Windows NT 10.0; Win64; x64) AppleWebKit/537.36 (KHTML, like Gecko) Chrome/115.0.0.0 Sa', '', 'admin User logged in by admin', 21),
(1087, '2023-08-03 20:42:30', 'Accounts', '::1', 'admin', '', 'Mozilla/5.0 (Windows NT 10.0; Win64; x64) AppleWebKit/537.36 (KHTML, like Gecko) Chrome/115.0.0.0 Sa', '', ' Trail Balance Report Retrieved by admin', 21),
(1088, '2023-08-03 20:48:04', 'Accounts', '::1', 'admin', '', 'Mozilla/5.0 (Windows NT 10.0; Win64; x64) AppleWebKit/537.36 (KHTML, like Gecko) Chrome/115.0.0.0 Sa', '', 'invoice no JV33 Journal Entry added by admin', 21),
(1089, '2023-08-03 20:48:43', 'Accounts', '::1', 'admin', '', 'Mozilla/5.0 (Windows NT 10.0; Win64; x64) AppleWebKit/537.36 (KHTML, like Gecko) Chrome/115.0.0.0 Sa', '', 'invoice no JV34 Journal Entry added by admin', 21),
(1090, '2023-08-03 20:49:40', 'trans', '::1', 'admin', '', 'Mozilla/5.0 (Windows NT 10.0; Win64; x64) AppleWebKit/537.36 (KHTML, like Gecko) Chrome/115.0.0.0 Sa', '', 'invoice no S43 Sale transaction created by admin', 21),
(1091, '2023-08-03 18:29:15', 'Admin', '::1', 'admin', '', 'Mozilla/5.0 (Windows NT 10.0; Win64; x64) AppleWebKit/537.36 (KHTML, like Gecko) Chrome/115.0.0.0 Sa', '', 'admin User logged in by admin', 21),
(1092, '2023-08-03 23:29:29', 'admin', '::1', 'admin', '', 'Mozilla/5.0 (Windows NT 10.0; Win64; x64) AppleWebKit/537.36 (KHTML, like Gecko) Chrome/115.0.0.0 Sa', '', 'username admin, Full Namedemo User updated by admin', 21),
(1093, '2023-08-04 14:03:32', 'Admin', '::1', 'admin', '', 'Mozilla/5.0 (Windows NT 10.0; Win64; x64) AppleWebKit/537.36 (KHTML, like Gecko) Chrome/115.0.0.0 Sa', '', 'admin User logged in by admin', 21),
(1094, '2023-08-04 17:49:32', 'Admin', '::1', 'admin', '', 'Mozilla/5.0 (Windows NT 10.0; Win64; x64) AppleWebKit/537.36 (KHTML, like Gecko) Chrome/115.0.0.0 Sa', '', 'admin User logged in by admin', 21),
(1095, '2023-08-07 17:42:52', 'Admin', '::1', 'admin', '', 'Mozilla/5.0 (Windows NT 10.0; Win64; x64) AppleWebKit/537.36 (KHTML, like Gecko) Chrome/115.0.0.0 Sa', '', 'admin User logged in by admin', 21),
(1096, '2023-08-09 17:04:23', 'Admin', '::1', 'admin', '', 'Mozilla/5.0 (Windows NT 10.0; Win64; x64) AppleWebKit/537.36 (KHTML, like Gecko) Chrome/115.0.0.0 Sa', '', 'admin User logged in by admin', 21),
(1097, '2023-08-09 17:05:40', 'Admin', '::1', 'admin', '', 'Mozilla/5.0 (Windows NT 10.0; Win64; x64) AppleWebKit/537.36 (KHTML, like Gecko) Chrome/115.0.0.0 Sa', '', 'admin User logged in by admin', 21),
(1098, '2023-08-12 09:54:08', 'Admin', '::1', 'admin', '', 'Mozilla/5.0 (Windows NT 10.0; Win64; x64) AppleWebKit/537.36 (KHTML, like Gecko) Chrome/115.0.0.0 Sa', '', 'admin User logged in by admin', 21),
(1099, '2023-08-15 14:50:28', 'Admin', '::1', 'admin', '', 'Mozilla/5.0 (Windows NT 10.0; Win64; x64) AppleWebKit/537.36 (KHTML, like Gecko) Chrome/115.0.0.0 Sa', '', 'admin User logged in by admin', 21),
(1100, '2023-08-16 14:55:50', 'Admin', '::1', 'admin', '', 'Mozilla/5.0 (Windows NT 10.0; Win64; x64) AppleWebKit/537.36 (KHTML, like Gecko) Chrome/115.0.0.0 Sa', '', 'admin User logged in by admin', 21),
(1101, '2023-08-17 14:18:23', 'Admin', '::1', 'admin', '', 'Mozilla/5.0 (Windows NT 10.0; Win64; x64) AppleWebKit/537.36 (KHTML, like Gecko) Chrome/115.0.0.0 Sa', '', 'admin User logged in by admin', 21),
(1102, '2023-08-17 14:38:11', 'Admin', '::1', 'admin', '', 'Mozilla/5.0 (Windows NT 10.0; Win64; x64) AppleWebKit/537.36 (KHTML, like Gecko) Chrome/115.0.0.0 Sa', '', 'admin User logged in by admin', 21),
(1103, '2023-08-17 22:03:14', 'Banking', '::1', 'admin', '', 'Mozilla/5.0 (Windows NT 10.0; Win64; x64) AppleWebKit/537.36 (KHTML, like Gecko) Chrome/115.0.0.0 Sa', '', 'invoice no JV35 Accept bank transaction created by admin', 21),
(1104, '2023-08-18 18:16:39', 'Admin', '::1', 'admin', '', 'Mozilla/5.0 (Windows NT 10.0; Win64; x64) AppleWebKit/537.36 (KHTML, like Gecko) Chrome/115.0.0.0 Sa', '', 'admin User logged in by admin', 21),
(1105, '2023-08-23 14:48:15', 'Admin', '::1', 'admin', '', 'Mozilla/5.0 (Windows NT 10.0; Win64; x64) AppleWebKit/537.36 (KHTML, like Gecko) Chrome/115.0.0.0 Sa', '', 'admin User logged in by admin', 21),
(1106, '2023-08-23 20:27:37', 'Banking', '::1', 'admin', '', 'Mozilla/5.0 (Windows NT 10.0; Win64; x64) AppleWebKit/537.36 (KHTML, like Gecko) Chrome/115.0.0.0 Sa', '', 'invoice no JV36 Accept bank transaction created by admin', 21),
(1107, '2023-08-23 22:52:15', 'Banking', '::1', 'admin', '', 'Mozilla/5.0 (Windows NT 10.0; Win64; x64) AppleWebKit/537.36 (KHTML, like Gecko) Chrome/115.0.0.0 Sa', '', 'invoice no JV37 Accept bank transaction created by admin', 21),
(1108, '2023-08-23 22:54:17', 'Banking', '::1', 'admin', '', 'Mozilla/5.0 (Windows NT 10.0; Win64; x64) AppleWebKit/537.36 (KHTML, like Gecko) Chrome/115.0.0.0 Sa', '', 'invoice no JV38 Accept bank transaction created by admin', 21),
(1109, '2023-08-23 22:56:02', 'Banking', '::1', 'admin', '', 'Mozilla/5.0 (Windows NT 10.0; Win64; x64) AppleWebKit/537.36 (KHTML, like Gecko) Chrome/115.0.0.0 Sa', '', 'invoice no JV39 Accept bank transaction created by admin', 21),
(1110, '2023-08-23 23:00:22', 'Banking', '::1', 'admin', '', 'Mozilla/5.0 (Windows NT 10.0; Win64; x64) AppleWebKit/537.36 (KHTML, like Gecko) Chrome/115.0.0.0 Sa', '', 'invoice no JV40 Accept bank transaction created by admin', 21),
(1111, '2023-08-24 13:27:01', 'Admin', '::1', 'admin', '', 'Mozilla/5.0 (Windows NT 10.0; Win64; x64) AppleWebKit/537.36 (KHTML, like Gecko) Chrome/116.0.0.0 Sa', '', 'admin User logged in by admin', 21),
(1112, '2023-08-25 16:45:24', 'Admin', '::1', 'admin', '', 'Mozilla/5.0 (Windows NT 10.0; Win64; x64) AppleWebKit/537.36 (KHTML, like Gecko) Chrome/116.0.0.0 Sa', '', 'admin User logged in by admin', 21),
(1113, '2023-09-10 10:04:56', 'Admin', '::1', 'admin', '', 'Mozilla/5.0 (Windows NT 10.0; Win64; x64) AppleWebKit/537.36 (KHTML, like Gecko) Chrome/116.0.0.0 Sa', '', 'admin User logged in by admin', 21),
(1114, '2023-09-12 15:37:58', 'Admin', '::1', 'admin', '', 'Mozilla/5.0 (Windows NT 10.0; Win64; x64) AppleWebKit/537.36 (KHTML, like Gecko) Chrome/116.0.0.0 Sa', '', 'admin User logged in by admin', 21),
(1115, '2023-09-12 20:38:07', 'Accounts', '::1', 'admin', '', 'Mozilla/5.0 (Windows NT 10.0; Win64; x64) AppleWebKit/537.36 (KHTML, like Gecko) Chrome/116.0.0.0 Sa', '', ' Pofit & Loss Report Retrieved by admin', 21),
(1116, '2023-09-14 13:23:57', 'Admin', '::1', 'admin', '', 'Mozilla/5.0 (Windows NT 10.0; Win64; x64) AppleWebKit/537.36 (KHTML, like Gecko) Chrome/116.0.0.0 Sa', '', 'admin User logged in by admin', 21),
(1117, '2023-09-14 21:26:13', 'Accounts', '::1', 'admin', '', 'Mozilla/5.0 (Windows NT 10.0; Win64; x64) AppleWebKit/537.36 (KHTML, like Gecko) Chrome/116.0.0.0 Sa', '', ' Pofit & Loss Report Retrieved by admin', 21),
(1118, '2023-09-18 16:34:04', 'Admin', '::1', 'admin', '', 'Mozilla/5.0 (Windows NT 10.0; Win64; x64) AppleWebKit/537.36 (KHTML, like Gecko) Chrome/116.0.0.0 Sa', '', 'admin User logged in by admin', 21),
(1119, '2023-09-18 21:34:12', 'Accounts', '::1', 'admin', '', 'Mozilla/5.0 (Windows NT 10.0; Win64; x64) AppleWebKit/537.36 (KHTML, like Gecko) Chrome/116.0.0.0 Sa', '', ' Pofit & Loss Report Retrieved by admin', 21),
(1120, '2023-09-18 21:48:25', 'Accounts', '::1', 'admin', '', 'Mozilla/5.0 (Windows NT 10.0; Win64; x64) AppleWebKit/537.36 (KHTML, like Gecko) Chrome/116.0.0.0 Sa', '', ' Pofit & Loss Report Retrieved by admin', 21),
(1121, '2023-09-18 21:48:32', 'Accounts', '::1', 'admin', '', 'Mozilla/5.0 (Windows NT 10.0; Win64; x64) AppleWebKit/537.36 (KHTML, like Gecko) Chrome/116.0.0.0 Sa', '', ' Pofit & Loss Report Retrieved by admin', 21),
(1122, '2023-09-18 21:48:39', 'Accounts', '::1', 'admin', '', 'Mozilla/5.0 (Windows NT 10.0; Win64; x64) AppleWebKit/537.36 (KHTML, like Gecko) Chrome/116.0.0.0 Sa', '', ' Pofit & Loss Report Retrieved by admin', 21),
(1123, '2023-09-18 21:48:46', 'Accounts', '::1', 'admin', '', 'Mozilla/5.0 (Windows NT 10.0; Win64; x64) AppleWebKit/537.36 (KHTML, like Gecko) Chrome/116.0.0.0 Sa', '', ' Pofit & Loss Report Retrieved by admin', 21),
(1124, '2023-09-18 22:02:51', 'Accounts', '::1', 'admin', '', 'Mozilla/5.0 (Windows NT 10.0; Win64; x64) AppleWebKit/537.36 (KHTML, like Gecko) Chrome/116.0.0.0 Sa', '', ' Pofit & Loss Report Retrieved by admin', 21),
(1125, '2023-09-18 22:02:54', 'Accounts', '::1', 'admin', '', 'Mozilla/5.0 (Windows NT 10.0; Win64; x64) AppleWebKit/537.36 (KHTML, like Gecko) Chrome/116.0.0.0 Sa', '', ' Pofit & Loss Report Retrieved by admin', 21),
(1126, '2023-09-18 22:02:57', 'Accounts', '::1', 'admin', '', 'Mozilla/5.0 (Windows NT 10.0; Win64; x64) AppleWebKit/537.36 (KHTML, like Gecko) Chrome/116.0.0.0 Sa', '', ' Pofit & Loss Report Retrieved by admin', 21),
(1127, '2023-09-18 22:05:14', 'Accounts', '::1', 'admin', '', 'Mozilla/5.0 (Windows NT 10.0; Win64; x64) AppleWebKit/537.36 (KHTML, like Gecko) Chrome/116.0.0.0 Sa', '', ' Pofit & Loss Report Retrieved by admin', 21),
(1128, '2023-09-18 22:05:37', 'Accounts', '::1', 'admin', '', 'Mozilla/5.0 (Windows NT 10.0; Win64; x64) AppleWebKit/537.36 (KHTML, like Gecko) Chrome/116.0.0.0 Sa', '', ' Pofit & Loss Report Retrieved by admin', 21),
(1129, '2023-09-18 22:06:15', 'Accounts', '::1', 'admin', '', 'Mozilla/5.0 (Windows NT 10.0; Win64; x64) AppleWebKit/537.36 (KHTML, like Gecko) Chrome/116.0.0.0 Sa', '', ' Pofit & Loss Report Retrieved by admin', 21),
(1130, '2023-09-18 22:06:24', 'Accounts', '::1', 'admin', '', 'Mozilla/5.0 (Windows NT 10.0; Win64; x64) AppleWebKit/537.36 (KHTML, like Gecko) Chrome/116.0.0.0 Sa', '', ' Pofit & Loss Report Retrieved by admin', 21),
(1131, '2023-09-18 22:10:20', 'Accounts', '::1', 'admin', '', 'Mozilla/5.0 (Windows NT 10.0; Win64; x64) AppleWebKit/537.36 (KHTML, like Gecko) Chrome/116.0.0.0 Sa', '', ' Pofit & Loss Report Retrieved by admin', 21),
(1132, '2023-09-18 22:10:55', 'Accounts', '::1', 'admin', '', 'Mozilla/5.0 (Windows NT 10.0; Win64; x64) AppleWebKit/537.36 (KHTML, like Gecko) Chrome/116.0.0.0 Sa', '', ' Pofit & Loss Report Retrieved by admin', 21),
(1133, '2023-09-18 22:11:12', 'Accounts', '::1', 'admin', '', 'Mozilla/5.0 (Windows NT 10.0; Win64; x64) AppleWebKit/537.36 (KHTML, like Gecko) Chrome/116.0.0.0 Sa', '', ' Pofit & Loss Report Retrieved by admin', 21),
(1134, '2023-09-18 22:11:21', 'Accounts', '::1', 'admin', '', 'Mozilla/5.0 (Windows NT 10.0; Win64; x64) AppleWebKit/537.36 (KHTML, like Gecko) Chrome/116.0.0.0 Sa', '', ' Pofit & Loss Report Retrieved by admin', 21),
(1135, '2023-09-18 22:11:22', 'Accounts', '::1', 'admin', '', 'Mozilla/5.0 (Windows NT 10.0; Win64; x64) AppleWebKit/537.36 (KHTML, like Gecko) Chrome/116.0.0.0 Sa', '', ' Pofit & Loss Report Retrieved by admin', 21),
(1136, '2023-09-18 22:12:09', 'Accounts', '::1', 'admin', '', 'Mozilla/5.0 (Windows NT 10.0; Win64; x64) AppleWebKit/537.36 (KHTML, like Gecko) Chrome/116.0.0.0 Sa', '', ' Pofit & Loss Report Retrieved by admin', 21),
(1137, '2023-09-18 22:50:46', 'Accounts', '::1', 'admin', '', 'Mozilla/5.0 (Windows NT 10.0; Win64; x64) AppleWebKit/537.36 (KHTML, like Gecko) Chrome/116.0.0.0 Sa', '', ' Pofit & Loss Report Retrieved by admin', 21),
(1138, '2023-09-18 23:23:49', 'Accounts', '::1', 'admin', '', 'Mozilla/5.0 (Windows NT 10.0; Win64; x64) AppleWebKit/537.36 (KHTML, like Gecko) Chrome/116.0.0.0 Sa', '', ' Pofit & Loss Report Retrieved by admin', 21),
(1139, '2023-09-18 23:27:46', 'Accounts', '::1', 'admin', '', 'Mozilla/5.0 (Windows NT 10.0; Win64; x64) AppleWebKit/537.36 (KHTML, like Gecko) Chrome/116.0.0.0 Sa', '', ' Pofit & Loss Report Retrieved by admin', 21),
(1140, '2023-09-18 23:27:56', 'Accounts', '::1', 'admin', '', 'Mozilla/5.0 (Windows NT 10.0; Win64; x64) AppleWebKit/537.36 (KHTML, like Gecko) Chrome/116.0.0.0 Sa', '', ' Pofit & Loss Report Retrieved by admin', 21),
(1141, '2023-09-18 23:28:21', 'Accounts', '::1', 'admin', '', 'Mozilla/5.0 (Windows NT 10.0; Win64; x64) AppleWebKit/537.36 (KHTML, like Gecko) Chrome/116.0.0.0 Sa', '', ' Pofit & Loss Report Retrieved by admin', 21),
(1142, '2023-09-18 23:28:39', 'Accounts', '::1', 'admin', '', 'Mozilla/5.0 (Windows NT 10.0; Win64; x64) AppleWebKit/537.36 (KHTML, like Gecko) Chrome/116.0.0.0 Sa', '', ' Pofit & Loss Report Retrieved by admin', 21),
(1143, '2023-09-18 23:32:26', 'Accounts', '::1', 'admin', '', 'Mozilla/5.0 (Windows NT 10.0; Win64; x64) AppleWebKit/537.36 (KHTML, like Gecko) Chrome/116.0.0.0 Sa', '', ' Pofit & Loss Report Retrieved by admin', 21),
(1144, '2023-09-18 23:35:02', 'Accounts', '::1', 'admin', '', 'Mozilla/5.0 (Windows NT 10.0; Win64; x64) AppleWebKit/537.36 (KHTML, like Gecko) Chrome/116.0.0.0 Sa', '', ' Pofit & Loss Report Retrieved by admin', 21),
(1145, '2023-09-18 23:37:35', 'Accounts', '::1', 'admin', '', 'Mozilla/5.0 (Windows NT 10.0; Win64; x64) AppleWebKit/537.36 (KHTML, like Gecko) Chrome/116.0.0.0 Sa', '', ' Pofit & Loss Report Retrieved by admin', 21),
(1146, '2023-09-18 23:37:40', 'Accounts', '::1', 'admin', '', 'Mozilla/5.0 (Windows NT 10.0; Win64; x64) AppleWebKit/537.36 (KHTML, like Gecko) Chrome/116.0.0.0 Sa', '', ' Pofit & Loss Report Retrieved by admin', 21),
(1147, '2023-09-18 23:37:46', 'Accounts', '::1', 'admin', '', 'Mozilla/5.0 (Windows NT 10.0; Win64; x64) AppleWebKit/537.36 (KHTML, like Gecko) Chrome/116.0.0.0 Sa', '', ' Pofit & Loss Report Retrieved by admin', 21),
(1148, '2023-09-18 23:37:55', 'Accounts', '::1', 'admin', '', 'Mozilla/5.0 (Windows NT 10.0; Win64; x64) AppleWebKit/537.36 (KHTML, like Gecko) Chrome/116.0.0.0 Sa', '', ' Pofit & Loss Report Retrieved by admin', 21),
(1149, '2023-09-18 23:44:55', 'Accounts', '::1', 'admin', '', 'Mozilla/5.0 (Windows NT 10.0; Win64; x64) AppleWebKit/537.36 (KHTML, like Gecko) Chrome/116.0.0.0 Sa', '', ' Pofit & Loss Report Retrieved by admin', 21),
(1150, '2023-09-18 23:45:00', 'Accounts', '::1', 'admin', '', 'Mozilla/5.0 (Windows NT 10.0; Win64; x64) AppleWebKit/537.36 (KHTML, like Gecko) Chrome/116.0.0.0 Sa', '', ' Pofit & Loss Report Retrieved by admin', 21),
(1151, '2023-09-18 23:48:49', 'Accounts', '::1', 'admin', '', 'Mozilla/5.0 (Windows NT 10.0; Win64; x64) AppleWebKit/537.36 (KHTML, like Gecko) Chrome/116.0.0.0 Sa', '', ' Pofit & Loss Report Retrieved by admin', 21),
(1152, '2023-09-18 23:48:55', 'Accounts', '::1', 'admin', '', 'Mozilla/5.0 (Windows NT 10.0; Win64; x64) AppleWebKit/537.36 (KHTML, like Gecko) Chrome/116.0.0.0 Sa', '', ' Pofit & Loss Report Retrieved by admin', 21),
(1153, '2023-09-18 23:49:18', 'Accounts', '::1', 'admin', '', 'Mozilla/5.0 (Windows NT 10.0; Win64; x64) AppleWebKit/537.36 (KHTML, like Gecko) Chrome/116.0.0.0 Sa', '', ' Pofit & Loss Report Retrieved by admin', 21),
(1154, '2023-09-19 19:13:08', 'Admin', '::1', 'admin', '', 'Mozilla/5.0 (Windows NT 10.0; Win64; x64) AppleWebKit/537.36 (KHTML, like Gecko) Chrome/116.0.0.0 Sa', '', 'admin User logged in by admin', 21),
(1155, '2023-09-20 00:13:14', 'Accounts', '::1', 'admin', '', 'Mozilla/5.0 (Windows NT 10.0; Win64; x64) AppleWebKit/537.36 (KHTML, like Gecko) Chrome/116.0.0.0 Sa', '', ' Pofit & Loss Report Retrieved by admin', 21),
(1156, '2023-09-20 00:13:22', 'Accounts', '::1', 'admin', '', 'Mozilla/5.0 (Windows NT 10.0; Win64; x64) AppleWebKit/537.36 (KHTML, like Gecko) Chrome/116.0.0.0 Sa', '', ' Pofit & Loss Report Retrieved by admin', 21),
(1157, '2023-09-20 14:04:50', 'Admin', '::1', 'admin', '', 'Mozilla/5.0 (Windows NT 10.0; Win64; x64) AppleWebKit/537.36 (KHTML, like Gecko) Chrome/116.0.0.0 Sa', '', 'admin User logged in by admin', 21),
(1158, '2023-09-20 19:06:05', 'Accounts', '::1', 'admin', '', 'Mozilla/5.0 (Windows NT 10.0; Win64; x64) AppleWebKit/537.36 (KHTML, like Gecko) Chrome/116.0.0.0 Sa', '', ' Pofit & Loss Report Retrieved by admin', 21),
(1159, '2023-09-20 19:09:59', 'Accounts', '::1', 'admin', '', 'Mozilla/5.0 (Windows NT 10.0; Win64; x64) AppleWebKit/537.36 (KHTML, like Gecko) Chrome/116.0.0.0 Sa', '', ' Pofit & Loss Report Retrieved by admin', 21),
(1160, '2023-09-20 19:10:06', 'Accounts', '::1', 'admin', '', 'Mozilla/5.0 (Windows NT 10.0; Win64; x64) AppleWebKit/537.36 (KHTML, like Gecko) Chrome/116.0.0.0 Sa', '', ' Pofit & Loss Report Retrieved by admin', 21),
(1161, '2023-09-20 19:11:58', 'Accounts', '::1', 'admin', '', 'Mozilla/5.0 (Windows NT 10.0; Win64; x64) AppleWebKit/537.36 (KHTML, like Gecko) Chrome/116.0.0.0 Sa', '', ' Pofit & Loss Report Retrieved by admin', 21),
(1162, '2023-09-20 19:13:03', 'Accounts', '::1', 'admin', '', 'Mozilla/5.0 (Windows NT 10.0; Win64; x64) AppleWebKit/537.36 (KHTML, like Gecko) Chrome/116.0.0.0 Sa', '', ' Pofit & Loss Report Retrieved by admin', 21),
(1163, '2023-09-20 19:16:04', 'Accounts', '::1', 'admin', '', 'Mozilla/5.0 (Windows NT 10.0; Win64; x64) AppleWebKit/537.36 (KHTML, like Gecko) Chrome/116.0.0.0 Sa', '', ' Pofit & Loss Report Retrieved by admin', 21),
(1164, '2023-09-20 19:19:34', 'Accounts', '::1', 'admin', '', 'Mozilla/5.0 (Windows NT 10.0; Win64; x64) AppleWebKit/537.36 (KHTML, like Gecko) Chrome/116.0.0.0 Sa', '', ' Pofit & Loss Report Retrieved by admin', 21),
(1165, '2023-09-20 19:20:25', 'Accounts', '::1', 'admin', '', 'Mozilla/5.0 (Windows NT 10.0; Win64; x64) AppleWebKit/537.36 (KHTML, like Gecko) Chrome/116.0.0.0 Sa', '', ' Pofit & Loss Report Retrieved by admin', 21),
(1166, '2023-09-20 19:20:44', 'Accounts', '::1', 'admin', '', 'Mozilla/5.0 (Windows NT 10.0; Win64; x64) AppleWebKit/537.36 (KHTML, like Gecko) Chrome/116.0.0.0 Sa', '', ' Pofit & Loss Report Retrieved by admin', 21),
(1167, '2023-09-20 19:21:27', 'Accounts', '::1', 'admin', '', 'Mozilla/5.0 (Windows NT 10.0; Win64; x64) AppleWebKit/537.36 (KHTML, like Gecko) Chrome/116.0.0.0 Sa', '', ' Pofit & Loss Report Retrieved by admin', 21),
(1168, '2023-09-20 19:21:58', 'Accounts', '::1', 'admin', '', 'Mozilla/5.0 (Windows NT 10.0; Win64; x64) AppleWebKit/537.36 (KHTML, like Gecko) Chrome/116.0.0.0 Sa', '', ' Pofit & Loss Report Retrieved by admin', 21),
(1169, '2023-09-20 19:22:58', 'Accounts', '::1', 'admin', '', 'Mozilla/5.0 (Windows NT 10.0; Win64; x64) AppleWebKit/537.36 (KHTML, like Gecko) Chrome/116.0.0.0 Sa', '', ' Pofit & Loss Report Retrieved by admin', 21),
(1170, '2023-09-20 19:30:53', 'Accounts', '::1', 'admin', '', 'Mozilla/5.0 (Windows NT 10.0; Win64; x64) AppleWebKit/537.36 (KHTML, like Gecko) Chrome/116.0.0.0 Sa', '', ' Pofit & Loss Report Retrieved by admin', 21),
(1171, '2023-09-20 19:31:28', 'Accounts', '::1', 'admin', '', 'Mozilla/5.0 (Windows NT 10.0; Win64; x64) AppleWebKit/537.36 (KHTML, like Gecko) Chrome/116.0.0.0 Sa', '', ' Pofit & Loss Report Retrieved by admin', 21),
(1172, '2023-09-20 19:40:02', 'Accounts', '::1', 'admin', '', 'Mozilla/5.0 (Windows NT 10.0; Win64; x64) AppleWebKit/537.36 (KHTML, like Gecko) Chrome/116.0.0.0 Sa', '', ' Pofit & Loss Report Retrieved by admin', 21),
(1173, '2023-09-20 19:47:28', 'Accounts', '::1', 'admin', '', 'Mozilla/5.0 (Windows NT 10.0; Win64; x64) AppleWebKit/537.36 (KHTML, like Gecko) Chrome/116.0.0.0 Sa', '', ' Pofit & Loss Report Retrieved by admin', 21),
(1174, '2023-09-20 19:51:43', 'Accounts', '::1', 'admin', '', 'Mozilla/5.0 (Windows NT 10.0; Win64; x64) AppleWebKit/537.36 (KHTML, like Gecko) Chrome/116.0.0.0 Sa', '', ' Pofit & Loss Report Retrieved by admin', 21),
(1175, '2023-09-20 19:52:14', 'Accounts', '::1', 'admin', '', 'Mozilla/5.0 (Windows NT 10.0; Win64; x64) AppleWebKit/537.36 (KHTML, like Gecko) Chrome/116.0.0.0 Sa', '', ' Pofit & Loss Report Retrieved by admin', 21),
(1176, '2023-09-20 19:52:39', 'Accounts', '::1', 'admin', '', 'Mozilla/5.0 (Windows NT 10.0; Win64; x64) AppleWebKit/537.36 (KHTML, like Gecko) Chrome/116.0.0.0 Sa', '', ' Pofit & Loss Report Retrieved by admin', 21),
(1177, '2023-09-20 20:34:11', 'Accounts', '::1', 'admin', '', 'Mozilla/5.0 (Windows NT 10.0; Win64; x64) AppleWebKit/537.36 (KHTML, like Gecko) Chrome/116.0.0.0 Sa', '', ' Pofit & Loss Report Retrieved by admin', 21),
(1178, '2023-09-20 20:43:36', 'Accounts', '::1', 'admin', '', 'Mozilla/5.0 (Windows NT 10.0; Win64; x64) AppleWebKit/537.36 (KHTML, like Gecko) Chrome/116.0.0.0 Sa', '', ' Pofit & Loss Report Retrieved by admin', 21),
(1179, '2023-09-20 21:32:19', 'Accounts', '::1', 'admin', '', 'Mozilla/5.0 (Windows NT 10.0; Win64; x64) AppleWebKit/537.36 (KHTML, like Gecko) Chrome/116.0.0.0 Sa', '', ' Pofit & Loss Report Retrieved by admin', 21),
(1180, '2023-10-01 08:43:53', 'Admin', '::1', 'admin', '', 'Mozilla/5.0 (Windows NT 10.0; Win64; x64) AppleWebKit/537.36 (KHTML, like Gecko) Chrome/117.0.0.0 Sa', '', 'admin User logged in by admin', 21),
(1181, '2023-10-01 13:44:09', 'Accounts', '::1', 'admin', '', 'Mozilla/5.0 (Windows NT 10.0; Win64; x64) AppleWebKit/537.36 (KHTML, like Gecko) Chrome/117.0.0.0 Sa', '', ' Fiscal year retrieved by admin', 21),
(1182, '2023-10-02 14:00:56', 'Admin', '::1', 'admin', '', 'Mozilla/5.0 (Windows NT 10.0; Win64; x64) AppleWebKit/537.36 (KHTML, like Gecko) Chrome/117.0.0.0 Sa', '', 'admin User logged in by admin', 21),
(1183, '2023-10-04 14:38:06', 'Admin', '::1', 'admin', '', 'Mozilla/5.0 (Windows NT 10.0; Win64; x64) AppleWebKit/537.36 (KHTML, like Gecko) Chrome/117.0.0.0 Sa', '', 'admin User logged in by admin', 21),
(1184, '2023-10-04 19:38:13', 'Accounts', '::1', 'admin', '', 'Mozilla/5.0 (Windows NT 10.0; Win64; x64) AppleWebKit/537.36 (KHTML, like Gecko) Chrome/117.0.0.0 Sa', '', ' Fiscal year retrieved by admin', 21),
(1185, '2023-10-04 19:38:41', 'Accounts', '::1', 'admin', '', 'Mozilla/5.0 (Windows NT 10.0; Win64; x64) AppleWebKit/537.36 (KHTML, like Gecko) Chrome/117.0.0.0 Sa', '', 'Fiscal Year 2023 fyear added by admin', 21),
(1186, '2023-10-04 19:38:41', 'Accounts', '::1', 'admin', '', 'Mozilla/5.0 (Windows NT 10.0; Win64; x64) AppleWebKit/537.36 (KHTML, like Gecko) Chrome/117.0.0.0 Sa', '', ' Fiscal year retrieved by admin', 21),
(1187, '2023-10-04 19:39:11', 'Accounts', '::1', 'admin', '', 'Mozilla/5.0 (Windows NT 10.0; Win64; x64) AppleWebKit/537.36 (KHTML, like Gecko) Chrome/117.0.0.0 Sa', '', 'Fiscal Year id 22 fyear activated by admin', 21),
(1188, '2023-10-04 19:39:11', 'Accounts', '::1', 'admin', '', 'Mozilla/5.0 (Windows NT 10.0; Win64; x64) AppleWebKit/537.36 (KHTML, like Gecko) Chrome/117.0.0.0 Sa', '', ' Fiscal year retrieved by admin', 21),
(1189, '2023-10-04 19:42:33', 'Accounts', '::1', 'admin', '', 'Mozilla/5.0 (Windows NT 10.0; Win64; x64) AppleWebKit/537.36 (KHTML, like Gecko) Chrome/117.0.0.0 Sa', '', ' Fiscal year retrieved by admin', 21);
INSERT INTO `logs` (`id`, `date`, `module`, `host_ip`, `user`, `url`, `user_agent`, `message_title`, `message_desc`, `company_id`) VALUES
(1190, '2023-10-04 19:42:37', 'Accounts', '::1', 'admin', '', 'Mozilla/5.0 (Windows NT 10.0; Win64; x64) AppleWebKit/537.36 (KHTML, like Gecko) Chrome/117.0.0.0 Sa', '', 'Fiscal Year id 13 fyear activated by admin', 21),
(1191, '2023-10-04 19:42:38', 'Accounts', '::1', 'admin', '', 'Mozilla/5.0 (Windows NT 10.0; Win64; x64) AppleWebKit/537.36 (KHTML, like Gecko) Chrome/117.0.0.0 Sa', '', ' Fiscal year retrieved by admin', 21),
(1192, '2023-10-08 13:48:00', 'Admin', '::1', 'admin', '', 'Mozilla/5.0 (Windows NT 10.0; Win64; x64) AppleWebKit/537.36 (KHTML, like Gecko) Chrome/117.0.0.0 Sa', '', 'admin User logged in by admin', 21),
(1193, '2023-10-08 13:49:40', 'Admin', '::1', 'admin', '', 'Mozilla/5.0 (Windows NT 10.0; Win64; x64) AppleWebKit/537.36 (KHTML, like Gecko) Chrome/117.0.0.0 Sa', '', 'admin User logged out by admin', 21),
(1194, '2023-10-08 13:51:30', 'Admin', '::1', 'babakheel', '', 'Mozilla/5.0 (Windows NT 10.0; Win64; x64) AppleWebKit/537.36 (KHTML, like Gecko) Chrome/117.0.0.0 Sa', '', 'babakheel User logged in by babakheel', 28),
(1195, '2023-10-08 13:51:42', 'Admin', '::1', 'babakheel', '', 'Mozilla/5.0 (Windows NT 10.0; Win64; x64) AppleWebKit/537.36 (KHTML, like Gecko) Chrome/117.0.0.0 Sa', '', 'babakheel User logged out by babakheel', 28),
(1196, '2023-10-08 13:51:44', 'Admin', '::1', 'babakheel', '', 'Mozilla/5.0 (Windows NT 10.0; Win64; x64) AppleWebKit/537.36 (KHTML, like Gecko) Chrome/117.0.0.0 Sa', '', 'babakheel User logged in by babakheel', 28),
(1197, '2023-10-08 16:53:19', 'POS', '::1', 'babakheel', '', 'Mozilla/5.0 (Windows NT 10.0; Win64; x64) AppleWebKit/537.36 (KHTML, like Gecko) Chrome/117.0.0.0 Sa', '', 'Rafi & Company Supplier Added by babakheel', 28),
(1198, '2023-10-08 16:55:02', 'trans', '::1', 'babakheel', '', 'Mozilla/5.0 (Windows NT 10.0; Win64; x64) AppleWebKit/537.36 (KHTML, like Gecko) Chrome/117.0.0.0 Sa', '', 'invoice no R1 Purchase transaction created by babakheel', 28),
(1199, '2023-10-08 16:56:05', 'trans', '::1', 'babakheel', '', 'Mozilla/5.0 (Windows NT 10.0; Win64; x64) AppleWebKit/537.36 (KHTML, like Gecko) Chrome/117.0.0.0 Sa', '', 'invoice no R2 Purchase transaction created by babakheel', 28),
(1200, '2023-10-08 17:02:50', 'Accounts', '::1', 'babakheel', '', 'Mozilla/5.0 (Windows NT 10.0; Win64; x64) AppleWebKit/537.36 (KHTML, like Gecko) Chrome/117.0.0.0 Sa', '', ' Account Payable Report Retrieved by babakheel', 28),
(1201, '2023-10-08 17:03:05', 'Accounts', '::1', 'babakheel', '', 'Mozilla/5.0 (Windows NT 10.0; Win64; x64) AppleWebKit/537.36 (KHTML, like Gecko) Chrome/117.0.0.0 Sa', '', ' Pofit & Loss Report Retrieved by babakheel', 28),
(1202, '2023-10-08 17:18:54', 'POS', '::1', 'babakheel', '', 'Mozilla/5.0 (Windows NT 10.0; Win64; x64) AppleWebKit/537.36 (KHTML, like Gecko) Chrome/117.0.0.0 Sa', '', 'Rice Sela Kainat Qty(0) Product Added by babakheel', 28),
(1203, '2023-10-08 17:19:18', 'POS', '::1', 'babakheel', '', 'Mozilla/5.0 (Windows NT 10.0; Win64; x64) AppleWebKit/537.36 (KHTML, like Gecko) Chrome/117.0.0.0 Sa', '', 'Sugar Qty(0) Product Added by babakheel', 28),
(1204, '2023-10-08 17:21:27', 'Accounts', '::1', 'babakheel', '', 'Mozilla/5.0 (Windows NT 10.0; Win64; x64) AppleWebKit/537.36 (KHTML, like Gecko) Chrome/117.0.0.0 Sa', '', ' Pofit & Loss Report Retrieved by babakheel', 28),
(1205, '2023-10-08 17:22:13', 'POS', '::1', 'babakheel', '', 'Mozilla/5.0 (Windows NT 10.0; Win64; x64) AppleWebKit/537.36 (KHTML, like Gecko) Chrome/117.0.0.0 Sa', '', 'Kashif  Customer Added by babakheel', 28),
(1206, '2023-10-08 17:22:46', 'trans', '::1', 'babakheel', '', 'Mozilla/5.0 (Windows NT 10.0; Win64; x64) AppleWebKit/537.36 (KHTML, like Gecko) Chrome/117.0.0.0 Sa', '', 'invoice no S1 Sale transaction created by babakheel', 28),
(1207, '2023-10-08 17:33:44', 'Accounts', '::1', 'babakheel', '', 'Mozilla/5.0 (Windows NT 10.0; Win64; x64) AppleWebKit/537.36 (KHTML, like Gecko) Chrome/117.0.0.0 Sa', '', ' Pofit & Loss Report Retrieved by babakheel', 28),
(1208, '2023-10-09 13:44:21', 'Admin', '::1', 'babakheel', '', 'Mozilla/5.0 (Windows NT 10.0; Win64; x64) AppleWebKit/537.36 (KHTML, like Gecko) Chrome/117.0.0.0 Sa', '', 'babakheel User logged in by babakheel', 28),
(1209, '2023-10-09 13:44:27', 'Admin', '::1', 'babakheel', '', 'Mozilla/5.0 (Windows NT 10.0; Win64; x64) AppleWebKit/537.36 (KHTML, like Gecko) Chrome/117.0.0.0 Sa', '', 'babakheel User logged out by babakheel', 28),
(1210, '2023-10-09 13:44:31', 'Admin', '::1', 'admin', '', 'Mozilla/5.0 (Windows NT 10.0; Win64; x64) AppleWebKit/537.36 (KHTML, like Gecko) Chrome/117.0.0.0 Sa', '', 'admin User logged in by admin', 21),
(1211, '2023-10-09 18:48:57', 'Accounts', '::1', 'admin', '', 'Mozilla/5.0 (Windows NT 10.0; Win64; x64) AppleWebKit/537.36 (KHTML, like Gecko) Chrome/117.0.0.0 Sa', '', ' Pofit & Loss Report Retrieved by admin', 21),
(1212, '2023-10-09 18:49:01', 'Accounts', '::1', 'admin', '', 'Mozilla/5.0 (Windows NT 10.0; Win64; x64) AppleWebKit/537.36 (KHTML, like Gecko) Chrome/117.0.0.0 Sa', '', ' Trail Balance Report Retrieved by admin', 21),
(1213, '2023-10-09 17:33:44', 'Admin', '::1', 'admin', '', 'Mozilla/5.0 (Windows NT 10.0; Win64; x64) AppleWebKit/537.36 (KHTML, like Gecko) Chrome/117.0.0.0 Sa', '', 'admin User logged in by admin', 21),
(1214, '2023-10-10 15:33:36', 'Admin', '::1', 'admin', '', 'Mozilla/5.0 (Windows NT 10.0; Win64; x64) AppleWebKit/537.36 (KHTML, like Gecko) Chrome/117.0.0.0 Sa', '', 'admin User logged in by admin', 21),
(1215, '2023-10-10 20:37:53', 'trans', '::1', 'admin', '', 'Mozilla/5.0 (Windows NT 10.0; Win64; x64) AppleWebKit/537.36 (KHTML, like Gecko) Chrome/117.0.0.0 Sa', '', 'invoice no S44 Sale transaction created by admin', 21),
(1216, '2023-10-10 20:38:24', 'Accounts', '::1', 'admin', '', 'Mozilla/5.0 (Windows NT 10.0; Win64; x64) AppleWebKit/537.36 (KHTML, like Gecko) Chrome/117.0.0.0 Sa', '', ' Pofit & Loss Report Retrieved by admin', 21),
(1217, '2023-10-10 20:38:39', 'Accounts', '::1', 'admin', '', 'Mozilla/5.0 (Windows NT 10.0; Win64; x64) AppleWebKit/537.36 (KHTML, like Gecko) Chrome/117.0.0.0 Sa', '', ' Pofit & Loss Report Retrieved by admin', 21),
(1218, '2023-10-10 20:39:05', 'Accounts', '::1', 'admin', '', 'Mozilla/5.0 (Windows NT 10.0; Win64; x64) AppleWebKit/537.36 (KHTML, like Gecko) Chrome/117.0.0.0 Sa', '', ' Pofit & Loss Report Retrieved by admin', 21),
(1219, '2023-10-10 20:39:36', 'trans', '::1', 'admin', '', 'Mozilla/5.0 (Windows NT 10.0; Win64; x64) AppleWebKit/537.36 (KHTML, like Gecko) Chrome/117.0.0.0 Sa', '', 'invoice no R36 Purchase transaction created by admin', 21),
(1220, '2023-10-10 20:39:58', 'trans', '::1', 'admin', '', 'Mozilla/5.0 (Windows NT 10.0; Win64; x64) AppleWebKit/537.36 (KHTML, like Gecko) Chrome/117.0.0.0 Sa', '', 'invoice no R37 Purchase transaction created by admin', 21),
(1221, '2023-10-10 20:40:03', 'Accounts', '::1', 'admin', '', 'Mozilla/5.0 (Windows NT 10.0; Win64; x64) AppleWebKit/537.36 (KHTML, like Gecko) Chrome/117.0.0.0 Sa', '', ' Pofit & Loss Report Retrieved by admin', 21),
(1222, '2023-10-10 20:40:07', 'Accounts', '::1', 'admin', '', 'Mozilla/5.0 (Windows NT 10.0; Win64; x64) AppleWebKit/537.36 (KHTML, like Gecko) Chrome/117.0.0.0 Sa', '', ' Pofit & Loss Report Retrieved by admin', 21),
(1223, '2023-10-10 20:40:52', 'Accounts', '::1', 'admin', '', 'Mozilla/5.0 (Windows NT 10.0; Win64; x64) AppleWebKit/537.36 (KHTML, like Gecko) Chrome/117.0.0.0 Sa', '', ' Pofit & Loss Report Retrieved by admin', 21),
(1224, '2023-10-11 15:25:17', 'Admin', '::1', 'admin', '', 'Mozilla/5.0 (Windows NT 10.0; Win64; x64) AppleWebKit/537.36 (KHTML, like Gecko) Chrome/117.0.0.0 Sa', '', 'admin User logged in by admin', 21),
(1225, '2023-10-11 20:26:10', 'trans', '::1', 'admin', '', 'Mozilla/5.0 (Windows NT 10.0; Win64; x64) AppleWebKit/537.36 (KHTML, like Gecko) Chrome/117.0.0.0 Sa', '', 'invoice no S45 Sale transaction created by admin', 21),
(1226, '2023-10-11 20:26:13', 'Accounts', '::1', 'admin', '', 'Mozilla/5.0 (Windows NT 10.0; Win64; x64) AppleWebKit/537.36 (KHTML, like Gecko) Chrome/117.0.0.0 Sa', '', ' Pofit & Loss Report Retrieved by admin', 21),
(1227, '2023-10-11 20:26:17', 'Accounts', '::1', 'admin', '', 'Mozilla/5.0 (Windows NT 10.0; Win64; x64) AppleWebKit/537.36 (KHTML, like Gecko) Chrome/117.0.0.0 Sa', '', ' Pofit & Loss Report Retrieved by admin', 21),
(1228, '2023-10-11 16:11:03', 'Admin', '::1', 'admin', '', 'Mozilla/5.0 (Windows NT 10.0; Win64; x64) AppleWebKit/537.36 (KHTML, like Gecko) Chrome/117.0.0.0 Sa', '', 'admin User logged out by admin', 21),
(1229, '2023-10-11 16:11:11', 'Admin', '::1', 'babakheel', '', 'Mozilla/5.0 (Windows NT 10.0; Win64; x64) AppleWebKit/537.36 (KHTML, like Gecko) Chrome/117.0.0.0 Sa', '', 'babakheel User logged in by babakheel', 28),
(1230, '2023-10-11 16:31:11', 'Admin', '::1', 'babakheel', '', 'Mozilla/5.0 (Windows NT 10.0; Win64; x64) AppleWebKit/537.36 (KHTML, like Gecko) Chrome/117.0.0.0 Sa', '', 'babakheel User logged out by babakheel', 28),
(1231, '2023-10-11 16:31:13', 'Admin', '::1', 'babakheel', '', 'Mozilla/5.0 (Windows NT 10.0; Win64; x64) AppleWebKit/537.36 (KHTML, like Gecko) Chrome/117.0.0.0 Sa', '', 'babakheel User logged in by babakheel', 28),
(1232, '2023-10-11 16:32:11', 'Admin', '::1', 'babakheel', '', 'Mozilla/5.0 (Windows NT 10.0; Win64; x64) AppleWebKit/537.36 (KHTML, like Gecko) Chrome/117.0.0.0 Sa', '', 'babakheel User logged out by babakheel', 28),
(1233, '2023-10-11 16:32:15', 'Admin', '::1', 'admin', '', 'Mozilla/5.0 (Windows NT 10.0; Win64; x64) AppleWebKit/537.36 (KHTML, like Gecko) Chrome/117.0.0.0 Sa', '', 'admin User logged in by admin', 21),
(1234, '2023-10-11 16:32:46', 'Admin', '::1', 'admin', '', 'Mozilla/5.0 (Windows NT 10.0; Win64; x64) AppleWebKit/537.36 (KHTML, like Gecko) Chrome/117.0.0.0 Sa', '', 'admin User logged out by admin', 21),
(1235, '2023-10-11 16:32:50', 'Admin', '::1', 'babakheel', '', 'Mozilla/5.0 (Windows NT 10.0; Win64; x64) AppleWebKit/537.36 (KHTML, like Gecko) Chrome/117.0.0.0 Sa', '', 'babakheel User logged in by babakheel', 28),
(1236, '2023-10-11 16:54:50', 'Admin', '::1', 'babakheel', '', 'Mozilla/5.0 (Windows NT 10.0; Win64; x64) AppleWebKit/537.36 (KHTML, like Gecko) Chrome/117.0.0.0 Sa', '', 'babakheel User logged out by babakheel', 28),
(1237, '2023-10-11 16:54:54', 'Admin', '::1', 'admin', '', 'Mozilla/5.0 (Windows NT 10.0; Win64; x64) AppleWebKit/537.36 (KHTML, like Gecko) Chrome/117.0.0.0 Sa', '', 'admin User logged in by admin', 21),
(1238, '2023-10-11 17:24:21', 'Admin', '::1', 'admin', '', 'Mozilla/5.0 (Windows NT 10.0; Win64; x64) AppleWebKit/537.36 (KHTML, like Gecko) Chrome/117.0.0.0 Sa', '', 'admin User logged out by admin', 21),
(1239, '2023-10-11 17:24:28', 'Admin', '::1', 'babakheel', '', 'Mozilla/5.0 (Windows NT 10.0; Win64; x64) AppleWebKit/537.36 (KHTML, like Gecko) Chrome/117.0.0.0 Sa', '', 'babakheel User logged in by babakheel', 28),
(1240, '2023-10-11 17:32:21', 'Admin', '::1', 'babakheel', '', 'Mozilla/5.0 (Windows NT 10.0; Win64; x64) AppleWebKit/537.36 (KHTML, like Gecko) Chrome/117.0.0.0 Sa', '', 'babakheel User logged out by babakheel', 28),
(1241, '2023-10-11 17:32:23', 'Admin', '::1', 'babakheel', '', 'Mozilla/5.0 (Windows NT 10.0; Win64; x64) AppleWebKit/537.36 (KHTML, like Gecko) Chrome/117.0.0.0 Sa', '', 'babakheel User logged in by babakheel', 28),
(1242, '2023-10-11 17:33:54', 'Admin', '::1', 'babakheel', '', 'Mozilla/5.0 (Windows NT 10.0; Win64; x64) AppleWebKit/537.36 (KHTML, like Gecko) Chrome/117.0.0.0 Sa', '', 'babakheel User logged out by babakheel', 28),
(1243, '2023-10-11 17:33:58', 'Admin', '::1', 'admin', '', 'Mozilla/5.0 (Windows NT 10.0; Win64; x64) AppleWebKit/537.36 (KHTML, like Gecko) Chrome/117.0.0.0 Sa', '', 'admin User logged in by admin', 21),
(1244, '2023-10-12 14:54:16', 'Admin', '::1', 'admin', '', 'Mozilla/5.0 (Windows NT 10.0; Win64; x64) AppleWebKit/537.36 (KHTML, like Gecko) Chrome/117.0.0.0 Sa', '', 'admin User logged in by admin', 21),
(1245, '2023-10-12 15:00:09', 'Admin', '::1', 'admin', '', 'Mozilla/5.0 (Windows NT 10.0; Win64; x64) AppleWebKit/537.36 (KHTML, like Gecko) Chrome/117.0.0.0 Sa', '', 'admin User logged out by admin', 21),
(1246, '2023-10-12 15:00:13', 'Admin', '::1', 'babakheel', '', 'Mozilla/5.0 (Windows NT 10.0; Win64; x64) AppleWebKit/537.36 (KHTML, like Gecko) Chrome/117.0.0.0 Sa', '', 'babakheel User logged in by babakheel', 28),
(1247, '2023-10-12 15:00:34', 'Admin', '::1', 'babakheel', '', 'Mozilla/5.0 (Windows NT 10.0; Win64; x64) AppleWebKit/537.36 (KHTML, like Gecko) Chrome/117.0.0.0 Sa', '', 'babakheel User logged out by babakheel', 28),
(1248, '2023-10-12 15:01:07', 'Admin', '::1', 'admin', '', 'Mozilla/5.0 (Windows NT 10.0; Win64; x64) AppleWebKit/537.36 (KHTML, like Gecko) Chrome/117.0.0.0 Sa', '', 'admin User logged in by admin', 21),
(1249, '2023-10-12 15:04:22', 'Admin', '::1', 'admin', '', 'Mozilla/5.0 (Windows NT 10.0; Win64; x64) AppleWebKit/537.36 (KHTML, like Gecko) Chrome/117.0.0.0 Sa', '', 'admin User logged out by admin', 21),
(1250, '2023-10-12 15:04:24', 'Admin', '::1', 'admin', '', 'Mozilla/5.0 (Windows NT 10.0; Win64; x64) AppleWebKit/537.36 (KHTML, like Gecko) Chrome/117.0.0.0 Sa', '', 'admin User logged in by admin', 21),
(1251, '2023-10-17 15:31:19', 'Admin', '::1', 'admin', '', 'Mozilla/5.0 (Windows NT 10.0; Win64; x64) AppleWebKit/537.36 (KHTML, like Gecko) Chrome/117.0.0.0 Sa', '', 'admin User logged in by admin', 21),
(1252, '2023-10-23 15:14:52', 'Admin', '::1', 'admin', '', 'Mozilla/5.0 (Windows NT 10.0; Win64; x64) AppleWebKit/537.36 (KHTML, like Gecko) Chrome/118.0.0.0 Sa', '', 'admin User logged in by admin', 21),
(1253, '2023-10-23 20:30:58', 'admin', '::1', 'admin', '', 'Mozilla/5.0 (Windows NT 10.0; Win64; x64) AppleWebKit/537.36 (KHTML, like Gecko) Chrome/118.0.0.0 Sa', '', 'username admin, Full Namedemo User updated by admin', 21),
(1254, '2023-10-23 20:55:34', 'POS', '::1', 'admin', '', 'Mozilla/5.0 (Windows NT 10.0; Win64; x64) AppleWebKit/537.36 (KHTML, like Gecko) Chrome/118.0.0.0 Sa', '', 'Bank id: 1 Banking Deleted by admin', 21),
(1255, '2023-10-23 23:46:18', 'Banking', '::1', 'admin', '', 'Mozilla/5.0 (Windows NT 10.0; Win64; x64) AppleWebKit/537.36 (KHTML, like Gecko) Chrome/118.0.0.0 Sa', '', 'invoice no JV41 Accept bank transaction created by admin', 21),
(1256, '2023-10-23 23:54:32', 'Banking', '::1', 'admin', '', 'Mozilla/5.0 (Windows NT 10.0; Win64; x64) AppleWebKit/537.36 (KHTML, like Gecko) Chrome/118.0.0.0 Sa', '', 'invoice no JV42 Accept bank transaction created by admin', 21),
(1257, '2023-10-24 00:16:10', 'admin', '::1', 'admin', '', 'Mozilla/5.0 (Windows NT 10.0; Win64; x64) AppleWebKit/537.36 (KHTML, like Gecko) Chrome/118.0.0.0 Sa', '', 'username admin, Full Namedemo User updated by admin', 21),
(1258, '2023-10-24 00:16:25', 'admin', '::1', 'admin', '', 'Mozilla/5.0 (Windows NT 10.0; Win64; x64) AppleWebKit/537.36 (KHTML, like Gecko) Chrome/118.0.0.0 Sa', '', 'username admin, Full Namedemo User updated by admin', 21),
(1259, '2023-10-25 15:59:21', 'Admin', '::1', 'admin', '', 'Mozilla/5.0 (Windows NT 10.0; Win64; x64) AppleWebKit/537.36 (KHTML, like Gecko) Chrome/118.0.0.0 Sa', '', 'admin User logged in by admin', 21),
(1260, '2023-10-31 15:44:26', 'Admin', '::1', 'admin', '', 'Mozilla/5.0 (Windows NT 10.0; Win64; x64) AppleWebKit/537.36 (KHTML, like Gecko) Chrome/118.0.0.0 Sa', '', 'admin User logged in by admin', 21),
(1261, '2023-11-06 17:18:45', 'Admin', '::1', 'admin', '', 'Mozilla/5.0 (Windows NT 10.0; Win64; x64) AppleWebKit/537.36 (KHTML, like Gecko) Chrome/118.0.0.0 Sa', '', 'admin User logged in by admin', 21),
(1262, '2023-11-07 16:40:03', 'Admin', '::1', 'admin', '', 'Mozilla/5.0 (Windows NT 10.0; Win64; x64) AppleWebKit/537.36 (KHTML, like Gecko) Chrome/118.0.0.0 Sa', '', 'admin User logged in by admin', 21),
(1263, '2023-11-08 15:37:24', 'Admin', '::1', 'admin', '', 'Mozilla/5.0 (Windows NT 10.0; Win64; x64) AppleWebKit/537.36 (KHTML, like Gecko) Chrome/119.0.0.0 Sa', '', 'admin User logged in by admin', 21),
(1264, '2023-11-09 08:38:02', 'Admin', '::1', 'admin', '', 'Mozilla/5.0 (Windows NT 10.0; Win64; x64) AppleWebKit/537.36 (KHTML, like Gecko) Chrome/119.0.0.0 Sa', '', 'admin User logged in by admin', 21),
(1265, '2023-11-09 08:44:58', 'Admin', '::1', 'admin', '', 'Mozilla/5.0 (Windows NT 10.0; Win64; x64) AppleWebKit/537.36 (KHTML, like Gecko) Chrome/119.0.0.0 Sa', '', 'admin User logged in by admin', 21),
(1266, '2023-11-15 15:49:07', 'Admin', '::1', 'admin', '', 'Mozilla/5.0 (Windows NT 10.0; Win64; x64) AppleWebKit/537.36 (KHTML, like Gecko) Chrome/119.0.0.0 Sa', '', 'admin User logged in by admin', 21),
(1267, '2023-11-15 23:20:11', 'Accounts', '::1', 'admin', '', 'Mozilla/5.0 (Windows NT 10.0; Win64; x64) AppleWebKit/537.36 (KHTML, like Gecko) Chrome/119.0.0.0 Sa', '', ' Pofit & Loss Report Retrieved by admin', 21),
(1268, '2023-11-15 23:20:15', 'Accounts', '::1', 'admin', '', 'Mozilla/5.0 (Windows NT 10.0; Win64; x64) AppleWebKit/537.36 (KHTML, like Gecko) Chrome/119.0.0.0 Sa', '', ' Pofit & Loss Report Retrieved by admin', 21),
(1269, '2023-11-15 23:20:20', 'Accounts', '::1', 'admin', '', 'Mozilla/5.0 (Windows NT 10.0; Win64; x64) AppleWebKit/537.36 (KHTML, like Gecko) Chrome/119.0.0.0 Sa', '', ' Pofit & Loss Report Retrieved by admin', 21),
(1270, '2023-11-15 23:20:25', 'Accounts', '::1', 'admin', '', 'Mozilla/5.0 (Windows NT 10.0; Win64; x64) AppleWebKit/537.36 (KHTML, like Gecko) Chrome/119.0.0.0 Sa', '', ' Pofit & Loss Report Retrieved by admin', 21),
(1271, '2023-11-16 17:47:56', 'Admin', '::1', 'admin', '', 'Mozilla/5.0 (Windows NT 10.0; Win64; x64) AppleWebKit/537.36 (KHTML, like Gecko) Chrome/119.0.0.0 Sa', '', 'admin   User logged in by admin', 21),
(1272, '2023-11-21 16:49:05', 'Admin', '::1', 'admin', '', 'Mozilla/5.0 (Windows NT 10.0; Win64; x64) AppleWebKit/537.36 (KHTML, like Gecko) Chrome/119.0.0.0 Sa', '', 'admin User logged in by admin', 21),
(1273, '2023-11-22 16:00:24', 'Admin', '::1', 'admin', '', 'Mozilla/5.0 (Windows NT 10.0; Win64; x64) AppleWebKit/537.36 (KHTML, like Gecko) Chrome/119.0.0.0 Sa', '', 'admin User logged in by admin', 21),
(1274, '2023-11-28 15:41:00', 'Admin', '::1', 'admin', '', 'Mozilla/5.0 (Windows NT 10.0; Win64; x64) AppleWebKit/537.36 (KHTML, like Gecko) Chrome/119.0.0.0 Sa', '', 'admin User logged in by admin', 21),
(1275, '2023-11-29 13:44:16', 'Admin', '::1', 'admin', '', 'Mozilla/5.0 (Windows NT 10.0; Win64; x64) AppleWebKit/537.36 (KHTML, like Gecko) Chrome/119.0.0.0 Sa', '', 'admin User logged in by admin', 21),
(1276, '2023-11-30 15:23:41', 'Admin', '::1', 'admin', '', 'Mozilla/5.0 (Windows NT 10.0; Win64; x64) AppleWebKit/537.36 (KHTML, like Gecko) Chrome/119.0.0.0 Sa', '', 'admin User logged in by admin', 21),
(1277, '2023-11-30 20:50:47', 'Banking', '::1', 'admin', '', 'Mozilla/5.0 (Windows NT 10.0; Win64; x64) AppleWebKit/537.36 (KHTML, like Gecko) Chrome/119.0.0.0 Sa', '', 'invoice no JV43 Accept bank transaction created by admin', 21),
(1278, '2023-11-30 16:24:21', 'Admin', '::1', 'admin', '', 'Mozilla/5.0 (Windows NT 10.0; Win64; x64) AppleWebKit/537.36 (KHTML, like Gecko) Chrome/119.0.0.0 Sa', '', 'admin User logged in by admin', 21),
(1279, '2023-12-05 16:27:07', 'Admin', '::1', 'admin', '', 'Mozilla/5.0 (Windows NT 10.0; Win64; x64) AppleWebKit/537.36 (KHTML, like Gecko) Chrome/119.0.0.0 Sa', '', 'admin User logged in by admin', 21),
(1280, '2023-12-06 15:50:34', 'Admin', '::1', 'admin', '', 'Mozilla/5.0 (Windows NT 10.0; Win64; x64) AppleWebKit/537.36 (KHTML, like Gecko) Chrome/119.0.0.0 Sa', '', 'admin User logged in by admin', 21),
(1281, '2023-12-07 13:34:47', 'Admin', '::1', 'admin', '', 'Mozilla/5.0 (Windows NT 10.0; Win64; x64) AppleWebKit/537.36 (KHTML, like Gecko) Chrome/119.0.0.0 Sa', '', 'admin User logged in by admin', 21),
(1282, '2023-12-08 12:45:07', 'Admin', '::1', 'admin', '', 'Mozilla/5.0 (Windows NT 10.0; Win64; x64) AppleWebKit/537.36 (KHTML, like Gecko) Chrome/120.0.0.0 Sa', '', 'admin User logged in by admin', 21),
(1283, '2023-12-08 15:35:55', 'Admin', '::1', 'admin', '', 'Mozilla/5.0 (Windows NT 10.0; Win64; x64) AppleWebKit/537.36 (KHTML, like Gecko) Chrome/120.0.0.0 Sa', '', 'admin User logged in by admin', 21),
(1284, '2023-12-08 21:03:11', 'Banking', '::1', 'admin', '', 'Mozilla/5.0 (Windows NT 10.0; Win64; x64) AppleWebKit/537.36 (KHTML, like Gecko) Chrome/120.0.0.0 Sa', '', 'invoice no JV44 Accept bank transaction created by admin', 21),
(1285, '2023-12-09 15:01:32', 'Admin', '::1', 'admin', '', 'Mozilla/5.0 (Windows NT 10.0; Win64; x64) AppleWebKit/537.36 (KHTML, like Gecko) Chrome/120.0.0.0 Sa', '', 'admin User logged in by admin', 21),
(1286, '2023-12-16 06:59:34', 'Admin', '::1', 'admin', '', 'Mozilla/5.0 (Windows NT 10.0; Win64; x64) AppleWebKit/537.36 (KHTML, like Gecko) Chrome/120.0.0.0 Sa', '', 'admin User logged in by admin', 21),
(1287, '2023-12-16 12:01:50', 'Accounts', '::1', 'admin', '', 'Mozilla/5.0 (Windows NT 10.0; Win64; x64) AppleWebKit/537.36 (KHTML, like Gecko) Chrome/120.0.0.0 Sa', '', ' Pofit & Loss Report Retrieved by admin', 21),
(1288, '2023-12-16 12:01:53', 'Accounts', '::1', 'admin', '', 'Mozilla/5.0 (Windows NT 10.0; Win64; x64) AppleWebKit/537.36 (KHTML, like Gecko) Chrome/120.0.0.0 Sa', '', ' Pofit & Loss Report Retrieved by admin', 21),
(1289, '2023-12-16 12:01:55', 'Accounts', '::1', 'admin', '', 'Mozilla/5.0 (Windows NT 10.0; Win64; x64) AppleWebKit/537.36 (KHTML, like Gecko) Chrome/120.0.0.0 Sa', '', ' Pofit & Loss Report Retrieved by admin', 21),
(1290, '2023-12-16 12:01:57', 'Accounts', '::1', 'admin', '', 'Mozilla/5.0 (Windows NT 10.0; Win64; x64) AppleWebKit/537.36 (KHTML, like Gecko) Chrome/120.0.0.0 Sa', '', ' Trail Balance Report Retrieved by admin', 21),
(1291, '2023-12-16 12:02:00', 'Accounts', '::1', 'admin', '', 'Mozilla/5.0 (Windows NT 10.0; Win64; x64) AppleWebKit/537.36 (KHTML, like Gecko) Chrome/120.0.0.0 Sa', '', ' Pofit & Loss Report Retrieved by admin', 21),
(1292, '2023-12-16 12:02:02', 'Accounts', '::1', 'admin', '', 'Mozilla/5.0 (Windows NT 10.0; Win64; x64) AppleWebKit/537.36 (KHTML, like Gecko) Chrome/120.0.0.0 Sa', '', ' Balance Sheet Retrieved by admin', 21),
(1293, '2023-12-16 12:02:05', 'Accounts', '::1', 'admin', '', 'Mozilla/5.0 (Windows NT 10.0; Win64; x64) AppleWebKit/537.36 (KHTML, like Gecko) Chrome/120.0.0.0 Sa', '', ' Account Receivable Report Retrieved by admin', 21),
(1294, '2023-12-16 12:02:06', 'Accounts', '::1', 'admin', '', 'Mozilla/5.0 (Windows NT 10.0; Win64; x64) AppleWebKit/537.36 (KHTML, like Gecko) Chrome/120.0.0.0 Sa', '', ' Account Payable Report Retrieved by admin', 21),
(1295, '2023-12-16 12:06:08', 'Accounts', '::1', 'admin', '', 'Mozilla/5.0 (Windows NT 10.0; Win64; x64) AppleWebKit/537.36 (KHTML, like Gecko) Chrome/120.0.0.0 Sa', '', ' Pofit & Loss Report Retrieved by admin', 21),
(1296, '2023-12-16 12:06:11', 'Accounts', '::1', 'admin', '', 'Mozilla/5.0 (Windows NT 10.0; Win64; x64) AppleWebKit/537.36 (KHTML, like Gecko) Chrome/120.0.0.0 Sa', '', ' Pofit & Loss Report Retrieved by admin', 21),
(1297, '2023-12-16 12:06:13', 'Accounts', '::1', 'admin', '', 'Mozilla/5.0 (Windows NT 10.0; Win64; x64) AppleWebKit/537.36 (KHTML, like Gecko) Chrome/120.0.0.0 Sa', '', ' Pofit & Loss Report Retrieved by admin', 21),
(1298, '2023-12-16 12:06:18', 'Accounts', '::1', 'admin', '', 'Mozilla/5.0 (Windows NT 10.0; Win64; x64) AppleWebKit/537.36 (KHTML, like Gecko) Chrome/120.0.0.0 Sa', '', ' Pofit & Loss Report Retrieved by admin', 21),
(1299, '2023-12-16 12:06:22', 'Accounts', '::1', 'admin', '', 'Mozilla/5.0 (Windows NT 10.0; Win64; x64) AppleWebKit/537.36 (KHTML, like Gecko) Chrome/120.0.0.0 Sa', '', ' Pofit & Loss Report Retrieved by admin', 21),
(1300, '2023-12-16 12:06:27', 'Accounts', '::1', 'admin', '', 'Mozilla/5.0 (Windows NT 10.0; Win64; x64) AppleWebKit/537.36 (KHTML, like Gecko) Chrome/120.0.0.0 Sa', '', ' Pofit & Loss Report Retrieved by admin', 21),
(1301, '2023-12-16 12:06:31', 'Accounts', '::1', 'admin', '', 'Mozilla/5.0 (Windows NT 10.0; Win64; x64) AppleWebKit/537.36 (KHTML, like Gecko) Chrome/120.0.0.0 Sa', '', ' Pofit & Loss Report Retrieved by admin', 21),
(1302, '2023-12-16 17:05:18', 'trans', '::1', 'admin', '', 'Mozilla/5.0 (Windows NT 10.0; Win64; x64) AppleWebKit/537.36 (KHTML, like Gecko) Chrome/120.0.0.0 Sa', '', 'invoice no S46 Sale transaction created by admin', 21),
(1303, '2023-12-16 17:07:51', 'Accounts', '::1', 'admin', '', 'Mozilla/5.0 (Windows NT 10.0; Win64; x64) AppleWebKit/537.36 (KHTML, like Gecko) Chrome/120.0.0.0 Sa', '', ' Trail Balance Report Retrieved by admin', 21),
(1304, '2023-12-16 17:07:55', 'Accounts', '::1', 'admin', '', 'Mozilla/5.0 (Windows NT 10.0; Win64; x64) AppleWebKit/537.36 (KHTML, like Gecko) Chrome/120.0.0.0 Sa', '', ' Pofit & Loss Report Retrieved by admin', 21),
(1305, '2023-12-16 17:07:57', 'Accounts', '::1', 'admin', '', 'Mozilla/5.0 (Windows NT 10.0; Win64; x64) AppleWebKit/537.36 (KHTML, like Gecko) Chrome/120.0.0.0 Sa', '', ' Balance Sheet Retrieved by admin', 21),
(1306, '2023-12-16 17:08:00', 'Accounts', '::1', 'admin', '', 'Mozilla/5.0 (Windows NT 10.0; Win64; x64) AppleWebKit/537.36 (KHTML, like Gecko) Chrome/120.0.0.0 Sa', '', ' Account Receivable Report Retrieved by admin', 21),
(1307, '2023-12-16 17:08:04', 'Accounts', '::1', 'admin', '', 'Mozilla/5.0 (Windows NT 10.0; Win64; x64) AppleWebKit/537.36 (KHTML, like Gecko) Chrome/120.0.0.0 Sa', '', ' Account Payable Report Retrieved by admin', 21),
(1308, '2023-12-16 17:08:38', 'Accounts', '::1', 'admin', '', 'Mozilla/5.0 (Windows NT 10.0; Win64; x64) AppleWebKit/537.36 (KHTML, like Gecko) Chrome/120.0.0.0 Sa', '', ' Account Payable Report Retrieved by admin', 21),
(1309, '2023-12-16 17:08:47', 'Accounts', '::1', 'admin', '', 'Mozilla/5.0 (Windows NT 10.0; Win64; x64) AppleWebKit/537.36 (KHTML, like Gecko) Chrome/120.0.0.0 Sa', '', ' Account Receivable Report Retrieved by admin', 21),
(1310, '2023-12-16 17:09:03', 'Accounts', '::1', 'admin', '', 'Mozilla/5.0 (Windows NT 10.0; Win64; x64) AppleWebKit/537.36 (KHTML, like Gecko) Chrome/120.0.0.0 Sa', '', ' Account Payable Report Retrieved by admin', 21),
(1311, '2023-12-16 17:13:40', 'Accounts', '::1', 'admin', '', 'Mozilla/5.0 (Windows NT 10.0; Win64; x64) AppleWebKit/537.36 (KHTML, like Gecko) Chrome/120.0.0.0 Sa', '', ' Account Payable Report Retrieved by admin', 21),
(1312, '2023-12-16 17:13:48', 'Accounts', '::1', 'admin', '', 'Mozilla/5.0 (Windows NT 10.0; Win64; x64) AppleWebKit/537.36 (KHTML, like Gecko) Chrome/120.0.0.0 Sa', '', ' Trail Balance Report Retrieved by admin', 21),
(1313, '2023-12-21 13:31:10', 'Admin', '::1', 'admin', '', 'Mozilla/5.0 (Windows NT 10.0; Win64; x64) AppleWebKit/537.36 (KHTML, like Gecko) Chrome/120.0.0.0 Sa', '', 'admin User logged in by admin', 21),
(1314, '2023-12-26 17:41:51', 'Admin', '::1', 'admin', '', 'Mozilla/5.0 (Windows NT 10.0; Win64; x64) AppleWebKit/537.36 (KHTML, like Gecko) Chrome/120.0.0.0 Sa', '', 'admin User logged in by admin', 21),
(1315, '2023-12-26 22:42:56', 'Banking', '::1', 'admin', '', 'Mozilla/5.0 (Windows NT 10.0; Win64; x64) AppleWebKit/537.36 (KHTML, like Gecko) Chrome/120.0.0.0 Sa', '', 'invoice no JV45 Accept bank transaction created by admin', 21),
(1316, '2023-12-26 22:50:37', 'Banking', '::1', 'admin', '', 'Mozilla/5.0 (Windows NT 10.0; Win64; x64) AppleWebKit/537.36 (KHTML, like Gecko) Chrome/120.0.0.0 Sa', '', 'invoice no JV46 Accept bank transaction created by admin', 21),
(1317, '2023-12-26 23:05:06', 'Accounts', '::1', 'admin', '', 'Mozilla/5.0 (Windows NT 10.0; Win64; x64) AppleWebKit/537.36 (KHTML, like Gecko) Chrome/120.0.0.0 Sa', '', 'entry id 675 Journal Entry deleted by admin', 21),
(1318, '2023-12-26 23:05:54', 'Accounts', '::1', 'admin', '', 'Mozilla/5.0 (Windows NT 10.0; Win64; x64) AppleWebKit/537.36 (KHTML, like Gecko) Chrome/120.0.0.0 Sa', '', 'entry id 676 Journal Entry deleted by admin', 21),
(1319, '2023-12-30 07:54:48', 'Admin', '::1', 'admin', '', 'Mozilla/5.0 (Windows NT 10.0; Win64; x64) AppleWebKit/537.36 (KHTML, like Gecko) Chrome/120.0.0.0 Sa', '', 'admin User logged in by admin', 21),
(1320, '2023-12-30 13:17:05', 'Admin', '::1', 'admin', '', 'Mozilla/5.0 (Windows NT 10.0; Win64; x64) AppleWebKit/537.36 (KHTML, like Gecko) Chrome/120.0.0.0 Sa', '', 'admin User logged in by admin', 21),
(1321, '2023-12-30 18:23:02', 'Banking', '::1', 'admin', '', 'Mozilla/5.0 (Windows NT 10.0; Win64; x64) AppleWebKit/537.36 (KHTML, like Gecko) Chrome/120.0.0.0 Sa', '', 'invoice no JV46 Accept bank transaction created by admin', 21),
(1322, '2023-12-30 18:24:17', 'Banking', '::1', 'admin', '', 'Mozilla/5.0 (Windows NT 10.0; Win64; x64) AppleWebKit/537.36 (KHTML, like Gecko) Chrome/120.0.0.0 Sa', '', 'invoice no JV47 Accept bank transaction created by admin', 21),
(1323, '2023-12-30 18:41:00', 'Banking', '::1', 'admin', '', 'Mozilla/5.0 (Windows NT 10.0; Win64; x64) AppleWebKit/537.36 (KHTML, like Gecko) Chrome/120.0.0.0 Sa', '', 'invoice no JV48 Accept bank transaction created by admin', 21),
(1324, '2023-12-30 18:41:22', 'Banking', '::1', 'admin', '', 'Mozilla/5.0 (Windows NT 10.0; Win64; x64) AppleWebKit/537.36 (KHTML, like Gecko) Chrome/120.0.0.0 Sa', '', 'invoice no JV49 Accept bank transaction created by admin', 21),
(1325, '2023-12-30 18:41:32', 'Banking', '::1', 'admin', '', 'Mozilla/5.0 (Windows NT 10.0; Win64; x64) AppleWebKit/537.36 (KHTML, like Gecko) Chrome/120.0.0.0 Sa', '', 'invoice no JV50 Accept bank transaction created by admin', 21),
(1326, '2023-12-30 18:41:55', 'Banking', '::1', 'admin', '', 'Mozilla/5.0 (Windows NT 10.0; Win64; x64) AppleWebKit/537.36 (KHTML, like Gecko) Chrome/120.0.0.0 Sa', '', 'invoice no JV51 Accept bank transaction created by admin', 21),
(1327, '2023-12-30 18:42:26', 'Banking', '::1', 'admin', '', 'Mozilla/5.0 (Windows NT 10.0; Win64; x64) AppleWebKit/537.36 (KHTML, like Gecko) Chrome/120.0.0.0 Sa', '', 'invoice no JV52 Accept bank transaction created by admin', 21),
(1328, '2023-12-30 18:42:39', 'Banking', '::1', 'admin', '', 'Mozilla/5.0 (Windows NT 10.0; Win64; x64) AppleWebKit/537.36 (KHTML, like Gecko) Chrome/120.0.0.0 Sa', '', 'invoice no JV53 Accept bank transaction created by admin', 21),
(1329, '2023-12-30 18:43:21', 'Banking', '::1', 'admin', '', 'Mozilla/5.0 (Windows NT 10.0; Win64; x64) AppleWebKit/537.36 (KHTML, like Gecko) Chrome/120.0.0.0 Sa', '', 'invoice no JV54 Accept bank transaction created by admin', 21),
(1330, '2023-12-30 18:43:51', 'Banking', '::1', 'admin', '', 'Mozilla/5.0 (Windows NT 10.0; Win64; x64) AppleWebKit/537.36 (KHTML, like Gecko) Chrome/120.0.0.0 Sa', '', 'invoice no JV55 Accept bank transaction created by admin', 21),
(1331, '2023-12-30 18:44:00', 'Banking', '::1', 'admin', '', 'Mozilla/5.0 (Windows NT 10.0; Win64; x64) AppleWebKit/537.36 (KHTML, like Gecko) Chrome/120.0.0.0 Sa', '', 'invoice no JV56 Accept bank transaction created by admin', 21),
(1332, '2023-12-30 18:44:10', 'Banking', '::1', 'admin', '', 'Mozilla/5.0 (Windows NT 10.0; Win64; x64) AppleWebKit/537.36 (KHTML, like Gecko) Chrome/120.0.0.0 Sa', '', 'invoice no JV57 Accept bank transaction created by admin', 21),
(1333, '2023-12-30 18:44:20', 'Banking', '::1', 'admin', '', 'Mozilla/5.0 (Windows NT 10.0; Win64; x64) AppleWebKit/537.36 (KHTML, like Gecko) Chrome/120.0.0.0 Sa', '', 'invoice no JV58 Accept bank transaction created by admin', 21),
(1334, '2024-01-01 13:16:06', 'Admin', '::1', 'admin', '', 'Mozilla/5.0 (Windows NT 10.0; Win64; x64) AppleWebKit/537.36 (KHTML, like Gecko) Chrome/120.0.0.0 Sa', '', 'admin User logged in by admin', 21),
(1335, '2024-01-01 18:16:58', 'Banking', '::1', 'admin', '', 'Mozilla/5.0 (Windows NT 10.0; Win64; x64) AppleWebKit/537.36 (KHTML, like Gecko) Chrome/120.0.0.0 Sa', '', 'invoice no JV59 Accept bank transaction created by admin', 21),
(1336, '2024-01-01 19:34:15', 'Banking', '::1', 'admin', '', 'Mozilla/5.0 (Windows NT 10.0; Win64; x64) AppleWebKit/537.36 (KHTML, like Gecko) Chrome/120.0.0.0 Sa', '', 'invoice no JV60 Accept bank transaction created by admin', 21),
(1337, '2024-01-01 19:34:45', 'Accounts', '::1', 'admin', '', 'Mozilla/5.0 (Windows NT 10.0; Win64; x64) AppleWebKit/537.36 (KHTML, like Gecko) Chrome/120.0.0.0 Sa', '', ' Fiscal year retrieved by admin', 21),
(1338, '2024-01-01 19:36:42', 'Banking', '::1', 'admin', '', 'Mozilla/5.0 (Windows NT 10.0; Win64; x64) AppleWebKit/537.36 (KHTML, like Gecko) Chrome/120.0.0.0 Sa', '', 'invoice no JV61 Accept bank transaction created by admin', 21),
(1339, '2024-01-02 00:15:18', 'Banking', '::1', 'admin', '', 'Mozilla/5.0 (Windows NT 10.0; Win64; x64) AppleWebKit/537.36 (KHTML, like Gecko) Chrome/120.0.0.0 Sa', '', 'invoice no JV62 Accept bank transaction created by admin', 21),
(1340, '2024-01-02 00:16:31', 'Banking', '::1', 'admin', '', 'Mozilla/5.0 (Windows NT 10.0; Win64; x64) AppleWebKit/537.36 (KHTML, like Gecko) Chrome/120.0.0.0 Sa', '', 'invoice no JV63 Accept bank transaction created by admin', 21),
(1341, '2024-01-02 00:16:49', 'Banking', '::1', 'admin', '', 'Mozilla/5.0 (Windows NT 10.0; Win64; x64) AppleWebKit/537.36 (KHTML, like Gecko) Chrome/120.0.0.0 Sa', '', 'invoice no JV64 Accept bank transaction created by admin', 21),
(1342, '2024-01-02 00:20:16', 'Banking', '::1', 'admin', '', 'Mozilla/5.0 (Windows NT 10.0; Win64; x64) AppleWebKit/537.36 (KHTML, like Gecko) Chrome/120.0.0.0 Sa', '', 'invoice no JV65 Accept bank transaction created by admin', 21),
(1343, '2024-01-02 00:24:36', 'Banking', '::1', 'admin', '', 'Mozilla/5.0 (Windows NT 10.0; Win64; x64) AppleWebKit/537.36 (KHTML, like Gecko) Chrome/120.0.0.0 Sa', '', 'invoice no JV66 Accept bank transaction created by admin', 21),
(1344, '2024-01-02 12:43:39', 'Admin', '::1', 'admin', '', 'Mozilla/5.0 (Windows NT 10.0; Win64; x64) AppleWebKit/537.36 (KHTML, like Gecko) Chrome/120.0.0.0 Sa', '', 'admin User logged in by admin', 21),
(1345, '2024-01-02 18:44:52', 'Accounts', '::1', 'admin', '', 'Mozilla/5.0 (Windows NT 10.0; Win64; x64) AppleWebKit/537.36 (KHTML, like Gecko) Chrome/120.0.0.0 Sa', '', ' Pofit & Loss Report Retrieved by admin', 21),
(1346, '2024-01-03 14:21:22', 'Admin', '::1', 'admin', '', 'Mozilla/5.0 (Windows NT 10.0; Win64; x64) AppleWebKit/537.36 (KHTML, like Gecko) Chrome/120.0.0.0 Sa', '', 'admin User logged in by admin', 21),
(1347, '2024-01-03 19:22:38', 'Accounts', '::1', 'admin', '', 'Mozilla/5.0 (Windows NT 10.0; Win64; x64) AppleWebKit/537.36 (KHTML, like Gecko) Chrome/120.0.0.0 Sa', '', ' Pofit & Loss Report Retrieved by admin', 21),
(1348, '2024-01-03 19:22:40', 'Accounts', '::1', 'admin', '', 'Mozilla/5.0 (Windows NT 10.0; Win64; x64) AppleWebKit/537.36 (KHTML, like Gecko) Chrome/120.0.0.0 Sa', '', ' Balance Sheet Retrieved by admin', 21),
(1349, '2024-01-03 19:22:43', 'Accounts', '::1', 'admin', '', 'Mozilla/5.0 (Windows NT 10.0; Win64; x64) AppleWebKit/537.36 (KHTML, like Gecko) Chrome/120.0.0.0 Sa', '', ' Pofit & Loss Report Retrieved by admin', 21),
(1350, '2024-01-03 19:30:56', 'Accounts', '::1', 'admin', '', 'Mozilla/5.0 (Windows NT 10.0; Win64; x64) AppleWebKit/537.36 (KHTML, like Gecko) Chrome/120.0.0.0 Sa', '', ' Pofit & Loss Report Retrieved by admin', 21),
(1351, '2024-01-03 19:31:05', 'Accounts', '::1', 'admin', '', 'Mozilla/5.0 (Windows NT 10.0; Win64; x64) AppleWebKit/537.36 (KHTML, like Gecko) Chrome/120.0.0.0 Sa', '', ' Pofit & Loss Report Retrieved by admin', 21),
(1352, '2024-01-03 19:33:19', 'Accounts', '::1', 'admin', '', 'Mozilla/5.0 (Windows NT 10.0; Win64; x64) AppleWebKit/537.36 (KHTML, like Gecko) Chrome/120.0.0.0 Sa', '', ' Pofit & Loss Report Retrieved by admin', 21),
(1353, '2024-01-03 19:33:57', 'Accounts', '::1', 'admin', '', 'Mozilla/5.0 (Windows NT 10.0; Win64; x64) AppleWebKit/537.36 (KHTML, like Gecko) Chrome/120.0.0.0 Sa', '', ' Pofit & Loss Report Retrieved by admin', 21),
(1354, '2024-01-03 19:35:27', 'Accounts', '::1', 'admin', '', 'Mozilla/5.0 (Windows NT 10.0; Win64; x64) AppleWebKit/537.36 (KHTML, like Gecko) Chrome/120.0.0.0 Sa', '', ' Pofit & Loss Report Retrieved by admin', 21),
(1355, '2024-01-03 19:35:50', 'Accounts', '::1', 'admin', '', 'Mozilla/5.0 (Windows NT 10.0; Win64; x64) AppleWebKit/537.36 (KHTML, like Gecko) Chrome/120.0.0.0 Sa', '', ' Pofit & Loss Report Retrieved by admin', 21),
(1356, '2024-01-03 19:36:38', 'Accounts', '::1', 'admin', '', 'Mozilla/5.0 (Windows NT 10.0; Win64; x64) AppleWebKit/537.36 (KHTML, like Gecko) Chrome/120.0.0.0 Sa', '', ' Pofit & Loss Report Retrieved by admin', 21),
(1357, '2024-01-03 19:36:45', 'Accounts', '::1', 'admin', '', 'Mozilla/5.0 (Windows NT 10.0; Win64; x64) AppleWebKit/537.36 (KHTML, like Gecko) Chrome/120.0.0.0 Sa', '', ' Pofit & Loss Report Retrieved by admin', 21),
(1358, '2024-01-03 19:36:49', 'Accounts', '::1', 'admin', '', 'Mozilla/5.0 (Windows NT 10.0; Win64; x64) AppleWebKit/537.36 (KHTML, like Gecko) Chrome/120.0.0.0 Sa', '', ' Pofit & Loss Report Retrieved by admin', 21),
(1359, '2024-01-03 19:36:55', 'Accounts', '::1', 'admin', '', 'Mozilla/5.0 (Windows NT 10.0; Win64; x64) AppleWebKit/537.36 (KHTML, like Gecko) Chrome/120.0.0.0 Sa', '', ' Pofit & Loss Report Retrieved by admin', 21),
(1360, '2024-01-03 19:37:20', 'Accounts', '::1', 'admin', '', 'Mozilla/5.0 (Windows NT 10.0; Win64; x64) AppleWebKit/537.36 (KHTML, like Gecko) Chrome/120.0.0.0 Sa', '', ' Balance Sheet Retrieved by admin', 21),
(1361, '2024-01-04 14:14:07', 'Admin', '::1', 'admin', '', 'Mozilla/5.0 (Windows NT 10.0; Win64; x64) AppleWebKit/537.36 (KHTML, like Gecko) Chrome/120.0.0.0 Sa', '', 'admin User logged in by admin', 21),
(1362, '2024-01-04 17:03:07', 'Admin', '::1', 'admin', '', 'Mozilla/5.0 (Windows NT 10.0; Win64; x64) AppleWebKit/537.36 (KHTML, like Gecko) Chrome/120.0.0.0 Sa', '', 'admin User logged in by admin', 21),
(1363, '2024-01-05 18:00:26', 'Admin', '::1', 'admin', '', 'Mozilla/5.0 (Windows NT 10.0; Win64; x64) AppleWebKit/537.36 (KHTML, like Gecko) Chrome/120.0.0.0 Sa', '', 'admin User logged in by admin', 21),
(1364, '2024-01-05 23:00:47', 'trans', '::1', 'admin', '', 'Mozilla/5.0 (Windows NT 10.0; Win64; x64) AppleWebKit/537.36 (KHTML, like Gecko) Chrome/120.0.0.0 Sa', '', 'invoice no INV-3 Invoice transaction created by admin', 21),
(1365, '2024-01-05 23:01:39', 'trans', '::1', 'admin', '', 'Mozilla/5.0 (Windows NT 10.0; Win64; x64) AppleWebKit/537.36 (KHTML, like Gecko) Chrome/120.0.0.0 Sa', '', 'invoice no INV-4 Invoice transaction created by admin', 21),
(1366, '2024-01-05 23:01:54', 'trans', '::1', 'admin', '', 'Mozilla/5.0 (Windows NT 10.0; Win64; x64) AppleWebKit/537.36 (KHTML, like Gecko) Chrome/120.0.0.0 Sa', '', 'invoice no INV-5 Invoice transaction created by admin', 21),
(1367, '2024-01-05 23:03:11', 'trans', '::1', 'admin', '', 'Mozilla/5.0 (Windows NT 10.0; Win64; x64) AppleWebKit/537.36 (KHTML, like Gecko) Chrome/120.0.0.0 Sa', '', 'invoice no INV-6 Invoice transaction created by admin', 21),
(1368, '2024-01-05 23:04:38', 'trans', '::1', 'admin', '', 'Mozilla/5.0 (Windows NT 10.0; Win64; x64) AppleWebKit/537.36 (KHTML, like Gecko) Chrome/120.0.0.0 Sa', '', 'invoice no INV-7 Invoice transaction created by admin', 21),
(1369, '2024-01-05 23:04:56', 'trans', '::1', 'admin', '', 'Mozilla/5.0 (Windows NT 10.0; Win64; x64) AppleWebKit/537.36 (KHTML, like Gecko) Chrome/120.0.0.0 Sa', '', 'invoice no INV-8 Invoice transaction created by admin', 21),
(1370, '2024-01-05 23:05:08', 'trans', '::1', 'admin', '', 'Mozilla/5.0 (Windows NT 10.0; Win64; x64) AppleWebKit/537.36 (KHTML, like Gecko) Chrome/120.0.0.0 Sa', '', 'invoice no INV-9 Invoice transaction created by admin', 21),
(1371, '2024-01-05 23:05:22', 'trans', '::1', 'admin', '', 'Mozilla/5.0 (Windows NT 10.0; Win64; x64) AppleWebKit/537.36 (KHTML, like Gecko) Chrome/120.0.0.0 Sa', '', 'invoice no INV-10 Invoice transaction created by admin', 21),
(1372, '2024-01-05 23:05:30', 'trans', '::1', 'admin', '', 'Mozilla/5.0 (Windows NT 10.0; Win64; x64) AppleWebKit/537.36 (KHTML, like Gecko) Chrome/120.0.0.0 Sa', '', 'invoice no INV-10 Invoice transaction created by admin', 21),
(1373, '2024-01-05 23:15:44', 'trans', '::1', 'admin', '', 'Mozilla/5.0 (Windows NT 10.0; Win64; x64) AppleWebKit/537.36 (KHTML, like Gecko) Chrome/120.0.0.0 Sa', '', 'invoice no INV-10 Invoice transaction created by admin', 21),
(1374, '2024-01-05 23:31:15', 'trans', '::1', 'admin', '', 'Mozilla/5.0 (Windows NT 10.0; Win64; x64) AppleWebKit/537.36 (KHTML, like Gecko) Chrome/120.0.0.0 Sa', '', 'invoice no INV-11 Invoice transaction created by admin', 21),
(1375, '2024-01-06 00:07:18', 'Accounts', '::1', 'admin', '', 'Mozilla/5.0 (Windows NT 10.0; Win64; x64) AppleWebKit/537.36 (KHTML, like Gecko) Chrome/120.0.0.0 Sa', '', ' Pofit & Loss Report Retrieved by admin', 21),
(1376, '2024-01-06 00:13:34', 'trans', '::1', 'admin', '', 'Mozilla/5.0 (Windows NT 10.0; Win64; x64) AppleWebKit/537.36 (KHTML, like Gecko) Chrome/120.0.0.0 Sa', '', 'invoice no R38 Purchase transaction created by admin', 21),
(1377, '2024-01-06 00:14:06', 'POS', '::1', 'admin', '', 'Mozilla/5.0 (Windows NT 10.0; Win64; x64) AppleWebKit/537.36 (KHTML, like Gecko) Chrome/120.0.0.0 Sa', '', 'R38 Receivings Deleted by admin', 21),
(1378, '2024-01-06 00:14:06', 'trans', '::1', 'admin', '', 'Mozilla/5.0 (Windows NT 10.0; Win64; x64) AppleWebKit/537.36 (KHTML, like Gecko) Chrome/120.0.0.0 Sa', '', 'invoice no R38 Purchase transaction created by admin', 21),
(1379, '2024-01-06 00:14:44', 'Accounts', '::1', 'admin', '', 'Mozilla/5.0 (Windows NT 10.0; Win64; x64) AppleWebKit/537.36 (KHTML, like Gecko) Chrome/120.0.0.0 Sa', '', ' Pofit & Loss Report Retrieved by admin', 21),
(1380, '2024-01-06 00:15:31', 'Accounts', '::1', 'admin', '', 'Mozilla/5.0 (Windows NT 10.0; Win64; x64) AppleWebKit/537.36 (KHTML, like Gecko) Chrome/120.0.0.0 Sa', '', ' Pofit & Loss Report Retrieved by admin', 21),
(1381, '2024-01-06 00:16:16', 'Accounts', '::1', 'admin', '', 'Mozilla/5.0 (Windows NT 10.0; Win64; x64) AppleWebKit/537.36 (KHTML, like Gecko) Chrome/120.0.0.0 Sa', '', ' Pofit & Loss Report Retrieved by admin', 21),
(1382, '2024-01-06 08:40:11', 'Admin', '::1', 'admin', '', 'Mozilla/5.0 (Windows NT 10.0; Win64; x64) AppleWebKit/537.36 (KHTML, like Gecko) Chrome/120.0.0.0 Sa', '', 'admin User logged in by admin', 21),
(1383, '2024-01-06 15:10:17', 'trans', '::1', 'admin', '', 'Mozilla/5.0 (Windows NT 10.0; Win64; x64) AppleWebKit/537.36 (KHTML, like Gecko) Chrome/120.0.0.0 Sa', '', 'invoice no S46 Sale transaction created by admin', 21),
(1386, '2024-01-06 15:18:29', 'POS', '::1', 'admin', '', 'Mozilla/5.0 (Windows NT 10.0; Win64; x64) AppleWebKit/537.36 (KHTML, like Gecko) Chrome/120.0.0.0 Sa', '', 'R38 Receivings Deleted by admin', 21),
(1387, '2024-01-06 15:18:29', 'trans', '::1', 'admin', '', 'Mozilla/5.0 (Windows NT 10.0; Win64; x64) AppleWebKit/537.36 (KHTML, like Gecko) Chrome/120.0.0.0 Sa', '', 'invoice no R38 Purchase transaction created by admin', 21),
(1388, '2024-01-06 15:20:40', 'POS', '::1', 'admin', '', 'Mozilla/5.0 (Windows NT 10.0; Win64; x64) AppleWebKit/537.36 (KHTML, like Gecko) Chrome/120.0.0.0 Sa', '', 'R37 Receivings Deleted by admin', 21),
(1389, '2024-01-06 15:20:56', 'POS', '::1', 'admin', '', 'Mozilla/5.0 (Windows NT 10.0; Win64; x64) AppleWebKit/537.36 (KHTML, like Gecko) Chrome/120.0.0.0 Sa', '', 'R36 Receivings Deleted by admin', 21),
(1390, '2024-01-06 15:20:56', 'trans', '::1', 'admin', '', 'Mozilla/5.0 (Windows NT 10.0; Win64; x64) AppleWebKit/537.36 (KHTML, like Gecko) Chrome/120.0.0.0 Sa', '', 'invoice no R36 Purchase transaction created by admin', 21),
(1399, '2024-01-06 16:00:06', 'POS', '::1', 'admin', '', 'Mozilla/5.0 (Windows NT 10.0; Win64; x64) AppleWebKit/537.36 (KHTML, like Gecko) Chrome/120.0.0.0 Sa', '', 'R35 Receivings Deleted by admin', 21),
(1400, '2024-01-06 16:19:13', 'POS', '::1', 'admin', '', 'Mozilla/5.0 (Windows NT 10.0; Win64; x64) AppleWebKit/537.36 (KHTML, like Gecko) Chrome/120.0.0.0 Sa', '', 'R31 Receivings Deleted by admin', 21),
(1401, '2024-01-06 16:19:13', 'trans', '::1', 'admin', '', 'Mozilla/5.0 (Windows NT 10.0; Win64; x64) AppleWebKit/537.36 (KHTML, like Gecko) Chrome/120.0.0.0 Sa', '', 'invoice no R31 Purchase transaction created by admin', 21),
(1402, '2024-01-06 16:19:48', 'POS', '::1', 'admin', '', 'Mozilla/5.0 (Windows NT 10.0; Win64; x64) AppleWebKit/537.36 (KHTML, like Gecko) Chrome/120.0.0.0 Sa', '', 'R31 Receivings Deleted by admin', 21),
(1403, '2024-01-06 16:19:48', 'trans', '::1', 'admin', '', 'Mozilla/5.0 (Windows NT 10.0; Win64; x64) AppleWebKit/537.36 (KHTML, like Gecko) Chrome/120.0.0.0 Sa', '', 'invoice no R31 Purchase transaction created by admin', 21),
(1404, '2024-01-06 16:20:22', 'POS', '::1', 'admin', '', 'Mozilla/5.0 (Windows NT 10.0; Win64; x64) AppleWebKit/537.36 (KHTML, like Gecko) Chrome/120.0.0.0 Sa', '', 'R31 Receivings Deleted by admin', 21),
(1405, '2024-01-06 16:20:22', 'trans', '::1', 'admin', '', 'Mozilla/5.0 (Windows NT 10.0; Win64; x64) AppleWebKit/537.36 (KHTML, like Gecko) Chrome/120.0.0.0 Sa', '', 'invoice no R31 Purchase transaction created by admin', 21),
(1406, '2024-01-06 16:20:32', 'POS', '::1', 'admin', '', 'Mozilla/5.0 (Windows NT 10.0; Win64; x64) AppleWebKit/537.36 (KHTML, like Gecko) Chrome/120.0.0.0 Sa', '', 'R31 Receivings Deleted by admin', 21),
(1407, '2024-01-06 16:20:32', 'trans', '::1', 'admin', '', 'Mozilla/5.0 (Windows NT 10.0; Win64; x64) AppleWebKit/537.36 (KHTML, like Gecko) Chrome/120.0.0.0 Sa', '', 'invoice no R31 Purchase transaction created by admin', 21),
(1408, '2024-01-06 16:20:46', 'trans', '::1', 'admin', '', 'Mozilla/5.0 (Windows NT 10.0; Win64; x64) AppleWebKit/537.36 (KHTML, like Gecko) Chrome/120.0.0.0 Sa', '', 'invoice no JV67 Payment Receipt transaction created by admin', 21),
(1409, '2024-01-06 16:24:35', 'trans', '::1', 'admin', '', 'Mozilla/5.0 (Windows NT 10.0; Win64; x64) AppleWebKit/537.36 (KHTML, like Gecko) Chrome/120.0.0.0 Sa', '', 'invoice no INV-12 Invoice transaction created by admin', 21),
(1410, '2024-01-06 16:55:38', 'Accounts', '::1', 'admin', '', 'Mozilla/5.0 (Windows NT 10.0; Win64; x64) AppleWebKit/537.36 (KHTML, like Gecko) Chrome/120.0.0.0 Sa', '', 'invoice no JV67 Journal Entry added by admin', 21),
(1411, '2024-01-06 17:05:05', 'Accounts', '::1', 'admin', '', 'Mozilla/5.0 (Windows NT 10.0; Win64; x64) AppleWebKit/537.36 (KHTML, like Gecko) Chrome/120.0.0.0 Sa', '', 'invoice no JV68 Journal Entry added by admin', 21),
(1412, '2024-01-06 17:05:34', 'Accounts', '::1', 'admin', '', 'Mozilla/5.0 (Windows NT 10.0; Win64; x64) AppleWebKit/537.36 (KHTML, like Gecko) Chrome/120.0.0.0 Sa', '', 'invoice no JV68 Journal Entry added by admin', 21),
(1413, '2024-01-06 17:09:34', 'Accounts', '::1', 'admin', '', 'Mozilla/5.0 (Windows NT 10.0; Win64; x64) AppleWebKit/537.36 (KHTML, like Gecko) Chrome/120.0.0.0 Sa', '', 'invoice no JV68 Journal Entry added by admin', 21),
(1414, '2024-01-06 17:09:43', 'Accounts', '::1', 'admin', '', 'Mozilla/5.0 (Windows NT 10.0; Win64; x64) AppleWebKit/537.36 (KHTML, like Gecko) Chrome/120.0.0.0 Sa', '', 'invoice no JV68 Journal Entry added by admin', 21),
(1415, '2024-01-06 17:11:30', 'Accounts', '::1', 'admin', '', 'Mozilla/5.0 (Windows NT 10.0; Win64; x64) AppleWebKit/537.36 (KHTML, like Gecko) Chrome/120.0.0.0 Sa', '', 'invoice no JV69 Journal Entry added by admin', 21),
(1416, '2024-01-06 17:16:36', 'Accounts', '::1', 'admin', '', 'Mozilla/5.0 (Windows NT 10.0; Win64; x64) AppleWebKit/537.36 (KHTML, like Gecko) Chrome/120.0.0.0 Sa', '', 'invoice no JV68 Journal Entry added by admin', 21),
(1417, '2024-01-06 17:38:43', 'trans', '::1', 'admin', '', 'Mozilla/5.0 (Windows NT 10.0; Win64; x64) AppleWebKit/537.36 (KHTML, like Gecko) Chrome/120.0.0.0 Sa', '', 'invoice no E8 Sale transaction created by admin', 21),
(1418, '2024-01-09 10:57:46', 'Admin', '::1', 'admin', '', 'Mozilla/5.0 (Windows NT 10.0; Win64; x64) AppleWebKit/537.36 (KHTML, like Gecko) Chrome/120.0.0.0 Sa', '', 'admin User logged in by admin', 21),
(1419, '2024-01-09 18:40:52', 'trans', '::1', 'admin', '', 'Mozilla/5.0 (Windows NT 10.0; Win64; x64) AppleWebKit/537.36 (KHTML, like Gecko) Chrome/120.0.0.0 Sa', '', 'invoice no INV-13 Invoice transaction created by admin', 21),
(1420, '2024-01-09 19:00:17', 'trans', '::1', 'admin', '', 'Mozilla/5.0 (Windows NT 10.0; Win64; x64) AppleWebKit/537.36 (KHTML, like Gecko) Chrome/120.0.0.0 Sa', '', 'invoice no INV-14 Invoice transaction created by admin', 21),
(1421, '2024-01-09 19:02:47', 'Accounts', '::1', 'admin', '', 'Mozilla/5.0 (Windows NT 10.0; Win64; x64) AppleWebKit/537.36 (KHTML, like Gecko) Chrome/120.0.0.0 Sa', '', 'invoice no INV-14 Journal Entry added by admin', 21),
(1422, '2024-01-09 19:03:09', 'Accounts', '::1', 'admin', '', 'Mozilla/5.0 (Windows NT 10.0; Win64; x64) AppleWebKit/537.36 (KHTML, like Gecko) Chrome/120.0.0.0 Sa', '', 'invoice no INV-14 Journal Entry added by admin', 21),
(1423, '2024-01-09 19:04:34', 'Accounts', '::1', 'admin', '', 'Mozilla/5.0 (Windows NT 10.0; Win64; x64) AppleWebKit/537.36 (KHTML, like Gecko) Chrome/120.0.0.0 Sa', '', 'invoice no JV68 Journal Entry added by admin', 21),
(1424, '2024-01-09 16:43:38', 'Admin', '::1', 'admin', '', 'Mozilla/5.0 (Windows NT 10.0; Win64; x64) AppleWebKit/537.36 (KHTML, like Gecko) Chrome/120.0.0.0 Sa', '', 'admin User logged in by admin', 21),
(1425, '2024-01-09 16:45:26', 'Admin', '::1', 'admin', '', 'Mozilla/5.0 (Windows NT 10.0; Win64; x64) AppleWebKit/537.36 (KHTML, like Gecko) Chrome/120.0.0.0 Sa', '', 'admin User logged in by admin', 21),
(1426, '2024-01-09 16:51:00', 'Admin', '::1', 'admin', '', 'Mozilla/5.0 (Windows NT 10.0; Win64; x64) AppleWebKit/537.36 (KHTML, like Gecko) Chrome/120.0.0.0 Sa', '', 'admin User logged out by admin', 21),
(1427, '2024-01-09 16:54:10', 'Admin', '::1', 'admin', '', 'Mozilla/5.0 (Windows NT 10.0; Win64; x64) AppleWebKit/537.36 (KHTML, like Gecko) Chrome/120.0.0.0 Sa', '', 'admin User logged in by admin', 21),
(1428, '2024-01-09 16:54:15', 'Admin', '::1', 'admin', '', 'Mozilla/5.0 (Windows NT 10.0; Win64; x64) AppleWebKit/537.36 (KHTML, like Gecko) Chrome/120.0.0.0 Sa', '', 'admin User logged out by admin', 21),
(1429, '2024-01-09 16:57:30', 'Admin', '::1', 'admin', '', 'Mozilla/5.0 (Windows NT 10.0; Win64; x64) AppleWebKit/537.36 (KHTML, like Gecko) Chrome/120.0.0.0 Sa', '', 'admin User logged in by admin', 21);
INSERT INTO `logs` (`id`, `date`, `module`, `host_ip`, `user`, `url`, `user_agent`, `message_title`, `message_desc`, `company_id`) VALUES
(1430, '2024-01-09 16:57:34', 'Admin', '::1', 'admin', '', 'Mozilla/5.0 (Windows NT 10.0; Win64; x64) AppleWebKit/537.36 (KHTML, like Gecko) Chrome/120.0.0.0 Sa', '', 'admin User logged out by admin', 21),
(1431, '2024-01-10 16:37:39', 'Admin', '::1', 'admin', '', 'Mozilla/5.0 (Windows NT 10.0; Win64; x64) AppleWebKit/537.36 (KHTML, like Gecko) Chrome/120.0.0.0 Sa', '', 'admin User logged in by admin', 21),
(1432, '2024-01-10 21:39:00', 'Banking', '::1', 'admin', '', 'Mozilla/5.0 (Windows NT 10.0; Win64; x64) AppleWebKit/537.36 (KHTML, like Gecko) Chrome/120.0.0.0 Sa', '', 'invoice no JV68 Accept bank transaction created by admin', 21),
(1433, '2024-01-15 15:31:36', 'Admin', '::1', 'admin', '', 'Mozilla/5.0 (Windows NT 10.0; Win64; x64) AppleWebKit/537.36 (KHTML, like Gecko) Chrome/120.0.0.0 Sa', '', 'admin User logged in by admin', 21),
(1434, '2024-01-15 20:32:03', 'trans', '::1', 'admin', '', 'Mozilla/5.0 (Windows NT 10.0; Win64; x64) AppleWebKit/537.36 (KHTML, like Gecko) Chrome/120.0.0.0 Sa', '', 'invoice no E9 Sale transaction created by admin', 21),
(1435, '2024-01-15 21:47:37', 'trans', '::1', 'admin', '', 'Mozilla/5.0 (Windows NT 10.0; Win64; x64) AppleWebKit/537.36 (KHTML, like Gecko) Chrome/120.0.0.0 Sa', '', 'invoice no INV-15 Invoice transaction created by admin', 21),
(1436, '2024-01-15 21:47:37', 'trans', '::1', 'admin', '', 'Mozilla/5.0 (Windows NT 10.0; Win64; x64) AppleWebKit/537.36 (KHTML, like Gecko) Chrome/120.0.0.0 Sa', '', 'invoice no INV-15 Invoice transaction created by admin', 21),
(1437, '2024-01-15 22:14:51', 'trans', '::1', 'admin', '', 'Mozilla/5.0 (Windows NT 10.0; Win64; x64) AppleWebKit/537.36 (KHTML, like Gecko) Chrome/120.0.0.0 Sa', '', 'invoice no INV-15 Invoice transaction created by admin', 21),
(1438, '2024-01-15 22:14:51', 'trans', '::1', 'admin', '', 'Mozilla/5.0 (Windows NT 10.0; Win64; x64) AppleWebKit/537.36 (KHTML, like Gecko) Chrome/120.0.0.0 Sa', '', 'invoice no INV-15 Invoice transaction created by admin', 21),
(1439, '2024-01-15 22:15:26', 'trans', '::1', 'admin', '', 'Mozilla/5.0 (Windows NT 10.0; Win64; x64) AppleWebKit/537.36 (KHTML, like Gecko) Chrome/120.0.0.0 Sa', '', 'invoice no INV-16 Invoice transaction created by admin', 21),
(1440, '2024-01-15 22:58:13', 'trans', '::1', 'admin', '', 'Mozilla/5.0 (Windows NT 10.0; Win64; x64) AppleWebKit/537.36 (KHTML, like Gecko) Chrome/120.0.0.0 Sa', '', 'invoice no E9 Sale transaction created by admin', 21),
(1441, '2024-01-17 15:23:39', 'Admin', '::1', 'admin', '', 'Mozilla/5.0 (Windows NT 10.0; Win64; x64) AppleWebKit/537.36 (KHTML, like Gecko) Chrome/120.0.0.0 Sa', '', 'admin User logged in by admin', 21),
(1442, '2024-01-17 20:38:25', 'Banking', '::1', 'admin', '', 'Mozilla/5.0 (Windows NT 10.0; Win64; x64) AppleWebKit/537.36 (KHTML, like Gecko) Chrome/120.0.0.0 Sa', '', 'invoice no JV69 Accept bank transaction created by admin', 21),
(1443, '2024-01-17 21:13:51', 'trans', '::1', 'admin', '', 'Mozilla/5.0 (Windows NT 10.0; Win64; x64) AppleWebKit/537.36 (KHTML, like Gecko) Chrome/120.0.0.0 Sa', '', 'invoice no JV70 Payment Receipt transaction created by admin', 21),
(1444, '2024-01-17 23:02:22', 'trans', '::1', 'admin', '', 'Mozilla/5.0 (Windows NT 10.0; Win64; x64) AppleWebKit/537.36 (KHTML, like Gecko) Chrome/120.0.0.0 Sa', '', 'invoice no E9 Sale transaction created by admin', 21),
(1445, '2024-01-17 23:02:43', 'trans', '::1', 'admin', '', 'Mozilla/5.0 (Windows NT 10.0; Win64; x64) AppleWebKit/537.36 (KHTML, like Gecko) Chrome/120.0.0.0 Sa', '', 'invoice no E9 Sale transaction created by admin', 21),
(1446, '2024-01-17 23:02:43', 'trans', '::1', 'admin', '', 'Mozilla/5.0 (Windows NT 10.0; Win64; x64) AppleWebKit/537.36 (KHTML, like Gecko) Chrome/120.0.0.0 Sa', '', 'invoice no E9 Sale transaction created by admin', 21),
(1447, '2024-01-17 23:03:19', 'trans', '::1', 'admin', '', 'Mozilla/5.0 (Windows NT 10.0; Win64; x64) AppleWebKit/537.36 (KHTML, like Gecko) Chrome/120.0.0.0 Sa', '', 'invoice no E9 Sale transaction created by admin', 21),
(1448, '2024-01-17 23:03:19', 'trans', '::1', 'admin', '', 'Mozilla/5.0 (Windows NT 10.0; Win64; x64) AppleWebKit/537.36 (KHTML, like Gecko) Chrome/120.0.0.0 Sa', '', 'invoice no E9 Sale transaction created by admin', 21),
(1449, '2024-01-18 12:18:23', 'Admin', '::1', 'admin', '', 'Mozilla/5.0 (Windows NT 10.0; Win64; x64) AppleWebKit/537.36 (KHTML, like Gecko) Chrome/120.0.0.0 Sa', '', 'admin User logged in by admin', 21),
(1450, '2024-01-18 12:18:23', 'Admin', '::1', 'admin', '', 'Mozilla/5.0 (Windows NT 10.0; Win64; x64) AppleWebKit/537.36 (KHTML, like Gecko) Chrome/120.0.0.0 Sa', '', 'admin User logged in by admin', 21),
(1451, '2024-01-18 17:23:45', 'Banking', '::1', 'admin', '', 'Mozilla/5.0 (Windows NT 10.0; Win64; x64) AppleWebKit/537.36 (KHTML, like Gecko) Chrome/120.0.0.0 Sa', '', 'invoice no JV71 Accept bank transaction created by admin', 21),
(1452, '2024-01-18 18:15:17', 'Admin', '::1', 'admin', '', 'Mozilla/5.0 (Windows NT 10.0; Win64; x64) AppleWebKit/537.36 (KHTML, like Gecko) Chrome/120.0.0.0 Sa', '', 'admin User logged in by admin', 21),
(1453, '2024-01-19 17:16:00', 'Admin', '::1', 'admin', '', 'Mozilla/5.0 (Windows NT 10.0; Win64; x64) AppleWebKit/537.36 (KHTML, like Gecko) Chrome/120.0.0.0 Sa', '', 'admin User logged in by admin', 21),
(1454, '2024-01-19 17:39:22', 'Admin', '::1', 'admin', '', 'Mozilla/5.0 (Windows NT 10.0; Win64; x64) AppleWebKit/537.36 (KHTML, like Gecko) Chrome/120.0.0.0 Sa', '', 'admin User logged in by admin', 21),
(1455, '2024-01-22 16:35:53', 'Admin', '::1', 'admin', '', 'Mozilla/5.0 (Windows NT 10.0; Win64; x64) AppleWebKit/537.36 (KHTML, like Gecko) Chrome/120.0.0.0 Sa', '', 'admin User logged in by admin', 21),
(1456, '2024-01-23 14:01:23', 'Admin', '::1', 'admin', '', 'Mozilla/5.0 (Windows NT 10.0; Win64; x64) AppleWebKit/537.36 (KHTML, like Gecko) Chrome/120.0.0.0 Sa', '', 'admin User logged in by admin', 21),
(1457, '2024-01-27 10:24:42', 'Admin', '::1', 'admin', '', 'Mozilla/5.0 (Windows NT 10.0; Win64; x64) AppleWebKit/537.36 (KHTML, like Gecko) Chrome/120.0.0.0 Sa', '', 'admin User logged in by admin', 21),
(1458, '2024-01-27 10:36:48', 'Admin', '::1', 'admin', '', 'Mozilla/5.0 (Windows NT 10.0; Win64; x64) AppleWebKit/537.36 (KHTML, like Gecko) Chrome/120.0.0.0 Sa', '', 'admin User logged in by admin', 21),
(1459, '2024-01-27 12:42:13', 'Admin', '::1', 'admin', '', 'Mozilla/5.0 (Windows NT 10.0; Win64; x64) AppleWebKit/537.36 (KHTML, like Gecko) Chrome/120.0.0.0 Sa', '', 'admin User logged out by admin', 21),
(1460, '2024-01-31 15:54:20', 'Admin', '::1', 'admin', '', 'Mozilla/5.0 (Windows NT 10.0; Win64; x64) AppleWebKit/537.36 (KHTML, like Gecko) Chrome/120.0.0.0 Sa', '', 'admin User logged in by admin', 21),
(1461, '2024-02-06 15:58:51', 'Admin', '::1', 'admin', '', 'Mozilla/5.0 (Windows NT 10.0; Win64; x64) AppleWebKit/537.36 (KHTML, like Gecko) Chrome/121.0.0.0 Sa', '', 'admin User logged in by admin', 21),
(1462, '2024-02-19 14:27:41', 'Admin', '::1', 'admin', '', 'Mozilla/5.0 (Windows NT 10.0; Win64; x64) AppleWebKit/537.36 (KHTML, like Gecko) Chrome/121.0.0.0 Sa', '', 'admin User logged in by admin', 21),
(1463, '2024-02-19 19:28:23', 'trans', '::1', 'admin', '', 'Mozilla/5.0 (Windows NT 10.0; Win64; x64) AppleWebKit/537.36 (KHTML, like Gecko) Chrome/121.0.0.0 Sa', '', 'invoice no JV72 Payment Receipt transaction created by admin', 21),
(1464, '2024-02-19 19:29:07', 'trans', '::1', 'admin', '', 'Mozilla/5.0 (Windows NT 10.0; Win64; x64) AppleWebKit/537.36 (KHTML, like Gecko) Chrome/121.0.0.0 Sa', '', 'invoice no JV73 Payment Receipt transaction created by admin', 21);

-- --------------------------------------------------------

--
-- Table structure for table `mfg_bom`
--

CREATE TABLE `mfg_bom` (
  `id` int(11) NOT NULL,
  `item_id` int(11) NOT NULL,
  `component` char(20) COLLATE utf8_unicode_ci NOT NULL DEFAULT '',
  `workcentre_added` int(11) NOT NULL DEFAULT '0',
  `loc_code` char(5) COLLATE utf8_unicode_ci NOT NULL DEFAULT '',
  `quantity` double NOT NULL DEFAULT '1',
  `company_id` int(11) NOT NULL,
  `date_created` timestamp NOT NULL DEFAULT CURRENT_TIMESTAMP,
  `date_updated` datetime DEFAULT NULL
) ENGINE=InnoDB DEFAULT CHARSET=utf8 COLLATE=utf8_unicode_ci;

--
-- Dumping data for table `mfg_bom`
--

INSERT INTO `mfg_bom` (`id`, `item_id`, `component`, `workcentre_added`, `loc_code`, `quantity`, `company_id`, `date_created`, `date_updated`) VALUES
(1, 7, '1', 1, '', 1, 21, '2020-08-09 07:36:00', NULL),
(5, 12, '1', 1, '', 1, 21, '2020-08-09 11:54:33', NULL),
(6, 12, '2', 1, '', 2, 21, '2020-08-09 11:54:41', NULL),
(7, 6, '3', 1, '', 1, 21, '2020-08-09 12:36:10', NULL),
(8, 6, '11', 1, '', 1, 21, '2020-08-09 12:36:25', NULL),
(9, 7, '2', 2, '', 1, 21, '2020-08-10 19:23:08', NULL),
(10, 11, '1', 1, '', 2, 21, '2020-09-13 07:34:30', NULL),
(11, 11, '2', 1, '', 1, 21, '2020-09-13 07:34:36', NULL);

-- --------------------------------------------------------

--
-- Table structure for table `mfg_workcenters`
--

CREATE TABLE `mfg_workcenters` (
  `id` int(11) NOT NULL,
  `company_id` int(11) NOT NULL,
  `name` char(40) COLLATE utf8_unicode_ci NOT NULL DEFAULT '',
  `description` char(50) COLLATE utf8_unicode_ci NOT NULL DEFAULT '',
  `status` tinyint(1) NOT NULL DEFAULT '0',
  `date_created` timestamp NOT NULL DEFAULT CURRENT_TIMESTAMP,
  `date_updated` datetime DEFAULT NULL
) ENGINE=InnoDB DEFAULT CHARSET=utf8 COLLATE=utf8_unicode_ci;

-- --------------------------------------------------------

--
-- Table structure for table `mfg_workorders`
--

CREATE TABLE `mfg_workorders` (
  `id` int(11) NOT NULL,
  `wo_ref` varchar(60) COLLATE utf8_unicode_ci NOT NULL DEFAULT '',
  `loc_code` varchar(5) COLLATE utf8_unicode_ci NOT NULL DEFAULT '',
  `units_reqd` double NOT NULL DEFAULT '1',
  `item_id` int(20) NOT NULL,
  `date` date NOT NULL,
  `type` tinyint(4) NOT NULL DEFAULT '0',
  `required_by` date NOT NULL,
  `released_date` date NOT NULL,
  `units_issued` double NOT NULL DEFAULT '0',
  `closed` tinyint(1) NOT NULL DEFAULT '0',
  `released` tinyint(1) NOT NULL DEFAULT '0',
  `additional_costs` double NOT NULL DEFAULT '0',
  `company_id` int(11) NOT NULL,
  `date_created` timestamp NOT NULL DEFAULT CURRENT_TIMESTAMP,
  `date_updated` datetime DEFAULT NULL
) ENGINE=InnoDB DEFAULT CHARSET=utf8 COLLATE=utf8_unicode_ci;

-- --------------------------------------------------------

--
-- Table structure for table `mfg_wo_costing`
--

CREATE TABLE `mfg_wo_costing` (
  `id` int(11) NOT NULL,
  `workorder_id` int(11) NOT NULL,
  `cost_type` tinyint(1) NOT NULL COMMENT '0=labor-cost, 1=overhead-cost',
  `amount` decimal(20,0) NOT NULL,
  `entry_id` int(11) NOT NULL,
  `date` date DEFAULT NULL,
  `date_created` timestamp NOT NULL DEFAULT CURRENT_TIMESTAMP,
  `company_id` int(11) NOT NULL
) ENGINE=MyISAM DEFAULT CHARSET=utf8 COLLATE=utf8_unicode_ci;

-- --------------------------------------------------------

--
-- Table structure for table `mfg_wo_manufacture`
--

CREATE TABLE `mfg_wo_manufacture` (
  `id` int(11) NOT NULL,
  `reference` varchar(100) COLLATE utf8_unicode_ci DEFAULT NULL,
  `workorder_id` int(11) NOT NULL DEFAULT '0',
  `quantity` double NOT NULL DEFAULT '0',
  `date_` date NOT NULL,
  `company_id` int(11) NOT NULL,
  `date_created` timestamp NOT NULL DEFAULT CURRENT_TIMESTAMP,
  `date_updated` datetime NOT NULL
) ENGINE=InnoDB DEFAULT CHARSET=utf8 COLLATE=utf8_unicode_ci;

-- --------------------------------------------------------

--
-- Table structure for table `mfg_wo_requirements`
--

CREATE TABLE `mfg_wo_requirements` (
  `id` int(11) NOT NULL,
  `workorder_id` int(11) NOT NULL DEFAULT '0',
  `item_id` int(20) NOT NULL DEFAULT '0',
  `workcenter_id` int(11) NOT NULL DEFAULT '0',
  `units_req` double NOT NULL DEFAULT '1',
  `unit_cost` double NOT NULL DEFAULT '0',
  `loc_code` char(5) COLLATE utf8_unicode_ci NOT NULL DEFAULT '',
  `units_issued` double NOT NULL DEFAULT '0',
  `company_id` int(11) NOT NULL,
  `date_created` timestamp NOT NULL DEFAULT CURRENT_TIMESTAMP,
  `date_updated` datetime NOT NULL
) ENGINE=InnoDB DEFAULT CHARSET=utf8 COLLATE=utf8_unicode_ci;

-- --------------------------------------------------------

--
-- Table structure for table `modules`
--

CREATE TABLE `modules` (
  `id` int(255) NOT NULL,
  `parent_id` int(255) NOT NULL,
  `name` varchar(50) NOT NULL,
  `title` varchar(50) NOT NULL,
  `title_ur` varchar(50) NOT NULL,
  `title_ar` varchar(100) NOT NULL,
  `icon` varchar(50) NOT NULL,
  `path` varchar(50) NOT NULL,
  `sort` varchar(10) NOT NULL,
  `status` enum('active','inactive') NOT NULL
) ENGINE=InnoDB DEFAULT CHARSET=utf8;

--
-- Dumping data for table `modules`
--

INSERT INTO `modules` (`id`, `parent_id`, `name`, `title`, `title_ur`, `title_ar`, `icon`, `path`, `sort`, `status`) VALUES
(1, 0, 'Dashboard', 'Dashboard', 'Dashboard', ' ', 'icon-home', '#', '10', 'active'),
(2, 0, 'pos', 'Sales', 'Gelirler', 'Sales', 'fa fa-list', '#', '12', 'active'),
(3, 0, 'accounts', 'Accounts', 'Hesaplar', '', 'fa fa-th-large', '#', '20', 'active'),
(4, 0, 'trans', 'Expenses', 'Masraflar', '', 'fa fa-exchange', '#', '15', 'active'),
(5, 0, 'reports', 'Reports', 'Raporlar ', '', 'fa fa-bar-chart-o fa', '#', '25', 'active'),
(6, 0, 'banking', 'Banking', 'Bankaclk', '', 'fa fa-bank fa', '#', '18', 'active'),
(7, 2, 'Categories', 'Categories', 'Kategoriler', '', 'fa fa-table fa-fw', 'Categories', '10', 'inactive'),
(8, 4, 'C_suppliers', 'Vendors', 'Satclar', '', 'fa fa-table fa-fw', 'C_suppliers', '20', 'active'),
(9, 2, 'Items', 'Products & Services', 'rnler', ' ', 'fa fa-files-o fa-fw', 'Items', '40', 'active'),
(11, 2, 'Sizes', 'Sizes', '', '', 'fa fa-edit fa-fw', 'Sizes', '60', 'inactive'),
(12, 4, 'C_receivings', 'Purchases', 'Almlar', '', 'fa fa-edit fa-fw', 'C_receivings/all', '10', 'active'),
(13, 4, 'C_bills', 'Bills', 'Faturalar', '', 'fa fa-edit fa-fw', 'C_bills/all', '12', 'active'),
(14, 2, 'C_sales', 'Sales Receipt', 'Sat makbuzu', '', 'fa fa-files-o fa-fw', 'C_sales/all', '20', 'active'),
(15, 3, 'C_groups', 'Chart of Accounts', 'Hesaplar', ' ', 'fa fa-files-o fa-fw', 'C_groups', '10', 'active'),
(16, 2, 'C_invoices', 'Invoices', 'Faturalar', '', 'fa fa-files-o fa-fw', 'C_invoices/all', '20', 'active'),
(17, 3, 'C_entries', 'Journal Entries', 'Gnlk girileri', '  ', 'fa fa-files-o fa-fw', 'C_entries', '30', 'active'),
(18, 5, 'C_receivingsreport', 'Purchase Report', 'Satn alma raporu', ' ', 'fa fa-files-o fa-fw', 'C_receivingsreport', '20', 'inactive'),
(19, 5, 'C_trial_balance', 'Trial Balance', 'Geici mizan', ' ', 'fa fa-files-o fa-fw', 'C_trial_balance', '30', 'active'),
(20, 6, 'C_fyear', 'Fiscal Year', 'Mali yl', ' ', 'fa fa-files-o fa-fw', 'C_fyear', '10', 'inactive'),
(21, 2, 'C_employees', 'Employees', 'Calanlar', '', 'fa fa-files-o fa-fw', 'C_employees', '30', 'inactive'),
(22, 2, 'C_customers', 'Customers', 'Mteriler', '', 'fa fa-files-o fa-fw', 'C_customers', '31', 'active'),
(23, 5, 'C_profitloss', 'Profit & Loss', 'Kar & Kayb', ' ', '', 'C_profitloss', '40', 'active'),
(24, 5, 'C_balancesheet', 'Balance Sheet', 'Bilano', ' ', '', 'C_balancesheet', '41', 'active'),
(25, 2, 'C_locations', 'Locations', 'Yerler', '', '', 'C_locations', '65', 'inactive'),
(26, 4, 'C_expenses', 'Expenses', 'Masraflar', '', 'fa fa-files-o fa-fw', 'C_expenses/allPayments', '30', 'inactive'),
(27, 5, 'C_yearreport', 'Annual Report', ' ', ' ', '', 'C_yearreport', '50', 'inactive'),
(28, 6, 'C_banking', 'Import Data', 'Bankaclk', ' ', '', 'C_banking', '42', 'active'),
(29, 2, 'C_units', 'Units', 'Birimler', '', '', 'C_units', '55', 'inactive'),
(30, 2, 'C_eventCalendar', 'Calendar', ' /  ', '', '', 'C_eventCalendar', '53', 'inactive'),
(31, 1, 'C_dashboard', 'View', 'Gr', '', '', 'C_dashboard', '10', 'active'),
(32, 2, 'C_areas', 'Employee Area', ' ', ' ', '', 'C_areas', '58', 'inactive'),
(33, 0, 'mfg', 'Manufacturing', '', '', 'fa fa-list', '#', '', 'inactive'),
(34, 33, 'C_workcenters', 'Work Centers', '  ', ' ', '', 'C_workcenters', '10', 'active'),
(35, 33, 'C_workorders', 'Work Orders', '  ', ' ', '', 'C_workorders', '20', 'active'),
(36, 33, 'C_billofmaterial', 'Bill of Material', '  ', ' ', '', 'C_billofmaterial', '15', 'active'),
(37, 2, 'C_estimate', 'Estimates', 'Tahminler', '', 'fa fa-files-o fa-fw', 'C_estimate/allestimate', '25', 'active'),
(38, 4, 'C_purchaseOrders', 'Purchase Orders', '', ' ', 'fa fa-edit fa-fw', 'C_purchaseOrders/allPurchaseorders', '10', 'inactive'),
(39, 4, 'C_sales', 'Sales v2', ' v2', ' v2', 'fa fa-files-o fa-fw', 'C_sales/allSalesv2', '21', 'inactive'),
(40, 5, 'C_salesreport', 'Sales Report', ' ', ' ', 'fa fa-files-o fa-fw', 'C_salesreport', '10', 'inactive'),
(41, 6, 'C_transfer', 'Transfer', 'Aktar', '  ', 'fa fa-files-o fa-fw', 'C_transfer/all', '35', 'active'),
(42, 6, 'C_bankDeposit', 'Bank Deposit', 'Mevduat hesab', '  ', 'fa fa-files-o fa-fw', 'C_bankDeposit/all', '40', 'active'),
(43, 5, 'C_accountReceivable', 'Account Receivable ', 'Alacak hesaplar', ' ', '', 'C_accountReceivable', '42', 'active'),
(44, 5, 'C_accountPayable', 'Account Payable ', 'denecek hesap', ' ', '', 'C_accountPayable', '43', 'active'),
(45, 6, 'C_connections', 'Bank Connections', 'Mevduat hesab', '  ', 'fa fa-files-o fa-fw', 'C_connections', '40', 'active');

-- --------------------------------------------------------

--
-- Stand-in structure for view `monthly_sales_view`
-- (See below for the actual view)
--
CREATE TABLE `monthly_sales_view` (
`sales_year` int(4)
,`sales_month` int(2)
,`total_sales` decimal(32,4)
);

-- --------------------------------------------------------

--
-- Table structure for table `pos_banking`
--

CREATE TABLE `pos_banking` (
  `id` int(20) NOT NULL,
  `bank_acc_code` varchar(20) COLLATE utf8_unicode_ci NOT NULL,
  `cash_acc_code` varchar(20) COLLATE utf8_unicode_ci NOT NULL,
  `bank_account_no` varchar(50) COLLATE utf8_unicode_ci NOT NULL,
  `bank_name` varchar(50) COLLATE utf8_unicode_ci NOT NULL,
  `acc_holder_name` varchar(30) COLLATE utf8_unicode_ci NOT NULL,
  `bank_branch` varchar(20) COLLATE utf8_unicode_ci NOT NULL,
  `creation_on` timestamp NOT NULL DEFAULT CURRENT_TIMESTAMP,
  `status` tinyint(1) NOT NULL,
  `company_id` int(20) DEFAULT NULL,
  `op_balance_dr` decimal(10,4) DEFAULT NULL,
  `op_balance_cr` decimal(10,4) DEFAULT NULL,
  `exchange_rate` decimal(10,4) DEFAULT NULL,
  `currency_id` int(20) DEFAULT NULL,
  `isBank` tinyint(1) NOT NULL DEFAULT '1'
) ENGINE=InnoDB DEFAULT CHARSET=utf8 COLLATE=utf8_unicode_ci;

--
-- Dumping data for table `pos_banking`
--

INSERT INTO `pos_banking` (`id`, `bank_acc_code`, `cash_acc_code`, `bank_account_no`, `bank_name`, `acc_holder_name`, `bank_branch`, `creation_on`, `status`, `company_id`, `op_balance_dr`, `op_balance_cr`, `exchange_rate`, `currency_id`, `isBank`) VALUES
(2, '1002', '', '123123', 'MCB', '', '', '2023-10-23 15:55:09', 1, 21, NULL, NULL, NULL, NULL, 1);

-- --------------------------------------------------------

--
-- Table structure for table `pos_bank_payments`
--

CREATE TABLE `pos_bank_payments` (
  `id` int(100) NOT NULL,
  `invoice_no` varchar(100) NOT NULL,
  `bank_id` int(100) NOT NULL,
  `account_code` varchar(100) NOT NULL,
  `dueTo_acc_code` varchar(100) NOT NULL,
  `ref_account_id` int(20) DEFAULT '0' COMMENT 'its bank id',
  `debit` double(15,4) NOT NULL,
  `credit` double(15,4) NOT NULL,
  `narration` text NOT NULL,
  `creation_date` timestamp NOT NULL DEFAULT CURRENT_TIMESTAMP,
  `date` date NOT NULL,
  `company_id` int(20) NOT NULL,
  `entry_id` int(20) DEFAULT NULL
) ENGINE=InnoDB DEFAULT CHARSET=utf8;

--
-- Dumping data for table `pos_bank_payments`
--

INSERT INTO `pos_bank_payments` (`id`, `invoice_no`, `bank_id`, `account_code`, `dueTo_acc_code`, `ref_account_id`, `debit`, `credit`, `narration`, `creation_date`, `date`, `company_id`, `entry_id`) VALUES
(2, 'S10', 1, '1002', '1001', 0, 0.0000, 1695.0000, 'narrantion', '2022-04-15 11:21:13', '2022-04-15', 21, 9),
(3, 'S12', 1, '1002', '1001', 0, 0.0000, 2995.0000, '', '2022-04-15 14:39:07', '2022-04-15', 21, 18),
(4, 'R4', 1, '1002', '1001', 0, 21500.0000, 0.0000, '', '2022-04-15 15:07:15', '2022-04-15', 21, 20),
(5, 'S13', 1, '1002', '1001', 0, 0.0000, 1100.0000, '', '2022-04-29 13:14:21', '2022-04-29', 21, 22),
(6, 'JV41', 2, '1002', '1001', 0, 470.7800, 0.0000, 'KIRKLAND\'S #540WEBSTERTX', '2023-10-23 18:46:18', '2023-06-09', 21, 1),
(7, 'JV42', 2, '1002', '1001', 0, 470.7800, 0.0000, 'KIRKLAND\'S #540WEBSTERTX', '2023-10-23 18:54:32', '2023-06-09', 21, 1),
(8, 'JV45', 2, '1002', '1001', 0, -36.7500, 0.0000, 'ALERT 360TULSAOK', '2023-12-26 17:42:56', '2023-09-02', 21, 1),
(10, 'JV68', 2, '1002', '1003', 0, 693.1800, 0.0000, '4TE*GEXA ENERGYHOUSTONTX', '2024-01-10 16:39:00', '2023-09-07', 21, 1),
(11, 'JV69', 2, '1002', '1004', 0, -54.1300, 0.0000, 'ZIGGYS TERMITE PEST ESTAFFORDTX', '2024-01-17 15:38:25', '2023-09-07', 21, 1),
(12, 'JV71', 2, '1002', '1004', 0, -36.7500, 0.0000, 'ALERT 360TULSAOK', '2024-01-18 12:23:45', '2024-01-18', 21, 1);

-- --------------------------------------------------------

--
-- Table structure for table `pos_categories`
--

CREATE TABLE `pos_categories` (
  `id` int(100) NOT NULL,
  `company_id` int(255) NOT NULL,
  `name` varchar(255) NOT NULL,
  `short_desc` varchar(255) NOT NULL,
  `long_desc` text NOT NULL,
  `status` enum('active','inactive') NOT NULL DEFAULT 'active',
  `parent_id` int(100) NOT NULL
) ENGINE=InnoDB DEFAULT CHARSET=utf8;

-- --------------------------------------------------------

--
-- Table structure for table `pos_colors`
--

CREATE TABLE `pos_colors` (
  `id` int(100) NOT NULL,
  `company_id` int(255) NOT NULL,
  `name` varchar(32) NOT NULL,
  `status` enum('active','inactive') NOT NULL
) ENGINE=InnoDB DEFAULT CHARSET=utf8;

-- --------------------------------------------------------

--
-- Table structure for table `pos_currencies`
--

CREATE TABLE `pos_currencies` (
  `id` int(11) NOT NULL,
  `country` varchar(100) DEFAULT NULL,
  `name` varchar(100) DEFAULT NULL,
  `code` varchar(25) DEFAULT NULL,
  `symbol` varchar(25) DEFAULT NULL,
  `thousand_separator` varchar(10) DEFAULT NULL,
  `decimal_separator` varchar(10) DEFAULT NULL,
  `company_id` int(20) NOT NULL,
  `status` tinyint(1) NOT NULL
) ENGINE=InnoDB DEFAULT CHARSET=utf8;

--
-- Dumping data for table `pos_currencies`
--

INSERT INTO `pos_currencies` (`id`, `country`, `name`, `code`, `symbol`, `thousand_separator`, `decimal_separator`, `company_id`, `status`) VALUES
(1, 'Albania', 'Leke', 'ALL', 'Lek', ',', '.', 4, 1),
(2, 'America', 'Dollars', 'USD', '$', ',', '.', 4, 1),
(3, 'Afghanistan', 'Afghanis', 'AF', '', ',', '.', 4, 1),
(4, 'Argentina', 'Pesos', 'ARS', '$', ',', '.', 4, 1),
(5, 'Aruba', 'Guilders', 'AWG', '', ',', '.', 4, 1),
(6, 'Australia', 'Dollars', 'AUD', '$', ',', '.', 4, 1),
(7, 'Azerbaijan', 'New Manats', 'AZ', '', ',', '.', 4, 1),
(8, 'Bahamas', 'Dollars', 'BSD', '$', ',', '.', 4, 1),
(9, 'Barbados', 'Dollars', 'BBD', '$', ',', '.', 4, 1),
(10, 'Belarus', 'Rubles', 'BYR', 'p.', ',', '.', 4, 1),
(11, 'Belgium', 'Euro', 'EUR', '', ',', '.', 4, 1),
(12, 'Beliz', 'Dollars', 'BZD', 'BZ$', ',', '.', 4, 1),
(13, 'Bermuda', 'Dollars', 'BMD', '$', ',', '.', 4, 1),
(14, 'Bolivia', 'Bolivianos', 'BOB', '$b', ',', '.', 4, 1),
(15, 'Bosnia and Herzegovina', 'Convertible Marka', 'BAM', 'KM', ',', '.', 4, 1),
(16, 'Botswana', 'Pulas', 'BWP', 'P', ',', '.', 4, 1),
(17, 'Bulgaria', 'Leva', 'BG', '', ',', '.', 4, 1),
(18, 'Brazil', 'Reais', 'BRL', 'R$', ',', '.', 4, 1),
(19, 'Britain (United Kingdom)', 'Pounds', 'GBP', '', ',', '.', 4, 1),
(20, 'Brunei Darussalam', 'Dollars', 'BND', '$', ',', '.', 4, 1),
(21, 'Cambodia', 'Riels', 'KHR', '', ',', '.', 4, 1),
(22, 'Canada', 'Dollars', 'CAD', '$', ',', '.', 4, 1),
(23, 'Cayman Islands', 'Dollars', 'KYD', '$', ',', '.', 4, 1),
(24, 'Chile', 'Pesos', 'CLP', '$', ',', '.', 4, 1),
(25, 'China', 'Yuan Renminbi', 'CNY', '', ',', '.', 4, 1),
(26, 'Colombia', 'Pesos', 'COP', '$', ',', '.', 4, 1),
(27, 'Costa Rica', 'Coln', 'CRC', '', ',', '.', 4, 1),
(28, 'Croatia', 'Kuna', 'HRK', 'kn', ',', '.', 4, 1),
(29, 'Cuba', 'Pesos', 'CUP', '', ',', '.', 4, 1),
(30, 'Cyprus', 'Euro', 'EUR', '', ',', '.', 4, 1),
(31, 'Czech Republic', 'Koruny', 'CZK', 'K', ',', '.', 4, 1),
(32, 'Denmark', 'Kroner', 'DKK', 'kr', ',', '.', 4, 1),
(33, 'Dominican Republic', 'Pesos', 'DOP ', 'RD$', ',', '.', 4, 1),
(34, 'East Caribbean', 'Dollars', 'XCD', '$', ',', '.', 4, 1),
(35, 'Egypt', 'Pounds', 'EGP', '', ',', '.', 4, 1),
(36, 'El Salvador', 'Colones', 'SVC', '$', ',', '.', 4, 1),
(37, 'England (United Kingdom)', 'Pounds', 'GBP', '', ',', '.', 4, 1),
(38, 'Euro', 'Euro', 'EUR', '', ',', '.', 4, 1),
(39, 'Falkland Islands', 'Pounds', 'FKP', '', ',', '.', 4, 1),
(40, 'Fiji', 'Dollars', 'FJD', '$', ',', '.', 4, 1),
(41, 'France', 'Euro', 'EUR', '', ',', '.', 4, 1),
(42, 'Ghana', 'Cedis', 'GHC', '', ',', '.', 4, 1),
(43, 'Gibraltar', 'Pounds', 'GIP', '', ',', '.', 4, 1),
(44, 'Greece', 'Euro', 'EUR', '', ',', '.', 4, 1),
(45, 'Guatemala', 'Quetzales', 'GTQ', 'Q', ',', '.', 4, 1),
(46, 'Guernsey', 'Pounds', 'GGP', '', ',', '.', 4, 1),
(47, 'Guyana', 'Dollars', 'GYD', '$', ',', '.', 4, 1),
(48, 'Holland (Netherlands)', 'Euro', 'EUR', '', ',', '.', 4, 1),
(49, 'Honduras', 'Lempiras', 'HNL', 'L', ',', '.', 4, 1),
(50, 'Hong Kong', 'Dollars', 'HKD', '$', ',', '.', 4, 1),
(51, 'Hungary', 'Forint', 'HUF', 'Ft', ',', '.', 4, 1),
(52, 'Iceland', 'Kronur', 'ISK', 'kr', ',', '.', 4, 1),
(53, 'India', 'Rupees', 'INR', 'Rp', ',', '.', 4, 1),
(54, 'Indonesia', 'Rupiahs', 'IDR', 'Rp', ',', '.', 4, 1),
(55, 'Iran', 'Rials', 'IRR', '', ',', '.', 4, 1),
(56, 'Ireland', 'Euro', 'EUR', '', ',', '.', 4, 1),
(57, 'Isle of Man', 'Pounds', 'IMP', '', ',', '.', 4, 1),
(58, 'Israel', 'New Shekels', 'ILS', '', ',', '.', 4, 1),
(59, 'Italy', 'Euro', 'EUR', '', ',', '.', 4, 1),
(60, 'Jamaica', 'Dollars', 'JMD', 'J$', ',', '.', 4, 1),
(61, 'Japan', 'Yen', 'JPY', '', ',', '.', 4, 1),
(62, 'Jersey', 'Pounds', 'JEP', '', ',', '.', 4, 1),
(63, 'Kazakhstan', 'Tenge', 'KZT', '', ',', '.', 4, 1),
(64, 'Korea (North)', 'Won', 'KPW', '', ',', '.', 4, 1),
(65, 'Korea (South)', 'Won', 'KRW', '', ',', '.', 4, 1),
(66, 'Kyrgyzstan', 'Soms', 'KGS', '', ',', '.', 4, 1),
(67, 'Laos', 'Kips', 'LAK', '', ',', '.', 4, 1),
(68, 'Latvia', 'Lati', 'LVL', 'Ls', ',', '.', 4, 1),
(69, 'Lebanon', 'Pounds', 'LBP', '', ',', '.', 4, 1),
(70, 'Liberia', 'Dollars', 'LRD', '$', ',', '.', 4, 1),
(71, 'Liechtenstein', 'Switzerland Francs', 'CHF', 'CHF', ',', '.', 4, 1),
(72, 'Lithuania', 'Litai', 'LTL', 'Lt', ',', '.', 4, 1),
(73, 'Luxembourg', 'Euro', 'EUR', '', ',', '.', 4, 1),
(74, 'Macedonia', 'Denars', 'MKD', '', ',', '.', 4, 1),
(75, 'Malaysia', 'Ringgits', 'MYR', 'RM', ',', '.', 4, 1),
(76, 'Malta', 'Euro', 'EUR', '', ',', '.', 4, 1),
(77, 'Mauritius', 'Rupees', 'MUR', '', ',', '.', 4, 1),
(78, 'Mexico', 'Pesos', 'MX', '$', ',', '.', 4, 1),
(79, 'Mongolia', 'Tugriks', 'MNT', '', ',', '.', 4, 1),
(80, 'Mozambique', 'Meticais', 'MZ', 'MT', ',', '.', 4, 1),
(81, 'Namibia', 'Dollars', 'NAD', '$', ',', '.', 4, 1),
(82, 'Nepal', 'Rupees', 'NPR', '', ',', '.', 4, 1),
(83, 'Netherlands Antilles', 'Guilders', 'ANG', '', ',', '.', 4, 1),
(84, 'Netherlands', 'Euro', 'EUR', '', ',', '.', 4, 1),
(85, 'New Zealand', 'Dollars', 'NZD', '$', ',', '.', 4, 1),
(86, 'Nicaragua', 'Cordobas', 'NIO', 'C$', ',', '.', 4, 1),
(87, 'Nigeria', 'Nairas', 'NG', '', ',', '.', 4, 1),
(88, 'North Korea', 'Won', 'KPW', '', ',', '.', 4, 1),
(89, 'Norway', 'Krone', 'NOK', 'kr', ',', '.', 4, 1),
(90, 'Oman', 'Rials', 'OMR', '', ',', '.', 4, 1),
(91, 'Pakistan', 'Rupees', 'PKR', '', ',', '.', 4, 1),
(92, 'Panama', 'Balboa', 'PAB', 'B/.', ',', '.', 4, 1),
(93, 'Paraguay', 'Guarani', 'PYG', 'Gs', ',', '.', 4, 1),
(94, 'Peru', 'Nuevos Soles', 'PE', 'S/.', ',', '.', 4, 1),
(95, 'Philippines', 'Pesos', 'PHP', 'Php', ',', '.', 4, 1),
(96, 'Poland', 'Zlotych', 'PL', 'z', ',', '.', 4, 1),
(97, 'Qatar', 'Rials', 'QAR', '', ',', '.', 4, 1),
(98, 'Romania', 'New Lei', 'RO', 'lei', ',', '.', 4, 1),
(99, 'Russia', 'Rubles', 'RUB', '', ',', '.', 4, 1),
(100, 'Saint Helena', 'Pounds', 'SHP', '', ',', '.', 4, 1),
(101, 'Saudi Arabia', 'Riyals', 'SAR', '', ',', '.', 4, 1),
(102, 'Serbia', 'Dinars', 'RSD', '.', ',', '.', 4, 1),
(103, 'Seychelles', 'Rupees', 'SCR', '', ',', '.', 4, 1),
(104, 'Singapore', 'Dollars', 'SGD', '$', ',', '.', 4, 1),
(105, 'Slovenia', 'Euro', 'EUR', '', ',', '.', 4, 1),
(106, 'Solomon Islands', 'Dollars', 'SBD', '$', ',', '.', 4, 1),
(107, 'Somalia', 'Shillings', 'SOS', 'S', ',', '.', 4, 1),
(108, 'South Africa', 'Rand', 'ZAR', 'R', ',', '.', 4, 1),
(109, 'South Korea', 'Won', 'KRW', '', ',', '.', 4, 1),
(110, 'Spain', 'Euro', 'EUR', '', ',', '.', 4, 1),
(111, 'Sri Lanka', 'Rupees', 'LKR', '', ',', '.', 4, 1),
(112, 'Sweden', 'Kronor', 'SEK', 'kr', ',', '.', 4, 1),
(113, 'Switzerland', 'Francs', 'CHF', 'CHF', ',', '.', 4, 1),
(114, 'Suriname', 'Dollars', 'SRD', '$', ',', '.', 4, 1),
(115, 'Syria', 'Pounds', 'SYP', '', ',', '.', 4, 1),
(116, 'Taiwan', 'New Dollars', 'TWD', 'NT$', ',', '.', 4, 1),
(117, 'Thailand', 'Baht', 'THB', '', ',', '.', 4, 1),
(118, 'Trinidad and Tobago', 'Dollars', 'TTD', 'TT$', ',', '.', 4, 1),
(119, 'Turkey', 'Lira', 'TRY', 'TL', ',', '.', 4, 1),
(120, 'Turkey', 'Liras', 'TRL', '', ',', '.', 4, 1),
(121, 'Tuvalu', 'Dollars', 'TVD', '$', ',', '.', 4, 1),
(122, 'Ukraine', 'Hryvnia', 'UAH', '', ',', '.', 4, 1),
(123, 'United Kingdom', 'Pounds', 'GBP', '', ',', '.', 4, 1),
(124, 'United States of America', 'Dollars', 'USD', '$', ',', '.', 4, 1),
(125, 'Uruguay', 'Pesos', 'UYU', '$U', ',', '.', 4, 1),
(126, 'Uzbekistan', 'Sums', 'UZS', '', ',', '.', 4, 1),
(127, 'Vatican City', 'Euro', 'EUR', '', ',', '.', 4, 1),
(128, 'Venezuela', 'Bolivares Fuertes', 'VEF', 'Bs', ',', '.', 4, 1),
(129, 'Vietnam', 'Dong', 'VND', '', ',', '.', 4, 1),
(130, 'Yemen', 'Rials', 'YER', '', ',', '.', 4, 1),
(131, 'Zimbabwe', 'Zimbabwe Dollars', 'ZWD', 'Z$', ',', '.', 4, 1);

-- --------------------------------------------------------

--
-- Table structure for table `pos_customers`
--

CREATE TABLE `pos_customers` (
  `id` int(255) NOT NULL,
  `company_id` int(255) NOT NULL,
  `store_name` varchar(255) COLLATE utf8_unicode_ci DEFAULT NULL,
  `first_name` varchar(255) COLLATE utf8_unicode_ci NOT NULL,
  `last_name` varchar(255) COLLATE utf8_unicode_ci DEFAULT NULL,
  `title` varchar(10) COLLATE utf8_unicode_ci DEFAULT NULL,
  `middle_name` varchar(50) COLLATE utf8_unicode_ci DEFAULT NULL,
  `phone_no` varchar(50) COLLATE utf8_unicode_ci DEFAULT NULL,
  `fax_no` varchar(50) COLLATE utf8_unicode_ci DEFAULT NULL,
  `website` varchar(50) COLLATE utf8_unicode_ci DEFAULT NULL,
  `address` varchar(255) COLLATE utf8_unicode_ci DEFAULT NULL,
  `email` varchar(255) COLLATE utf8_unicode_ci DEFAULT NULL,
  `mobile_no` varchar(50) COLLATE utf8_unicode_ci DEFAULT NULL,
  `city` varchar(255) COLLATE utf8_unicode_ci DEFAULT NULL,
  `country` varchar(255) COLLATE utf8_unicode_ci DEFAULT NULL,
  `status` enum('active','inactive') COLLATE utf8_unicode_ci NOT NULL,
  `posting_type_id` int(100) NOT NULL,
  `currency_id` int(10) DEFAULT '0',
  `op_balance_dr` decimal(10,4) DEFAULT '0.0000',
  `op_balance_cr` decimal(10,4) DEFAULT '0.0000',
  `exchange_rate` decimal(10,4) DEFAULT '0.0000',
  `created_on` timestamp NOT NULL DEFAULT CURRENT_TIMESTAMP,
  `acc_code` varchar(20) COLLATE utf8_unicode_ci DEFAULT NULL,
  `isCustomer` tinyint(1) NOT NULL DEFAULT '1',
  `passport_no` varchar(100) COLLATE utf8_unicode_ci DEFAULT NULL,
  `cnic` varchar(100) COLLATE utf8_unicode_ci DEFAULT NULL,
  `gender` varchar(30) COLLATE utf8_unicode_ci DEFAULT NULL,
  `dob` date DEFAULT NULL,
  `passport_issue_date` date DEFAULT NULL,
  `passport_expiry_date` date DEFAULT NULL,
  `father_name` text COLLATE utf8_unicode_ci,
  `emp_id` int(11) NOT NULL,
  `vat_no` varchar(100) COLLATE utf8_unicode_ci DEFAULT NULL
) ENGINE=InnoDB DEFAULT CHARSET=utf8 COLLATE=utf8_unicode_ci;

--
-- Dumping data for table `pos_customers`
--

INSERT INTO `pos_customers` (`id`, `company_id`, `store_name`, `first_name`, `last_name`, `title`, `middle_name`, `phone_no`, `fax_no`, `website`, `address`, `email`, `mobile_no`, `city`, `country`, `status`, `posting_type_id`, `currency_id`, `op_balance_dr`, `op_balance_cr`, `exchange_rate`, `created_on`, `acc_code`, `isCustomer`, `passport_no`, `cnic`, `gender`, `dob`, `passport_issue_date`, `passport_expiry_date`, `father_name`, `emp_id`, `vat_no`) VALUES
(1, 21, 'Saif Auto', 'Saif Auto', '', NULL, '', '', '', '', 'peshawar\r\n', 'saif@hotmail.com', '', '', ' Afghanistan ', 'active', 1, NULL, '0.0000', '0.0000', NULL, '2022-03-22 11:46:21', '1003', 1, NULL, NULL, NULL, NULL, NULL, NULL, NULL, 0, NULL),
(2, 21, 'Azim', 'Azeem', NULL, NULL, NULL, '03119809070', NULL, 'gmail', NULL, 'azee@gmail.com', NULL, NULL, NULL, 'active', 0, NULL, NULL, NULL, NULL, '2022-05-18 15:52:40', NULL, 1, NULL, NULL, NULL, NULL, NULL, NULL, NULL, 0, NULL),
(3, 21, 'Cust farid', 'Customer 1', '', NULL, '', '', '', '', '', 'farid@gmail.com', '', '', ' Afghanistan ', 'active', 1, NULL, '0.0000', '0.0000', NULL, '2022-05-18 15:56:04', '', 1, NULL, NULL, NULL, NULL, NULL, NULL, NULL, 0, NULL),
(4, 21, 'ali', 'Ali', 'khan', NULL, '', '', '', '', '', 'ali@domail.com', '', '', '', 'inactive', 0, NULL, NULL, NULL, NULL, '2022-11-02 16:59:51', NULL, 1, NULL, NULL, NULL, NULL, NULL, NULL, NULL, 0, NULL),
(5, 21, 'khybersoft', 'ihsan', 'Ullah', NULL, '', '03119809070', NULL, NULL, 'FF852 Deans Trade Center', 'ahsankhan50@gmail.com', '', 'Peshawar', ' Pakistan ', 'active', 0, NULL, NULL, NULL, NULL, '2022-12-13 10:52:30', NULL, 1, NULL, NULL, NULL, NULL, NULL, NULL, NULL, 0, NULL),
(6, 21, 'kasbook', 'Ahsan', 'Ullah', NULL, '', '03119809070', NULL, NULL, 'FF852 Deans Trade Center', 'ahsankhan_50@yahoo.com', '', 'Peshawar', ' Pakistan ', 'active', 0, NULL, NULL, NULL, NULL, '2023-02-13 18:40:08', NULL, 1, NULL, NULL, NULL, NULL, NULL, NULL, NULL, 0, NULL),
(7, 28, 'Kashif', 'Kashif', NULL, NULL, NULL, '', NULL, '', NULL, 'kashif@jomail.com', NULL, NULL, NULL, 'active', 0, NULL, NULL, NULL, NULL, '2023-10-08 14:22:13', NULL, 1, NULL, NULL, NULL, NULL, NULL, NULL, NULL, 0, NULL),
(8, 21, NULL, 'aswad', NULL, NULL, NULL, '234234', NULL, NULL, 'FF852 Deans Trade Center', 'aswad@gmia.com', NULL, NULL, NULL, 'active', 0, 0, '0.0000', '0.0000', '0.0000', '2024-02-24 13:00:55', NULL, 1, NULL, NULL, NULL, NULL, NULL, NULL, NULL, 0, NULL),
(9, 21, NULL, 'Ahsan', NULL, NULL, NULL, '03119809070', NULL, NULL, 'FF852 Deans Trade Center', 'ahsankhan50@gmail.com', NULL, NULL, NULL, 'active', 0, 0, '0.0000', '0.0000', '0.0000', '2024-02-24 13:01:19', NULL, 1, NULL, NULL, NULL, NULL, NULL, NULL, NULL, 0, NULL),
(10, 21, NULL, 'asdf', NULL, NULL, NULL, 'adf', NULL, NULL, 'adf', 'adf', NULL, NULL, NULL, 'active', 0, 0, '0.0000', '0.0000', '0.0000', '2024-02-29 19:24:17', NULL, 1, NULL, NULL, NULL, NULL, NULL, NULL, NULL, 0, NULL),
(11, 21, NULL, '', NULL, NULL, NULL, '', NULL, NULL, '', '', NULL, NULL, NULL, 'active', 0, 0, '0.0000', '0.0000', '0.0000', '2024-02-29 19:25:18', NULL, 1, NULL, NULL, NULL, NULL, NULL, NULL, NULL, 0, NULL),
(12, 21, NULL, 'saleem', NULL, NULL, NULL, '', NULL, NULL, '', '', NULL, NULL, NULL, 'active', 0, 0, '0.0000', '0.0000', '0.0000', '2024-02-29 19:30:16', NULL, 1, NULL, NULL, NULL, NULL, NULL, NULL, NULL, 0, NULL),
(13, 21, NULL, 'saleemo', NULL, NULL, NULL, '', NULL, NULL, '', '', NULL, NULL, NULL, 'active', 0, 0, '0.0000', '0.0000', '0.0000', '2024-02-29 19:30:55', NULL, 1, NULL, NULL, NULL, NULL, NULL, NULL, NULL, 0, NULL),
(14, 21, NULL, 'asdfeq34345', NULL, NULL, NULL, '', NULL, NULL, '', '', NULL, NULL, NULL, 'active', 0, 0, '0.0000', '0.0000', '0.0000', '2024-02-29 19:47:36', NULL, 1, NULL, NULL, NULL, NULL, NULL, NULL, NULL, 0, NULL),
(15, 21, NULL, 'adf', NULL, NULL, NULL, '', NULL, NULL, '', '', NULL, NULL, NULL, 'active', 0, 0, '0.0000', '0.0000', '0.0000', '2024-02-29 19:49:09', NULL, 1, NULL, NULL, NULL, NULL, NULL, NULL, NULL, 0, NULL),
(16, 21, NULL, 'asdfasdf', NULL, NULL, NULL, '', NULL, NULL, '', '', NULL, NULL, NULL, 'active', 0, 0, '0.0000', '0.0000', '0.0000', '2024-02-29 19:51:05', NULL, 1, NULL, NULL, NULL, NULL, NULL, NULL, NULL, 0, NULL),
(17, 21, NULL, '23423', NULL, NULL, NULL, '', NULL, NULL, '', '', NULL, NULL, NULL, 'active', 0, 0, '0.0000', '0.0000', '0.0000', '2024-02-29 19:51:35', NULL, 1, NULL, NULL, NULL, NULL, NULL, NULL, NULL, 0, NULL),
(18, 21, NULL, 'ser32', NULL, NULL, NULL, '', NULL, NULL, '', '', NULL, NULL, NULL, 'active', 0, 0, '0.0000', '0.0000', '0.0000', '2024-02-29 19:51:57', NULL, 1, NULL, NULL, NULL, NULL, NULL, NULL, NULL, 0, NULL),
(19, 21, NULL, 'sfsdf', NULL, NULL, NULL, '', NULL, NULL, '', '', NULL, NULL, NULL, 'active', 0, 0, '0.0000', '0.0000', '0.0000', '2024-02-29 19:58:33', NULL, 1, NULL, NULL, NULL, NULL, NULL, NULL, NULL, 0, NULL),
(20, 21, NULL, '112233', NULL, NULL, NULL, '', NULL, NULL, '', '', NULL, NULL, NULL, 'active', 0, 0, '0.0000', '0.0000', '0.0000', '2024-02-29 20:01:28', NULL, 1, NULL, NULL, NULL, NULL, NULL, NULL, NULL, 0, NULL),
(21, 21, NULL, '4343', NULL, NULL, NULL, '', NULL, NULL, '', '', NULL, NULL, NULL, 'active', 0, 0, '0.0000', '0.0000', '0.0000', '2024-02-29 20:03:36', NULL, 1, NULL, NULL, NULL, NULL, NULL, NULL, NULL, 0, NULL);

-- --------------------------------------------------------

--
-- Table structure for table `pos_customer_payments`
--

CREATE TABLE `pos_customer_payments` (
  `id` int(100) NOT NULL,
  `invoice_no` varchar(100) NOT NULL,
  `customer_id` int(100) NOT NULL,
  `account_code` varchar(100) NOT NULL,
  `dueTo_acc_code` varchar(100) NOT NULL,
  `ref_account_id` int(20) DEFAULT '0' COMMENT 'its customer id dueTo',
  `debit` double(15,4) NOT NULL,
  `credit` double(15,4) NOT NULL,
  `narration` text,
  `creation_date` timestamp NOT NULL DEFAULT CURRENT_TIMESTAMP,
  `date` date NOT NULL,
  `exchange_rate` double(10,5) NOT NULL DEFAULT '0.00000',
  `company_id` int(20) NOT NULL,
  `entry_id` int(20) DEFAULT NULL,
  `due_date` date DEFAULT NULL
) ENGINE=InnoDB DEFAULT CHARSET=utf8;

--
-- Dumping data for table `pos_customer_payments`
--

INSERT INTO `pos_customer_payments` (`id`, `invoice_no`, `customer_id`, `account_code`, `dueTo_acc_code`, `ref_account_id`, `debit`, `credit`, `narration`, `creation_date`, `date`, `exchange_rate`, `company_id`, `entry_id`, `due_date`) VALUES
(4, 'JV23', 3, '1001', '1003', 0, 1000.0000, 0.0000, '', '2023-01-06 19:47:55', '2023-01-07', 1.00000, 21, 1, NULL),
(5, 'JV24', 3, '1001', '1003', 0, 0.0000, 1500.0000, '', '2023-01-06 19:49:48', '2023-01-07', 1.00000, 21, 1, NULL),
(6, 'S35', 3, '1003', '0', 0, 5000.0000, 0.0000, '', '2023-01-26 19:05:11', '2023-01-07', 1.00000, 21, 351, '2023-01-27'),
(7, 'S22', 1, '1001', '0', 0, 800.0000, 0.0000, '', '2023-01-26 19:05:28', '2022-05-24', 1.00000, 21, 355, '2022-05-26'),
(9, 'S36', 5, '1003', '0', 0, 900.0000, 0.0000, '', '2023-03-06 17:14:23', '2023-03-06', 1.00000, 21, 397, '2023-03-06'),
(10, 'S39', 6, '1003', '0', 0, 9000.0000, 0.0000, '', '2023-06-07 15:13:35', '2023-06-07', 1.00000, 21, 489, '2023-06-07'),
(11, 'JV30', 6, '1001', '1003', 0, 0.0000, 200.0000, '', '2023-06-17 08:51:07', '2023-06-17', 1.00000, 21, 495, '0000-00-00'),
(12, 'S40', 6, '1003', '1003', 0, 5200.0000, 0.0000, '', '2023-07-09 12:45:38', '2023-07-09', 1.00000, 21, 496, '2023-07-09'),
(13, 'S41', 6, '1003', '1003', 0, 1500.0000, 0.0000, '', '2023-07-09 12:49:29', '2023-07-09', 1.00000, 21, 500, '2023-07-09'),
(14, 'JV31', 6, '1001', '1003', 0, 0.0000, 1000.0000, '', '2023-07-09 13:01:40', '2023-07-09', 1.00000, 21, 505, '0000-00-00'),
(17, 'INV-2', 5, '1003', '1003', 0, 250.0000, 0.0000, '', '2023-07-24 18:25:35', '2023-07-24', 1.00000, 21, 520, '2023-07-24'),
(18, 'INV-3', 1, '1003', '1003', 0, 450.0000, 0.0000, '', '2023-07-24 18:25:57', '2023-07-24', 1.00000, 21, 524, '2023-07-24'),
(19, 'INV-4', 5, '1003', '1003', 0, 165000.0000, 0.0000, '', '2023-07-24 18:27:30', '2023-07-24', 1.00000, 21, 532, '2023-07-24'),
(20, 'INV-5', 2, '1003', '1003', 0, 454.0000, 0.0000, '', '2023-07-24 18:36:17', '2023-07-24', 1.00000, 21, 536, '2023-07-24'),
(23, 'JV33', 5, '1001', '1003', 0, 0.0000, 1000.0000, '', '2023-07-24 19:10:57', '2023-07-25', 1.00000, 21, 549, '0000-00-00'),
(25, 'JV33', 5, '1001', '1003', 0, 0.0000, 1000.0000, '', '2023-07-24 19:22:23', '2023-07-25', 1.00000, 21, 561, '0000-00-00'),
(27, 'JV33', 5, '1001', '1003', 0, 0.0000, 1000.0000, '', '2023-07-24 19:24:50', '2023-07-25', 1.00000, 21, 568, '0000-00-00'),
(29, 'JV33', 5, '1001', '1003', 0, 0.0000, 2500.0000, '', '2023-07-24 19:27:24', '2023-07-25', 1.00000, 21, 575, '0000-00-00'),
(32, 'JV33', 5, '1001', '1003', 0, 0.0000, 500.0000, '', '2023-07-24 19:29:30', '2023-07-25', 1.00000, 21, 588, '0000-00-00'),
(34, 'INV-2', 3, '1003', '1003', 0, 15000.0000, 0.0000, '', '2023-07-24 19:49:42', '2023-07-25', 1.00000, 21, 595, '2023-07-25'),
(36, 'INV-1', 5, '1003', '1003', 0, 19250.0000, 0.0000, '', '2023-07-24 19:50:16', '2023-07-25', 1.00000, 21, 605, '2023-07-25'),
(37, 'INV-3', 0, '1003', '1003', 0, 333.0000, 0.0000, '', '2024-01-05 18:00:47', '2024-01-05', 1.00000, 21, 719, '2024-01-05'),
(38, 'INV-4', 6, '1001', '1001', 0, 233.0000, 0.0000, '', '2024-01-05 18:01:39', '2024-01-05', 1.00000, 21, 723, '2024-01-05'),
(39, 'INV-5', 5, '1001', '1001', 0, 333.0000, 0.0000, '', '2024-01-05 18:01:54', '2024-01-05', 1.00000, 21, 727, '2024-01-05'),
(40, 'INV-6', 2, '1003', '1003', 0, 333.0000, 0.0000, '', '2024-01-05 18:03:11', '2024-01-05', 1.00000, 21, 731, '2024-01-05'),
(41, 'INV-7', 1, '1003', '1003', 0, 444.0000, 0.0000, '', '2024-01-05 18:04:38', '2024-01-05', 1.00000, 21, 735, '2024-01-05'),
(42, 'INV-8', 3, '1003', '1003', 0, 3434.0000, 0.0000, '', '2024-01-05 18:04:56', '2024-01-05', 1.00000, 21, 739, '2024-01-05'),
(43, 'INV-9', 6, '1003', '1003', 0, 444.0000, 0.0000, '', '2024-01-05 18:05:08', '2024-01-05', 1.00000, 21, 743, '2024-01-05'),
(44, 'INV-10', 2, '1003', '1003', 0, 444.0000, 0.0000, '', '2024-01-05 18:05:22', '2024-01-05', 1.00000, 21, 747, '2024-01-05'),
(45, 'INV-10', 5, '1003', '1003', 0, 333.0000, 0.0000, '', '2024-01-05 18:05:30', '2024-01-05', 1.00000, 21, 751, '2024-01-05'),
(46, 'INV-10', 3, '1003', '1003', 0, 445.0000, 0.0000, '', '2024-01-05 18:15:44', '2024-01-05', 1.00000, 21, 755, '2024-01-05'),
(47, 'INV-11', 3, '1003', '1003', 0, 220.0000, 0.0000, '', '2024-01-05 18:31:15', '2024-01-05', 1.00000, 21, 759, '2024-01-05'),
(48, 'INV-12', 5, '1003', '1003', 0, 2333.0000, 0.0000, '', '2024-01-06 11:24:35', '2024-01-06', 1.00000, 21, 805, '2024-01-06'),
(50, 'INV-15', 5, '1003', '1003', 0, 500.0000, 0.0000, '', '2024-01-15 17:14:51', '2024-01-15', 1.00000, 21, 844, '2024-01-15'),
(51, 'INV-16', 6, '1003', '1003', 0, 2500.0000, 0.0000, '', '2024-01-15 17:15:26', '2024-01-15', 1.00000, 21, 849, '2024-01-15'),
(52, 'JV70', 5, '1001', '1003', 0, 0.0000, 210.0000, '', '2024-01-17 16:13:51', '2024-01-17', 1.00000, 21, 856, '0000-00-00'),
(53, 'JV72', 5, '1001', '1003', 0, 0.0000, 20000.0000, '', '2024-02-19 14:28:23', '2024-02-19', 1.00000, 21, 860, '0000-00-00'),
(54, 'JV73', 5, '1001', '1003', 0, 0.0000, 2333.0000, '', '2024-02-19 14:29:07', '2024-02-19', 1.00000, 21, 862, '0000-00-00');

-- --------------------------------------------------------

--
-- Table structure for table `pos_customer_payment_history`
--

CREATE TABLE `pos_customer_payment_history` (
  `id` int(20) NOT NULL,
  `customer_id` int(20) NOT NULL,
  `invoice_no` varchar(40) COLLATE utf8_unicode_ci NOT NULL,
  `sales_invoice_no` varchar(40) COLLATE utf8_unicode_ci NOT NULL,
  `amount` decimal(20,4) NOT NULL,
  `company_id` int(20) NOT NULL,
  `date_created` timestamp NOT NULL DEFAULT CURRENT_TIMESTAMP
) ENGINE=InnoDB DEFAULT CHARSET=utf8 COLLATE=utf8_unicode_ci;

-- --------------------------------------------------------

--
-- Table structure for table `pos_employees`
--

CREATE TABLE `pos_employees` (
  `id` int(255) NOT NULL,
  `company_id` int(255) NOT NULL,
  `salary_acc_code` varchar(100) COLLATE utf8_unicode_ci DEFAULT NULL,
  `cash_acc_code` varchar(100) COLLATE utf8_unicode_ci DEFAULT NULL,
  `first_name` varchar(255) COLLATE utf8_unicode_ci NOT NULL,
  `last_name` varchar(255) COLLATE utf8_unicode_ci DEFAULT NULL,
  `address` varchar(255) COLLATE utf8_unicode_ci DEFAULT NULL,
  `email` varchar(255) COLLATE utf8_unicode_ci DEFAULT NULL,
  `contact` varchar(255) COLLATE utf8_unicode_ci DEFAULT NULL,
  `city` varchar(255) COLLATE utf8_unicode_ci DEFAULT NULL,
  `country` varchar(255) COLLATE utf8_unicode_ci DEFAULT NULL,
  `dob` date DEFAULT NULL,
  `gender` enum('male','female') COLLATE utf8_unicode_ci NOT NULL,
  `status` enum('active','inactive') COLLATE utf8_unicode_ci NOT NULL,
  `hire_date` date DEFAULT NULL,
  `job_type` varchar(100) COLLATE utf8_unicode_ci NOT NULL,
  `created_on` timestamp NULL DEFAULT CURRENT_TIMESTAMP,
  `cnic` varchar(100) COLLATE utf8_unicode_ci DEFAULT NULL,
  `picture` varchar(150) COLLATE utf8_unicode_ci DEFAULT NULL,
  `father_name` varchar(255) COLLATE utf8_unicode_ci DEFAULT NULL,
  `area_id` int(20) DEFAULT NULL
) ENGINE=InnoDB DEFAULT CHARSET=utf8 COLLATE=utf8_unicode_ci;

-- --------------------------------------------------------

--
-- Table structure for table `pos_employee_payments`
--

CREATE TABLE `pos_employee_payments` (
  `id` int(100) NOT NULL,
  `invoice_no` varchar(100) NOT NULL,
  `employee_id` int(100) NOT NULL,
  `account_code` varchar(100) NOT NULL,
  `dueTo_acc_code` varchar(100) NOT NULL,
  `debit` double(15,4) NOT NULL,
  `credit` double(15,4) NOT NULL,
  `narration` text NOT NULL,
  `creation_date` timestamp NOT NULL DEFAULT CURRENT_TIMESTAMP,
  `date` date NOT NULL,
  `company_id` int(20) NOT NULL
) ENGINE=InnoDB DEFAULT CHARSET=utf8;

-- --------------------------------------------------------

--
-- Table structure for table `pos_emp_area`
--

CREATE TABLE `pos_emp_area` (
  `id` int(20) NOT NULL,
  `name` text COLLATE utf8_unicode_ci NOT NULL,
  `description` text COLLATE utf8_unicode_ci NOT NULL,
  `created_on` datetime NOT NULL DEFAULT CURRENT_TIMESTAMP,
  `status` varchar(20) COLLATE utf8_unicode_ci NOT NULL,
  `company_id` int(20) NOT NULL
) ENGINE=MyISAM DEFAULT CHARSET=utf8 COLLATE=utf8_unicode_ci;

-- --------------------------------------------------------

--
-- Table structure for table `pos_emp_modules`
--

CREATE TABLE `pos_emp_modules` (
  `id` int(100) NOT NULL,
  `emp_id` int(100) NOT NULL,
  `module_id` int(100) NOT NULL,
  `sub_module` int(20) DEFAULT '0',
  `can_create` tinyint(1) DEFAULT '0',
  `can_update` tinyint(1) DEFAULT '0',
  `can_delete` tinyint(1) DEFAULT '0',
  `createn_on` timestamp NOT NULL DEFAULT CURRENT_TIMESTAMP
) ENGINE=InnoDB DEFAULT CHARSET=utf8 COLLATE=utf8_unicode_ci;

--
-- Dumping data for table `pos_emp_modules`
--

INSERT INTO `pos_emp_modules` (`id`, `emp_id`, `module_id`, `sub_module`, `can_create`, `can_update`, `can_delete`, `createn_on`) VALUES
(84, 2, 1, 0, 0, 0, 0, '2017-09-05 06:54:18'),
(85, 2, 2, 0, 0, 0, 0, '2017-09-05 06:54:18'),
(86, 2, 3, 0, 0, 0, 0, '2017-09-05 06:54:19'),
(87, 2, 4, 0, 0, 0, 0, '2017-09-05 06:54:19'),
(95, 3, 1, 0, 0, 0, 0, '2017-09-05 09:12:17'),
(96, 3, 2, 0, 0, 0, 0, '2017-09-05 09:12:17'),
(97, 3, 3, 0, 0, 0, 0, '2017-09-05 09:12:17'),
(98, 3, 4, 0, 0, 0, 0, '2017-09-05 09:12:17'),
(99, 3, 5, 0, 0, 0, 0, '2017-09-05 09:12:17'),
(100, 1, 1, 0, 0, 0, 0, '2017-09-06 05:49:58'),
(101, 1, 2, 0, 0, 0, 0, '2017-09-06 05:49:58'),
(102, 1, 3, 0, 0, 0, 0, '2017-09-06 05:49:58'),
(103, 1, 4, 0, 0, 0, 0, '2017-09-06 05:49:58'),
(104, 1, 5, 0, 0, 0, 0, '2017-09-06 05:49:58'),
(105, 5, 1, 0, 0, 0, 0, '2017-09-06 07:55:31'),
(106, 5, 2, 0, 0, 0, 0, '2017-09-06 07:55:31'),
(107, 5, 3, 0, 0, 0, 0, '2017-09-06 07:55:31'),
(108, 5, 4, 0, 0, 0, 0, '2017-09-06 07:55:31'),
(109, 5, 5, 0, 0, 0, 0, '2017-09-06 07:55:32'),
(110, 5, 8, 0, 0, 0, 0, '2017-09-06 07:55:32'),
(111, 5, 9, 0, 0, 0, 0, '2017-09-06 07:55:32'),
(112, 5, 11, 0, 0, 0, 0, '2017-09-06 07:55:32'),
(113, 5, 12, 0, 0, 0, 0, '2017-09-06 07:55:32'),
(114, 5, 13, 0, 0, 0, 0, '2017-09-06 07:55:32'),
(115, 5, 14, 0, 0, 0, 0, '2017-09-06 07:55:32'),
(116, 5, 16, 0, 0, 0, 0, '2017-09-06 07:55:32'),
(117, 5, 17, 0, 0, 0, 0, '2017-09-06 07:55:32'),
(118, 5, 18, 0, 0, 0, 0, '2017-09-06 07:55:32'),
(119, 5, 19, 0, 0, 0, 0, '2017-09-06 07:55:32'),
(120, 5, 21, 0, 0, 0, 0, '2017-09-06 07:55:32'),
(121, 5, 22, 0, 0, 0, 0, '2017-09-06 07:55:32'),
(122, 5, 23, 0, 0, 0, 0, '2017-09-06 07:55:32'),
(123, 5, 24, 0, 0, 0, 0, '2017-09-06 07:55:32'),
(124, 5, 25, 0, 0, 0, 0, '2017-09-06 07:55:32'),
(125, 5, 26, 0, 0, 0, 0, '2017-09-06 07:55:32'),
(126, 5, 27, 0, 0, 0, 0, '2017-09-06 07:55:32'),
(127, 5, 28, 0, 0, 0, 0, '2017-09-06 07:55:32'),
(133, 6, 1, 0, 0, 0, 0, '2017-09-06 08:13:00'),
(134, 6, 2, 0, 0, 0, 0, '2017-09-06 08:13:00'),
(135, 6, 3, 0, 0, 0, 0, '2017-09-06 08:13:00'),
(136, 6, 4, 0, 0, 0, 0, '2017-09-06 08:13:00'),
(137, 6, 5, 0, 0, 0, 0, '2017-09-06 08:13:00'),
(138, 7, 1, 0, 0, 0, 0, '2017-09-07 01:53:04'),
(139, 7, 2, 0, 0, 0, 0, '2017-09-07 01:53:04'),
(140, 7, 3, 0, 0, 0, 0, '2017-09-07 01:53:04'),
(141, 7, 4, 0, 0, 0, 0, '2017-09-07 01:53:05'),
(142, 7, 5, 0, 0, 0, 0, '2017-09-07 01:53:05'),
(143, 8, 1, 0, 0, 0, 0, '2017-09-15 02:53:43'),
(144, 8, 2, 0, 0, 0, 0, '2017-09-15 02:53:44'),
(145, 8, 3, 0, 0, 0, 0, '2017-09-15 02:53:44'),
(146, 8, 4, 0, 0, 0, 0, '2017-09-15 02:53:44'),
(147, 8, 5, 0, 0, 0, 0, '2017-09-15 02:53:44'),
(163, 10, 1, 0, 0, 0, 0, '2017-09-24 22:28:29'),
(164, 10, 2, 0, 0, 0, 0, '2017-09-24 22:28:29'),
(165, 10, 3, 0, 0, 0, 0, '2017-09-24 22:28:29'),
(166, 10, 4, 0, 0, 0, 0, '2017-09-24 22:28:30'),
(167, 10, 5, 0, 0, 0, 0, '2017-09-24 22:28:30'),
(168, 11, 1, 0, 0, 0, 0, '2017-09-26 03:02:33'),
(169, 11, 2, 0, 0, 0, 0, '2017-09-26 03:02:33'),
(170, 11, 3, 0, 0, 0, 0, '2017-09-26 03:02:33'),
(171, 11, 4, 0, 0, 0, 0, '2017-09-26 03:02:33'),
(172, 11, 5, 0, 0, 0, 0, '2017-09-26 03:02:33'),
(1058, 15, 1, 0, 0, 0, 0, '2019-10-30 18:20:49'),
(1059, 15, 2, 0, 0, 0, 0, '2019-10-30 18:20:49'),
(1060, 15, 3, 0, 0, 0, 0, '2019-10-30 18:20:49'),
(1061, 15, 4, 0, 0, 0, 0, '2019-10-30 18:20:49'),
(1062, 15, 5, 0, 0, 0, 0, '2019-10-30 18:20:49'),
(1063, 15, 0, 17, 0, 0, 0, '2019-10-30 18:20:49'),
(1064, 15, 0, 18, 0, 0, 0, '2019-10-30 18:20:49'),
(1065, 15, 0, 19, 0, 0, 0, '2019-10-30 18:20:49'),
(1066, 15, 0, 23, 0, 0, 0, '2019-10-30 18:20:49'),
(1067, 15, 0, 24, 0, 0, 0, '2019-10-30 18:20:49'),
(1068, 15, 0, 9, 0, 0, 0, '2019-10-30 18:20:49'),
(1069, 15, 0, 30, 0, 0, 0, '2019-10-30 18:20:49'),
(1070, 15, 0, 29, 0, 0, 0, '2019-10-30 18:20:49'),
(1071, 15, 0, 11, 0, 0, 0, '2019-10-30 18:20:49'),
(1072, 15, 0, 25, 0, 0, 0, '2019-10-30 18:20:49'),
(1073, 16, 1, 0, 0, 0, 0, '2019-10-30 18:37:16'),
(1074, 17, 1, 0, 0, 0, 0, '2019-10-30 18:41:54'),
(1075, 18, 1, 0, 0, 0, 0, '2019-10-30 18:45:31'),
(1076, 19, 1, 0, 0, 0, 0, '2019-10-30 18:48:24'),
(1077, 19, 0, 31, 0, 0, 0, '2019-10-30 18:48:24'),
(1078, 19, 2, 0, 0, 0, 0, '2019-10-30 18:48:24'),
(1079, 19, 0, 7, 0, 0, 0, '2019-10-30 18:48:24'),
(1080, 19, 0, 8, 0, 0, 0, '2019-10-30 18:48:24'),
(1081, 19, 0, 21, 0, 0, 0, '2019-10-30 18:48:24'),
(1082, 19, 0, 22, 0, 0, 0, '2019-10-30 18:48:25'),
(1083, 19, 0, 28, 0, 0, 0, '2019-10-30 18:48:25'),
(1084, 19, 0, 9, 0, 0, 0, '2019-10-30 18:48:25'),
(1085, 19, 0, 30, 0, 0, 0, '2019-10-30 18:48:25'),
(1086, 19, 0, 29, 0, 0, 0, '2019-10-30 18:48:25'),
(1087, 19, 0, 11, 0, 0, 0, '2019-10-30 18:48:25'),
(1088, 19, 0, 25, 0, 0, 0, '2019-10-30 18:48:25'),
(1089, 19, 3, 0, 0, 0, 0, '2019-10-30 18:48:25'),
(1090, 19, 0, 14, 0, 0, 0, '2019-10-30 18:48:25'),
(1091, 19, 0, 16, 0, 0, 0, '2019-10-30 18:48:25'),
(1092, 19, 4, 0, 0, 0, 0, '2019-10-30 18:48:25'),
(1093, 19, 0, 12, 0, 0, 0, '2019-10-30 18:48:25'),
(1094, 19, 0, 13, 0, 0, 0, '2019-10-30 18:48:25'),
(1095, 19, 0, 26, 0, 0, 0, '2019-10-30 18:48:25'),
(1096, 19, 5, 0, 0, 0, 0, '2019-10-30 18:48:25'),
(1097, 19, 0, 17, 0, 0, 0, '2019-10-30 18:48:25'),
(1098, 19, 0, 18, 0, 0, 0, '2019-10-30 18:48:25'),
(1099, 19, 0, 19, 0, 0, 0, '2019-10-30 18:48:25'),
(1100, 19, 0, 23, 0, 0, 0, '2019-10-30 18:48:25'),
(1101, 19, 0, 24, 0, 0, 0, '2019-10-30 18:48:25'),
(1102, 19, 0, 27, 0, 0, 0, '2019-10-30 18:48:26'),
(1366, 24, 1, 0, 0, 0, 0, '2020-10-25 07:56:52'),
(1367, 24, 0, 31, 0, 0, 0, '2020-10-25 07:56:53'),
(1368, 24, 2, 0, 0, 0, 0, '2020-10-25 07:56:53'),
(1369, 24, 0, 7, 0, 0, 0, '2020-10-25 07:56:53'),
(1370, 24, 0, 8, 0, 0, 0, '2020-10-25 07:56:53'),
(1371, 24, 0, 21, 0, 0, 0, '2020-10-25 07:56:53'),
(1372, 24, 0, 22, 0, 0, 0, '2020-10-25 07:56:53'),
(1373, 24, 0, 28, 0, 0, 0, '2020-10-25 07:56:53'),
(1374, 24, 0, 9, 0, 0, 0, '2020-10-25 07:56:53'),
(1375, 24, 0, 30, 0, 0, 0, '2020-10-25 07:56:54'),
(1376, 24, 0, 29, 0, 0, 0, '2020-10-25 07:56:54'),
(1377, 24, 0, 11, 0, 0, 0, '2020-10-25 07:56:54'),
(1378, 24, 0, 25, 0, 0, 0, '2020-10-25 07:56:54'),
(1379, 24, 3, 0, 0, 0, 0, '2020-10-25 07:56:54'),
(1380, 24, 0, 14, 0, 0, 0, '2020-10-25 07:56:54'),
(1381, 24, 0, 16, 0, 0, 0, '2020-10-25 07:56:54'),
(1382, 24, 4, 0, 0, 0, 0, '2020-10-25 07:56:54'),
(1383, 24, 0, 12, 0, 0, 0, '2020-10-25 07:56:54'),
(1384, 24, 0, 38, 0, 0, 0, '2020-10-25 07:56:54'),
(1385, 24, 0, 13, 0, 0, 0, '2020-10-25 07:56:54'),
(1386, 24, 0, 37, 0, 0, 0, '2020-10-25 07:56:54'),
(1387, 24, 0, 26, 0, 0, 0, '2020-10-25 07:56:54'),
(1388, 24, 5, 0, 0, 0, 0, '2020-10-25 07:56:54'),
(1389, 24, 0, 17, 0, 0, 0, '2020-10-25 07:56:54'),
(1390, 24, 0, 18, 0, 0, 0, '2020-10-25 07:56:54'),
(1391, 24, 0, 19, 0, 0, 0, '2020-10-25 07:56:54'),
(1392, 24, 0, 23, 0, 0, 0, '2020-10-25 07:56:54'),
(1393, 24, 0, 24, 0, 0, 0, '2020-10-25 07:56:54'),
(1394, 24, 0, 27, 0, 0, 0, '2020-10-25 07:56:54'),
(1395, 24, 33, 0, 0, 0, 0, '2020-10-25 07:56:54'),
(1396, 24, 0, 34, 0, 0, 0, '2020-10-25 07:56:54'),
(1397, 24, 0, 35, 0, 0, 0, '2020-10-25 07:56:54'),
(1398, 24, 0, 36, 0, 0, 0, '2020-10-25 07:56:54'),
(1548, 13, 1, 0, 0, 0, 0, '2022-06-22 15:13:14'),
(1549, 13, 0, 31, 0, 0, 0, '2022-06-22 15:13:14'),
(1550, 13, 2, 0, 0, 0, 0, '2022-06-22 15:13:14'),
(1551, 13, 0, 14, 0, 0, 0, '2022-06-22 15:13:14'),
(1552, 13, 0, 16, 0, 0, 0, '2022-06-22 15:13:14'),
(1553, 13, 0, 37, 0, 0, 0, '2022-06-22 15:13:14'),
(1554, 13, 0, 22, 0, 0, 0, '2022-06-22 15:13:14'),
(1555, 13, 0, 28, 0, 0, 0, '2022-06-22 15:13:14'),
(1556, 13, 0, 9, 0, 0, 0, '2022-06-22 15:13:14'),
(1557, 13, 4, 0, 0, 0, 0, '2022-06-22 15:13:14'),
(1558, 13, 0, 12, 0, 0, 0, '2022-06-22 15:13:14'),
(1559, 13, 0, 13, 0, 0, 0, '2022-06-22 15:13:14'),
(1560, 13, 0, 8, 0, 0, 0, '2022-06-22 15:13:14'),
(1561, 13, 6, 0, 0, 0, 0, '2022-06-22 15:13:14'),
(1562, 13, 0, 41, 0, 0, 0, '2022-06-22 15:13:14'),
(1563, 13, 0, 42, 0, 0, 0, '2022-06-22 15:13:14'),
(1564, 13, 3, 0, 0, 0, 0, '2022-06-22 15:13:14'),
(1565, 13, 0, 15, 0, 0, 0, '2022-06-22 15:13:14'),
(1566, 13, 0, 17, 0, 0, 0, '2022-06-22 15:13:14'),
(1567, 13, 5, 0, 0, 0, 0, '2022-06-22 15:13:14'),
(1568, 13, 0, 40, 0, 0, 0, '2022-06-22 15:13:14'),
(1569, 13, 0, 18, 0, 0, 0, '2022-06-22 15:13:14'),
(1570, 13, 0, 19, 0, 0, 0, '2022-06-22 15:13:14'),
(1571, 13, 0, 23, 0, 0, 0, '2022-06-22 15:13:14'),
(1572, 13, 0, 24, 0, 0, 0, '2022-06-22 15:13:14'),
(1573, 13, 0, 27, 0, 0, 0, '2022-06-22 15:13:14'),
(1598, 14, 1, 0, 0, 0, 0, '2022-09-05 18:42:48'),
(1599, 14, 0, 31, 0, 0, 0, '2022-09-05 18:42:48'),
(1600, 14, 2, 0, 0, 0, 0, '2022-09-05 18:42:48'),
(1601, 14, 0, 14, 0, 0, 0, '2022-09-05 18:42:48'),
(1602, 14, 0, 16, 0, 0, 0, '2022-09-05 18:42:48'),
(1603, 14, 0, 37, 0, 0, 0, '2022-09-05 18:42:48'),
(1604, 14, 0, 22, 0, 0, 0, '2022-09-05 18:42:48'),
(1605, 14, 0, 9, 0, 0, 0, '2022-09-05 18:42:48'),
(1606, 14, 4, 0, 0, 0, 0, '2022-09-05 18:42:48'),
(1607, 14, 0, 12, 0, 0, 0, '2022-09-05 18:42:48'),
(1608, 14, 0, 13, 0, 0, 0, '2022-09-05 18:42:48'),
(1609, 14, 0, 8, 0, 0, 0, '2022-09-05 18:42:48'),
(1610, 14, 6, 0, 0, 0, 0, '2022-09-05 18:42:48'),
(1611, 14, 0, 41, 0, 0, 0, '2022-09-05 18:42:48'),
(1612, 14, 0, 42, 0, 0, 0, '2022-09-05 18:42:48'),
(1613, 14, 3, 0, 0, 0, 0, '2022-09-05 18:42:48'),
(1614, 14, 0, 15, 0, 0, 0, '2022-09-05 18:42:48'),
(1615, 14, 0, 17, 0, 0, 0, '2022-09-05 18:42:48'),
(1616, 14, 5, 0, 0, 0, 0, '2022-09-05 18:42:48'),
(1617, 14, 0, 40, 0, 0, 0, '2022-09-05 18:42:48'),
(1618, 14, 0, 18, 0, 0, 0, '2022-09-05 18:42:48'),
(1619, 14, 0, 19, 0, 0, 0, '2022-09-05 18:42:48'),
(1620, 14, 0, 23, 0, 0, 0, '2022-09-05 18:42:48'),
(1621, 14, 0, 24, 0, 0, 0, '2022-09-05 18:42:48'),
(1622, 15, 1, 0, 0, 0, 0, '2022-09-27 06:15:24'),
(1623, 15, 0, 31, 0, 0, 0, '2022-09-27 06:15:24'),
(1624, 15, 2, 0, 0, 0, 0, '2022-09-27 06:15:24'),
(1625, 15, 0, 14, 0, 0, 0, '2022-09-27 06:15:24'),
(1626, 15, 0, 16, 0, 0, 0, '2022-09-27 06:15:24'),
(1627, 15, 0, 37, 0, 0, 0, '2022-09-27 06:15:24'),
(1628, 15, 0, 22, 0, 0, 0, '2022-09-27 06:15:24'),
(1629, 15, 0, 9, 0, 0, 0, '2022-09-27 06:15:24'),
(1630, 15, 4, 0, 0, 0, 0, '2022-09-27 06:15:24'),
(1631, 15, 0, 12, 0, 0, 0, '2022-09-27 06:15:24'),
(1632, 15, 0, 13, 0, 0, 0, '2022-09-27 06:15:24'),
(1633, 15, 0, 8, 0, 0, 0, '2022-09-27 06:15:24'),
(1634, 15, 6, 0, 0, 0, 0, '2022-09-27 06:15:24'),
(1635, 15, 0, 41, 0, 0, 0, '2022-09-27 06:15:24'),
(1636, 15, 0, 42, 0, 0, 0, '2022-09-27 06:15:24'),
(1637, 15, 3, 0, 0, 0, 0, '2022-09-27 06:15:24'),
(1638, 15, 0, 15, 0, 0, 0, '2022-09-27 06:15:24'),
(1639, 15, 0, 17, 0, 0, 0, '2022-09-27 06:15:24'),
(1640, 15, 5, 0, 0, 0, 0, '2022-09-27 06:15:24'),
(1641, 15, 0, 40, 0, 0, 0, '2022-09-27 06:15:24'),
(1642, 15, 0, 18, 0, 0, 0, '2022-09-27 06:15:24'),
(1643, 15, 0, 19, 0, 0, 0, '2022-09-27 06:15:24'),
(1644, 15, 0, 23, 0, 0, 0, '2022-09-27 06:15:24'),
(1645, 15, 0, 24, 0, 0, 0, '2022-09-27 06:15:24'),
(1670, 16, 1, 0, 0, 0, 0, '2023-04-29 09:08:46'),
(1671, 16, 0, 31, 0, 0, 0, '2023-04-29 09:08:46'),
(1672, 16, 2, 0, 0, 0, 0, '2023-04-29 09:08:46'),
(1673, 16, 0, 14, 0, 0, 0, '2023-04-29 09:08:46'),
(1674, 16, 0, 16, 0, 0, 0, '2023-04-29 09:08:46'),
(1675, 16, 0, 37, 0, 0, 0, '2023-04-29 09:08:46'),
(1676, 16, 0, 22, 0, 0, 0, '2023-04-29 09:08:46'),
(1677, 16, 0, 9, 0, 0, 0, '2023-04-29 09:08:46'),
(1678, 16, 4, 0, 0, 0, 0, '2023-04-29 09:08:46'),
(1679, 16, 0, 12, 0, 0, 0, '2023-04-29 09:08:46'),
(1680, 16, 0, 13, 0, 0, 0, '2023-04-29 09:08:46'),
(1681, 16, 0, 8, 0, 0, 0, '2023-04-29 09:08:46'),
(1682, 16, 6, 0, 0, 0, 0, '2023-04-29 09:08:46'),
(1683, 16, 0, 41, 0, 0, 0, '2023-04-29 09:08:46'),
(1684, 16, 0, 42, 0, 0, 0, '2023-04-29 09:08:46'),
(1685, 16, 3, 0, 0, 0, 0, '2023-04-29 09:08:46'),
(1686, 16, 0, 15, 0, 0, 0, '2023-04-29 09:08:46'),
(1687, 16, 0, 17, 0, 0, 0, '2023-04-29 09:08:46'),
(1688, 16, 5, 0, 0, 0, 0, '2023-04-29 09:08:46'),
(1689, 16, 0, 19, 0, 0, 0, '2023-04-29 09:08:46'),
(1690, 16, 0, 23, 0, 0, 0, '2023-04-29 09:08:46'),
(1691, 16, 0, 24, 0, 0, 0, '2023-04-29 09:08:46'),
(1692, 16, 0, 43, 0, 0, 0, '2023-04-29 09:08:46'),
(1693, 16, 0, 44, 0, 0, 0, '2023-04-29 09:08:46'),
(1694, 17, 1, 0, 0, 0, 0, '2023-04-29 09:12:40'),
(1695, 17, 0, 31, 0, 0, 0, '2023-04-29 09:12:40'),
(1696, 17, 2, 0, 0, 0, 0, '2023-04-29 09:12:40'),
(1697, 17, 0, 14, 0, 0, 0, '2023-04-29 09:12:40'),
(1698, 17, 0, 16, 0, 0, 0, '2023-04-29 09:12:40'),
(1699, 17, 0, 37, 0, 0, 0, '2023-04-29 09:12:40'),
(1700, 17, 0, 22, 0, 0, 0, '2023-04-29 09:12:40'),
(1701, 17, 0, 9, 0, 0, 0, '2023-04-29 09:12:40'),
(1702, 17, 4, 0, 0, 0, 0, '2023-04-29 09:12:40'),
(1703, 17, 0, 12, 0, 0, 0, '2023-04-29 09:12:40'),
(1704, 17, 0, 13, 0, 0, 0, '2023-04-29 09:12:40'),
(1705, 17, 0, 8, 0, 0, 0, '2023-04-29 09:12:40'),
(1706, 17, 6, 0, 0, 0, 0, '2023-04-29 09:12:40'),
(1707, 17, 0, 41, 0, 0, 0, '2023-04-29 09:12:40'),
(1708, 17, 0, 42, 0, 0, 0, '2023-04-29 09:12:40'),
(1709, 17, 3, 0, 0, 0, 0, '2023-04-29 09:12:40'),
(1710, 17, 0, 15, 0, 0, 0, '2023-04-29 09:12:40'),
(1711, 17, 0, 17, 0, 0, 0, '2023-04-29 09:12:40'),
(1712, 17, 5, 0, 0, 0, 0, '2023-04-29 09:12:40'),
(1713, 17, 0, 19, 0, 0, 0, '2023-04-29 09:12:40'),
(1714, 17, 0, 23, 0, 0, 0, '2023-04-29 09:12:40'),
(1715, 17, 0, 24, 0, 0, 0, '2023-04-29 09:12:40'),
(1716, 17, 0, 43, 0, 0, 0, '2023-04-29 09:12:40'),
(1717, 17, 0, 44, 0, 0, 0, '2023-04-29 09:12:40'),
(1743, 18, 1, 0, 0, 0, 0, '2023-10-08 13:51:24'),
(1744, 18, 0, 31, 0, 0, 0, '2023-10-08 13:51:24'),
(1745, 18, 2, 0, 0, 0, 0, '2023-10-08 13:51:24'),
(1746, 18, 0, 14, 0, 0, 0, '2023-10-08 13:51:24'),
(1747, 18, 0, 16, 0, 0, 0, '2023-10-08 13:51:24'),
(1748, 18, 0, 37, 0, 0, 0, '2023-10-08 13:51:24'),
(1749, 18, 0, 22, 0, 0, 0, '2023-10-08 13:51:24'),
(1750, 18, 0, 9, 0, 0, 0, '2023-10-08 13:51:24'),
(1751, 18, 4, 0, 0, 0, 0, '2023-10-08 13:51:24'),
(1752, 18, 0, 12, 0, 0, 0, '2023-10-08 13:51:24'),
(1753, 18, 0, 13, 0, 0, 0, '2023-10-08 13:51:24'),
(1754, 18, 0, 8, 0, 0, 0, '2023-10-08 13:51:24'),
(1755, 18, 6, 0, 0, 0, 0, '2023-10-08 13:51:24'),
(1756, 18, 0, 41, 0, 0, 0, '2023-10-08 13:51:24'),
(1757, 18, 0, 42, 0, 0, 0, '2023-10-08 13:51:24'),
(1758, 18, 0, 45, 0, 0, 0, '2023-10-08 13:51:24'),
(1759, 18, 3, 0, 0, 0, 0, '2023-10-08 13:51:24'),
(1760, 18, 0, 15, 0, 0, 0, '2023-10-08 13:51:24'),
(1761, 18, 0, 17, 0, 0, 0, '2023-10-08 13:51:24'),
(1762, 18, 5, 0, 0, 0, 0, '2023-10-08 13:51:24'),
(1763, 18, 0, 19, 0, 0, 0, '2023-10-08 13:51:24'),
(1764, 18, 0, 23, 0, 0, 0, '2023-10-08 13:51:24'),
(1765, 18, 0, 24, 0, 0, 0, '2023-10-08 13:51:24'),
(1766, 18, 0, 43, 0, 0, 0, '2023-10-08 13:51:24'),
(1767, 18, 0, 44, 0, 0, 0, '2023-10-08 13:51:24'),
(1819, 12, 1, 0, 0, 0, 0, '2023-10-23 19:16:25'),
(1820, 12, 0, 31, 0, 0, 0, '2023-10-23 19:16:25'),
(1821, 12, 2, 0, 0, 0, 0, '2023-10-23 19:16:25'),
(1822, 12, 0, 14, 0, 0, 0, '2023-10-23 19:16:25'),
(1823, 12, 0, 16, 0, 0, 0, '2023-10-23 19:16:25'),
(1824, 12, 0, 37, 0, 0, 0, '2023-10-23 19:16:25'),
(1825, 12, 0, 22, 0, 0, 0, '2023-10-23 19:16:25'),
(1826, 12, 0, 9, 0, 0, 0, '2023-10-23 19:16:25'),
(1827, 12, 4, 0, 0, 0, 0, '2023-10-23 19:16:25'),
(1828, 12, 0, 12, 0, 0, 0, '2023-10-23 19:16:25'),
(1829, 12, 0, 13, 0, 0, 0, '2023-10-23 19:16:25'),
(1830, 12, 0, 8, 0, 0, 0, '2023-10-23 19:16:25'),
(1831, 12, 6, 0, 0, 0, 0, '2023-10-23 19:16:25'),
(1832, 12, 0, 41, 0, 0, 0, '2023-10-23 19:16:25'),
(1833, 12, 0, 42, 0, 0, 0, '2023-10-23 19:16:25'),
(1834, 12, 0, 45, 0, 0, 0, '2023-10-23 19:16:25'),
(1835, 12, 0, 28, 0, 0, 0, '2023-10-23 19:16:25'),
(1836, 12, 3, 0, 0, 0, 0, '2023-10-23 19:16:25'),
(1837, 12, 0, 15, 0, 0, 0, '2023-10-23 19:16:25'),
(1838, 12, 0, 17, 0, 0, 0, '2023-10-23 19:16:25'),
(1839, 12, 5, 0, 0, 0, 0, '2023-10-23 19:16:25'),
(1840, 12, 0, 19, 0, 0, 0, '2023-10-23 19:16:25'),
(1841, 12, 0, 23, 0, 0, 0, '2023-10-23 19:16:25'),
(1842, 12, 0, 24, 0, 0, 0, '2023-10-23 19:16:25'),
(1843, 12, 0, 43, 0, 0, 0, '2023-10-23 19:16:25'),
(1844, 12, 0, 44, 0, 0, 0, '2023-10-23 19:16:25');

-- --------------------------------------------------------

--
-- Table structure for table `pos_estimate`
--

CREATE TABLE `pos_estimate` (
  `sale_id` int(10) NOT NULL,
  `invoice_no` varchar(20) NOT NULL,
  `company_id` int(255) NOT NULL,
  `sale_time` timestamp NOT NULL DEFAULT CURRENT_TIMESTAMP,
  `sale_date` date NOT NULL,
  `customer_id` int(10) DEFAULT NULL,
  `employee_id` int(10) NOT NULL DEFAULT '0',
  `user_id` int(100) NOT NULL,
  `comment` text NOT NULL,
  `register_mode` varchar(512) DEFAULT NULL,
  `account` varchar(255) NOT NULL COMMENT 'cash or credit',
  `amount_due` decimal(10,4) NOT NULL DEFAULT '0.0000',
  `description` text,
  `discount_value` decimal(10,4) DEFAULT NULL,
  `total_amount` decimal(10,4) NOT NULL DEFAULT '0.0000',
  `total_tax` decimal(20,4) NOT NULL DEFAULT '0.0000',
  `exchange_rate` decimal(10,5) NOT NULL DEFAULT '0.00000',
  `paid` decimal(10,4) NOT NULL DEFAULT '0.0000',
  `currency_id` int(10) NOT NULL DEFAULT '0',
  `created_on` timestamp NOT NULL DEFAULT CURRENT_TIMESTAMP,
  `supplier_id` int(20) DEFAULT '0',
  `is_taxable` tinyint(1) NOT NULL,
  `delivery_date` date DEFAULT NULL,
  `deposit_to_acc_code` varchar(100) DEFAULT NULL,
  `status` varchar(100) NOT NULL
) ENGINE=InnoDB DEFAULT CHARSET=utf8;

--
-- Dumping data for table `pos_estimate`
--

INSERT INTO `pos_estimate` (`sale_id`, `invoice_no`, `company_id`, `sale_time`, `sale_date`, `customer_id`, `employee_id`, `user_id`, `comment`, `register_mode`, `account`, `amount_due`, `description`, `discount_value`, `total_amount`, `total_tax`, `exchange_rate`, `paid`, `currency_id`, `created_on`, `supplier_id`, `is_taxable`, `delivery_date`, `deposit_to_acc_code`, `status`) VALUES
(2, 'S1', 21, '2022-06-05 17:39:54', '2022-06-05', 3, 0, 12, '', 'sale', 'cash', '0.0000', '', '0.0000', '1500.0000', '0.0000', '0.00000', '0.0000', 0, '2022-06-05 17:39:54', 0, 0, NULL, '1001', 'Approved'),
(3, 'S2', 21, '2022-06-05 17:40:36', '2022-06-05', 2, 0, 12, '', 'sale', 'cash', '0.0000', '', '0.0000', '500.0000', '0.0000', '0.00000', '0.0000', 0, '2022-06-05 17:40:36', 0, 0, NULL, '1002', 'Rejected'),
(4, 'E3', 21, '2022-11-23 17:00:59', '2022-11-23', 2, 0, 12, '', 'sale', 'cash', '0.0000', '', '0.0000', '1590.0000', '0.0000', '0.00000', '0.0000', 0, '2022-11-23 17:00:59', 0, 0, NULL, '1001', 'In_Progress'),
(5, 'E4', 21, '2022-11-26 04:42:48', '2022-11-26', 3, 0, 12, '', 'sale', 'cash', '0.0000', '', '0.0000', '950.0000', '0.0000', '0.00000', '0.0000', 0, '2022-11-26 04:42:48', 0, 0, NULL, '0', 'Approved'),
(6, 'E5', 21, '2022-11-26 04:46:47', '2022-11-26', 2, 0, 12, '', 'sale', 'cash', '0.0000', '', '0.0000', '1300.0000', '0.0000', '0.00000', '0.0000', 0, '2022-11-26 04:46:47', 0, 0, NULL, '0', 'Rejected'),
(7, 'E6', 21, '2023-06-17 08:36:53', '2023-06-17', 3, 0, 12, '', 'sale', 'cash', '0.0000', '', '0.0000', '500.0000', '0.0000', '0.00000', '0.0000', 0, '2023-06-17 08:36:53', 0, 0, NULL, '0', 'In_Progress'),
(8, 'E7', 21, '2023-06-17 08:38:24', '2023-06-17', 2, 0, 12, '', 'sale', 'cash', '0.0000', '', '0.0000', '506.0000', '0.0000', '0.00000', '0.0000', 0, '2023-06-17 08:38:24', 0, 0, NULL, '0', 'approved'),
(9, 'E8', 21, '2024-01-06 12:38:43', '2024-01-06', 6, 0, 12, '', 'sale', 'cash', '0.0000', '', '0.0000', '2500.0000', '0.0000', '0.00000', '0.0000', 0, '2024-01-06 12:38:43', 0, 0, NULL, '1001', 'in_progress'),
(14, 'E9', 21, '2024-01-17 18:03:19', '2024-01-17', 2, 0, 12, '', 'sale', 'cash', '0.0000', '', '0.0000', '792.0000', '0.0000', '0.00000', '0.0000', 0, '2024-01-17 18:03:19', 0, 0, NULL, '1003', 'rejected');

-- --------------------------------------------------------

--
-- Table structure for table `pos_estimate_items`
--

CREATE TABLE `pos_estimate_items` (
  `sale_item_id` int(10) NOT NULL,
  `invoice_no` varchar(20) NOT NULL,
  `sale_id` int(10) NOT NULL DEFAULT '0',
  `account_code` varchar(100) NOT NULL DEFAULT '0',
  `description` varchar(30) DEFAULT NULL,
  `serialnumber` varchar(30) DEFAULT NULL,
  `line` int(3) NOT NULL DEFAULT '0',
  `quantity_sold` decimal(15,2) NOT NULL DEFAULT '0.00',
  `item_cost_price` decimal(15,4) NOT NULL,
  `item_unit_price` decimal(15,4) NOT NULL,
  `discount_percent` int(11) NOT NULL DEFAULT '0',
  `unit_id` int(20) DEFAULT NULL,
  `currency_id` int(10) DEFAULT NULL,
  `company_id` int(20) NOT NULL,
  `discount_value` decimal(10,4) DEFAULT NULL,
  `tax_id` int(20) NOT NULL DEFAULT '0',
  `tax_rate` int(20) NOT NULL DEFAULT '0',
  `inventory_acc_code` varchar(20) DEFAULT '0'
) ENGINE=InnoDB DEFAULT CHARSET=utf8;

--
-- Dumping data for table `pos_estimate_items`
--

INSERT INTO `pos_estimate_items` (`sale_item_id`, `invoice_no`, `sale_id`, `account_code`, `description`, `serialnumber`, `line`, `quantity_sold`, `item_cost_price`, `item_unit_price`, `discount_percent`, `unit_id`, `currency_id`, `company_id`, `discount_value`, `tax_id`, `tax_rate`, `inventory_acc_code`) VALUES
(2, 'S1', 2, '1002', '', NULL, 0, '1.00', '0.0000', '500.0000', 0, 0, NULL, 21, NULL, 0, 0, ''),
(3, 'S1', 2, '1003', '', NULL, 0, '1.00', '0.0000', '1000.0000', 0, 0, NULL, 21, NULL, 0, 0, ''),
(4, 'S2', 3, '1004', '', NULL, 0, '1.00', '0.0000', '500.0000', 0, 0, NULL, 21, NULL, 0, 0, ''),
(5, 'E3', 4, '6004', '', NULL, 0, '1.00', '0.0000', '590.0000', 0, 0, NULL, 21, NULL, 0, 0, ''),
(6, 'E3', 4, '3000', '', NULL, 0, '1.00', '0.0000', '1000.0000', 0, 0, NULL, 21, NULL, 0, 0, ''),
(7, 'E4', 5, '3002', 'tesing', NULL, 0, '1.00', '0.0000', '500.0000', 0, 0, NULL, 21, NULL, 0, 0, ''),
(8, 'E4', 5, '4100', 'Adjustment of AR and Agent Acc', NULL, 0, '1.00', '0.0000', '450.0000', 0, 0, NULL, 21, NULL, 0, 0, ''),
(9, 'E5', 6, '6001', 'salary 123', NULL, 0, '1.00', '0.0000', '300.0000', 0, 0, NULL, 21, NULL, 0, 0, ''),
(10, 'E5', 6, '6003', 'daily expense', NULL, 0, '1.00', '0.0000', '1000.0000', 0, 0, NULL, 21, NULL, 0, 0, ''),
(11, 'E6', 7, '1003', 'capital added', NULL, 0, '1.00', '0.0000', '500.0000', 0, 0, NULL, 21, NULL, 0, 0, ''),
(12, 'E7', 8, '1004', 'Adjustment of AR and Agent Acc', NULL, 0, '1.00', '0.0000', '506.0000', 0, 0, NULL, 21, NULL, 0, 0, ''),
(13, 'E8', 9, '1001', 'capital added', NULL, 0, '1.00', '0.0000', '2500.0000', 0, 0, NULL, 21, NULL, 0, 0, ''),
(19, 'E9', 14, '1003', 'adasf 234234', NULL, 0, '1.00', '0.0000', '540.0000', 0, 0, NULL, 21, NULL, 0, 0, ''),
(20, 'E9', 14, '1007', 'test1122', NULL, 0, '1.00', '0.0000', '252.0000', 0, 0, NULL, 21, NULL, 0, 0, '');

-- --------------------------------------------------------

--
-- Table structure for table `pos_eventcalendar`
--

CREATE TABLE `pos_eventcalendar` (
  `id` int(20) NOT NULL,
  `start` datetime NOT NULL,
  `end` datetime NOT NULL,
  `title` varchar(20) NOT NULL,
  `url` varchar(50) DEFAULT NULL,
  `created_on` timestamp NOT NULL DEFAULT CURRENT_TIMESTAMP,
  `company_id` varchar(20) NOT NULL,
  `event_id` int(20) DEFAULT NULL
) ENGINE=InnoDB DEFAULT CHARSET=utf8;

--
-- Dumping data for table `pos_eventcalendar`
--

INSERT INTO `pos_eventcalendar` (`id`, `start`, `end`, `title`, `url`, `created_on`, `company_id`, `event_id`) VALUES
(1, '2018-07-09 12:00:00', '2018-07-10 12:00:00', 'test', NULL, '2018-07-17 18:53:03', '21', NULL),
(2, '2018-07-02 12:00:00', '2018-07-03 12:00:00', 'asdf', NULL, '2018-07-17 18:55:11', '21', NULL),
(4, '2018-07-23 12:00:00', '2018-07-24 12:00:00', 'asdf', NULL, '2018-07-17 19:18:22', '21', NULL),
(6, '2018-07-18 10:00:00', '2018-07-18 06:30:00', 'test', NULL, '2018-07-17 19:26:12', '21', NULL),
(8, '2018-07-11 12:00:00', '2018-07-12 12:00:00', 'book2', NULL, '2018-07-18 18:08:48', '21', NULL),
(9, '2018-07-18 12:00:00', '2018-07-18 05:00:00', 'ddfeex', NULL, '2018-07-18 18:09:14', '21', NULL),
(10, '2018-09-18 12:00:00', '2018-09-19 12:00:00', 'event 1', NULL, '2018-09-18 18:25:27', '21', NULL),
(11, '2020-04-03 04:00:00', '2020-04-03 04:30:00', 'appointment 1', NULL, '2020-04-03 07:49:08', '21', NULL),
(12, '2020-04-03 05:30:00', '2020-04-03 06:00:00', 'appointment 2', NULL, '2020-04-03 07:52:35', '21', NULL);

-- --------------------------------------------------------

--
-- Table structure for table `pos_inventory`
--

CREATE TABLE `pos_inventory` (
  `trans_id` int(11) NOT NULL,
  `company_id` int(255) NOT NULL,
  `trans_item` int(11) NOT NULL DEFAULT '0',
  `trans_user` int(11) NOT NULL DEFAULT '0',
  `trans_date` timestamp NOT NULL DEFAULT CURRENT_TIMESTAMP,
  `trans_comment` text NOT NULL,
  `trans_inventory` int(11) NOT NULL DEFAULT '0',
  `invoice_no` varchar(20) DEFAULT NULL,
  `cost_price` decimal(10,4) DEFAULT '0.0000',
  `unit_price` decimal(10,4) DEFAULT '0.0000'
) ENGINE=InnoDB DEFAULT CHARSET=utf8;

--
-- Dumping data for table `pos_inventory`
--

INSERT INTO `pos_inventory` (`trans_id`, `company_id`, `trans_item`, `trans_user`, `trans_date`, `trans_comment`, `trans_inventory`, `invoice_no`, `cost_price`, `unit_price`) VALUES
(1, 21, 1, 12, '2022-03-22 08:03:05', 'Initial Quantity', 0, NULL, '500.0000', '600.0000'),
(2, 21, 2, 12, '2022-03-22 08:03:05', 'Initial Quantity', 0, NULL, '300.0000', '500.0000'),
(3, 21, 3, 12, '2022-03-22 08:03:06', 'Initial Quantity', 0, NULL, '600.0000', '700.0000'),
(4, 21, 1, 12, '2022-03-22 11:42:11', 'Sales', -1, 'S1', '500.0000', '600.0000'),
(5, 21, 2, 12, '2022-03-22 11:42:11', 'Sales', -1, 'S1', '300.0000', '500.0000'),
(6, 21, 3, 12, '2022-03-22 11:42:11', 'Sales', -1, 'S1', '600.0000', '700.0000'),
(7, 21, 1, 12, '2022-03-22 11:47:53', 'Sales', -1, 'S2', '500.0000', '600.0000'),
(8, 21, 3, 12, '2022-03-22 11:47:53', 'Sales', -1, 'S2', '600.0000', '700.0000'),
(9, 21, 3, 12, '2022-03-22 11:49:26', 'Receive', 10, 'R1', '600.0000', '700.0000'),
(10, 21, 2, 12, '2022-03-22 11:49:26', 'Receive', 5, 'R1', '300.0000', '500.0000'),
(11, 21, 1, 12, '2022-03-22 11:49:57', 'Receive', 10, 'R2', '500.0000', '600.0000'),
(12, 21, 1, 12, '2022-04-04 18:02:14', 'Sales', -1, 'S3', '500.0000', '600.0000'),
(13, 21, 2, 12, '2022-04-04 18:02:14', 'Sales', -1, 'S3', '300.0000', '500.0000'),
(14, 21, 3, 12, '2022-04-04 18:02:14', 'Sales', -1, 'S3', '600.0000', '700.0000'),
(15, 21, 1, 12, '2022-04-04 18:07:26', 'Sales', -1, 'S4', '500.0000', '600.0000'),
(16, 21, 2, 12, '2022-04-04 18:11:56', 'Sales', -1, 'S5', '300.0000', '500.0000'),
(17, 21, 3, 12, '2022-04-04 18:12:06', 'Sales', -1, 'S6', '600.0000', '700.0000'),
(18, 21, 2, 12, '2022-04-04 18:14:47', 'Sales', -1, 'S9', '300.0000', '500.0000'),
(19, 21, 1, 12, '2022-04-06 17:58:30', 'Receive', 1, 'R3', '500.0000', '600.0000'),
(20, 21, 2, 12, '2022-04-06 17:58:30', 'Receive', 1, 'R3', '300.0000', '500.0000'),
(21, 21, 1, 12, '2022-04-15 11:21:13', 'Sales', -1, 'S10', '500.0000', '600.0000'),
(22, 21, 2, 12, '2022-04-15 11:21:13', 'Sales', -1, 'S10', '300.0000', '500.0000'),
(23, 21, 3, 12, '2022-04-15 11:21:13', 'Sales', -1, 'S10', '600.0000', '700.0000'),
(24, 21, 1, 12, '2022-04-15 11:24:21', 'Sales', -2, 'S11', '500.0000', '600.0000'),
(31, 21, 2, 12, '2022-04-15 14:39:07', 'Sales', -2, 'S12', '300.0000', '500.0000'),
(32, 21, 3, 12, '2022-04-15 14:39:07', 'Sales', -3, 'S12', '600.0000', '700.0000'),
(33, 21, 1, 12, '2022-04-15 15:07:15', 'Receive', 10, 'R4', '500.0000', '600.0000'),
(34, 21, 2, 12, '2022-04-15 15:07:15', 'Receive', 15, 'R4', '300.0000', '500.0000'),
(35, 21, 3, 12, '2022-04-15 15:07:15', 'Receive', 20, 'R4', '600.0000', '700.0000'),
(36, 21, 1, 12, '2022-04-29 13:14:21', 'Sales', -1, 'S13', '500.0000', '600.0000'),
(37, 21, 2, 12, '2022-04-29 13:14:21', 'Sales', -1, 'S13', '300.0000', '500.0000'),
(38, 21, 0, 12, '2022-11-02 17:35:38', 'KSRECV Deleted', 1, 'R15', '0.0000', '0.0000'),
(39, 21, 0, 12, '2022-11-02 17:36:02', 'KSRECV Deleted', 1, 'R14', '0.0000', '0.0000'),
(40, 21, 0, 12, '2022-12-19 17:05:00', 'KSRECV Deleted', 1, 'R20', '0.0000', '0.0000'),
(75, 21, 1, 12, '2023-05-06 11:05:08', 'Initial Quantity', 1, NULL, '290000.0000', '350000.0000'),
(76, 21, 2, 12, '2023-05-08 15:05:07', 'Initial Quantity', 0, NULL, '200.0000', '400.0000'),
(77, 21, 3, 12, '2023-05-21 06:05:57', 'Initial Quantity', 0, NULL, '20.0000', '40.0000'),
(78, 21, 4, 12, '2023-06-23 14:06:35', 'Initial Quantity', 500, NULL, '200.0000', '500.0000'),
(79, 21, 5, 12, '2023-06-23 14:06:56', 'Initial Quantity', 12, NULL, '33.0000', '44.0000'),
(80, 28, 6, 18, '2023-10-08 12:10:18', 'Initial Quantity', 0, NULL, '300.0000', '330.0000'),
(81, 28, 7, 18, '2023-10-08 12:10:19', 'Initial Quantity', 0, NULL, '140.0000', '155.0000'),
(92, 21, 0, 12, '2024-01-06 11:00:06', 'KSRECV Deleted', 1, 'R35', '0.0000', '0.0000');

-- --------------------------------------------------------

--
-- Table structure for table `pos_invoices`
--

CREATE TABLE `pos_invoices` (
  `sale_id` int(10) NOT NULL,
  `invoice_no` varchar(20) NOT NULL,
  `company_id` int(255) NOT NULL,
  `sale_time` timestamp NOT NULL DEFAULT CURRENT_TIMESTAMP,
  `sale_date` date NOT NULL,
  `deposit_to_acc_code` varchar(100) DEFAULT NULL,
  `customer_id` int(10) DEFAULT NULL,
  `employee_id` int(10) NOT NULL DEFAULT '0',
  `user_id` int(100) NOT NULL,
  `comment` text NOT NULL,
  `register_mode` varchar(512) DEFAULT NULL,
  `account` varchar(255) NOT NULL COMMENT 'cash or credit',
  `amount_due` decimal(10,4) NOT NULL DEFAULT '0.0000',
  `description` text,
  `discount_value` decimal(10,4) DEFAULT NULL,
  `total_amount` decimal(10,4) NOT NULL DEFAULT '0.0000',
  `total_tax` decimal(20,4) NOT NULL DEFAULT '0.0000',
  `exchange_rate` decimal(10,5) NOT NULL DEFAULT '0.00000',
  `paid` decimal(10,4) NOT NULL DEFAULT '0.0000',
  `currency_id` int(10) NOT NULL DEFAULT '0',
  `created_on` timestamp NOT NULL DEFAULT CURRENT_TIMESTAMP,
  `supplier_id` int(20) DEFAULT '0',
  `is_taxable` tinyint(1) NOT NULL,
  `due_date` date DEFAULT NULL,
  `business_address` text,
  `tax_rate` decimal(18,2) DEFAULT NULL,
  `tax_id` int(11) NOT NULL,
  `status` varchar(40) DEFAULT NULL
) ENGINE=InnoDB DEFAULT CHARSET=utf8;

--
-- Dumping data for table `pos_invoices`
--

INSERT INTO `pos_invoices` (`sale_id`, `invoice_no`, `company_id`, `sale_time`, `sale_date`, `deposit_to_acc_code`, `customer_id`, `employee_id`, `user_id`, `comment`, `register_mode`, `account`, `amount_due`, `description`, `discount_value`, `total_amount`, `total_tax`, `exchange_rate`, `paid`, `currency_id`, `created_on`, `supplier_id`, `is_taxable`, `due_date`, `business_address`, `tax_rate`, `tax_id`, `status`) VALUES
(1, '', 21, '2024-02-20 18:56:03', '2024-02-20', NULL, 6, 0, 0, '', NULL, '', '0.0000', NULL, NULL, '4000.0000', '0.0000', '0.00000', '0.0000', 0, '2024-02-20 18:56:03', 0, 0, '0000-00-00', NULL, NULL, 0, 'pending'),
(2, '', 21, '2024-02-20 18:56:33', '2024-02-20', NULL, 2, 0, 0, '', NULL, '', '0.0000', NULL, NULL, '30000.0000', '0.0000', '0.00000', '0.0000', 0, '2024-02-20 18:56:33', 0, 0, '0000-00-00', NULL, NULL, 0, 'paid'),
(3, '', 21, '2024-02-20 18:58:29', '2024-02-20', NULL, 7, 0, 0, '', NULL, '', '0.0000', NULL, NULL, '1550.0000', '0.0000', '0.00000', '0.0000', 0, '2024-02-20 18:58:29', 0, 0, '0000-00-00', NULL, NULL, 0, 'pending'),
(4, '', 21, '2024-02-29 19:15:50', '2024-02-29', NULL, 4, 0, 0, '', NULL, '', '0.0000', NULL, NULL, '3500.0000', '0.0000', '0.00000', '0.0000', 0, '2024-02-29 19:15:50', 0, 0, '0000-00-00', NULL, NULL, 0, 'pending');

-- --------------------------------------------------------

--
-- Table structure for table `pos_invoices_items`
--

CREATE TABLE `pos_invoices_items` (
  `sale_item_id` int(10) NOT NULL,
  `invoice_no` varchar(20) NOT NULL,
  `sale_id` int(10) NOT NULL DEFAULT '0',
  `item_id` int(10) NOT NULL DEFAULT '0',
  `account_code` varchar(100) DEFAULT NULL,
  `description` text,
  `serialnumber` varchar(30) DEFAULT NULL,
  `line` int(3) NOT NULL DEFAULT '0',
  `quantity_sold` decimal(15,2) NOT NULL DEFAULT '0.00',
  `item_cost_price` decimal(15,4) NOT NULL,
  `item_unit_price` decimal(15,4) NOT NULL,
  `discount_percent` int(11) NOT NULL DEFAULT '0',
  `unit_id` int(20) DEFAULT NULL,
  `currency_id` int(10) DEFAULT NULL,
  `company_id` int(20) NOT NULL,
  `discount_value` decimal(10,4) DEFAULT NULL,
  `tax_id` int(20) NOT NULL DEFAULT '0',
  `tax_rate` int(20) NOT NULL DEFAULT '0',
  `inventory_acc_code` varchar(20) DEFAULT '0'
) ENGINE=InnoDB DEFAULT CHARSET=utf8;

--
-- Dumping data for table `pos_invoices_items`
--

INSERT INTO `pos_invoices_items` (`sale_item_id`, `invoice_no`, `sale_id`, `item_id`, `account_code`, `description`, `serialnumber`, `line`, `quantity_sold`, `item_cost_price`, `item_unit_price`, `discount_percent`, `unit_id`, `currency_id`, `company_id`, `discount_value`, `tax_id`, `tax_rate`, `inventory_acc_code`) VALUES
(1, '1', 1, 1, NULL, NULL, NULL, 0, '1.00', '1.0000', '3500.0000', 0, NULL, NULL, 21, NULL, 0, 0, '0'),
(2, '2', 2, 4, NULL, NULL, NULL, 0, '1.00', '1.0000', '500.0000', 0, NULL, NULL, 21, NULL, 0, 0, '0'),
(3, '1', 1, 9, NULL, NULL, NULL, 0, '1.00', '1.0000', '30000.0000', 0, NULL, NULL, 21, NULL, 0, 0, '0'),
(4, '1', 1, 7, NULL, NULL, NULL, 0, '10.00', '1.0000', '155.0000', 0, NULL, NULL, 21, NULL, 0, 0, '0'),
(5, '1', 1, 1, NULL, NULL, NULL, 0, '1.00', '1.0000', '3500.0000', 0, NULL, NULL, 21, NULL, 0, 0, '0');

-- --------------------------------------------------------

--
-- Table structure for table `pos_items_detail`
--

CREATE TABLE `pos_items_detail` (
  `id` int(255) NOT NULL,
  `name` varchar(255) DEFAULT NULL,
  `barcode` varchar(256) DEFAULT NULL,
  `category_id` int(11) DEFAULT NULL,
  `item_code` varchar(20) DEFAULT NULL,
  `item_type` varchar(50) DEFAULT NULL,
  `quantity` double(15,2) NOT NULL,
  `avg_cost` decimal(20,4) NOT NULL,
  `cost_price` decimal(20,4) NOT NULL,
  `unit_price` decimal(20,4) NOT NULL,
  `tax_id` int(20) DEFAULT '0',
  `unit_id` int(20) NOT NULL,
  `location_code` varchar(100) DEFAULT NULL,
  `re_stock_level` double(20,2) DEFAULT NULL,
  `picture` varchar(50) DEFAULT NULL,
  `inventory_acc_code` varchar(20) NOT NULL,
  `deleted` tinyint(1) DEFAULT '0',
  `wip_acc_code` varchar(20) NOT NULL,
  `company_id` int(11) NOT NULL,
  `description` text,
  `date_created` datetime DEFAULT NULL,
  `date_updated` datetime DEFAULT NULL,
  `user_id` int(11) DEFAULT NULL
) ENGINE=InnoDB DEFAULT CHARSET=utf8;

--
-- Dumping data for table `pos_items_detail`
--

INSERT INTO `pos_items_detail` (`id`, `name`, `barcode`, `category_id`, `item_code`, `item_type`, `quantity`, `avg_cost`, `cost_price`, `unit_price`, `tax_id`, `unit_id`, `location_code`, `re_stock_level`, `picture`, `inventory_acc_code`, `deleted`, `wip_acc_code`, `company_id`, `description`, `date_created`, `date_updated`, `user_id`) VALUES
(1, 'Apple air m2 pro', '1', NULL, NULL, NULL, 1.00, '0.0000', '0.0000', '3500.0000', NULL, 0, NULL, NULL, '', '1004', 0, '0', 21, 'asfas 1232', '2023-05-06 16:05:08', '2023-05-06 16:05:09', 12),
(2, 'asdfa', NULL, NULL, NULL, NULL, 0.00, '0.0000', '0.0000', '400.0000', NULL, 0, NULL, NULL, '', '1004', 0, '0', 21, '', '2023-05-08 20:05:07', '2023-05-08 20:05:08', 12),
(3, 'Samsung S21 Ultra', NULL, NULL, NULL, NULL, 0.00, '20.0000', '20.0000', '40.0000', NULL, 0, NULL, NULL, '', '1004', 0, '0', 21, 'mobile', '2023-05-21 11:05:57', NULL, 12),
(4, 'Keyboard', NULL, NULL, NULL, NULL, 500.00, '200.0000', '200.0000', '500.0000', NULL, 0, NULL, NULL, '', '1004', 0, '0', 21, '', '2023-06-23 19:06:35', NULL, 12),
(5, 'abc', NULL, NULL, NULL, NULL, 12.00, '33.0000', '33.0000', '44.0000', NULL, 0, NULL, NULL, '', '1004', 0, '0', 21, '', '2023-06-23 19:06:56', NULL, 12),
(6, 'Rice Sela Kainat', NULL, NULL, NULL, NULL, 0.00, '300.0000', '300.0000', '330.0000', NULL, 0, NULL, NULL, '', '1004', 0, '0', 28, '\r\n', '2023-10-08 17:10:18', NULL, 18),
(7, 'Sugar', NULL, NULL, NULL, NULL, 0.00, '140.0000', '140.0000', '155.0000', NULL, 0, NULL, NULL, '', '1004', 0, '0', 28, '', '2023-10-08 17:10:19', NULL, 18),
(8, 'kasbook', NULL, NULL, NULL, NULL, 0.00, '0.0000', '4400.0000', '5500.0000', 0, 0, NULL, NULL, NULL, '', 0, '', 0, NULL, NULL, NULL, NULL),
(9, 'app', NULL, NULL, NULL, NULL, 0.00, '0.0000', '25000.0000', '30000.0000', 0, 0, NULL, NULL, NULL, '', 0, '', 0, NULL, NULL, NULL, NULL),
(10, 'Invoicing Auditor', NULL, NULL, NULL, NULL, 0.00, '0.0000', '600.0000', '1000.0000', 0, 0, NULL, NULL, NULL, '', 0, '', 0, NULL, NULL, NULL, NULL);

-- --------------------------------------------------------

--
-- Table structure for table `pos_locations`
--

CREATE TABLE `pos_locations` (
  `id` int(100) NOT NULL,
  `name` text COLLATE utf8_unicode_ci NOT NULL,
  `status` enum('active','inactive') COLLATE utf8_unicode_ci NOT NULL,
  `company_id` int(100) NOT NULL,
  `code` varchar(100) COLLATE utf8_unicode_ci DEFAULT NULL,
  `user_id` int(11) DEFAULT NULL,
  `date_created` datetime DEFAULT NULL
) ENGINE=InnoDB DEFAULT CHARSET=utf8 COLLATE=utf8_unicode_ci;

-- --------------------------------------------------------

--
-- Table structure for table `pos_plaid_accounts`
--

CREATE TABLE `pos_plaid_accounts` (
  `id` int(11) NOT NULL,
  `user_id` int(11) NOT NULL,
  `item_id` varchar(255) NOT NULL,
  `company_id` int(11) NOT NULL,
  `plaid_account_id` varchar(255) NOT NULL,
  `name` text NOT NULL,
  `mask` text NOT NULL,
  `official_name` text,
  `current_balance` decimal(28,0) DEFAULT NULL,
  `available_balance` decimal(28,10) DEFAULT NULL,
  `iso_currency_code` text,
  `unofficial_currency_code` text,
  `type` text NOT NULL,
  `subtype` text NOT NULL,
  `created_at` datetime DEFAULT CURRENT_TIMESTAMP,
  `updated_at` datetime DEFAULT NULL
) ENGINE=MyISAM DEFAULT CHARSET=utf8;

--
-- Dumping data for table `pos_plaid_accounts`
--

INSERT INTO `pos_plaid_accounts` (`id`, `user_id`, `item_id`, `company_id`, `plaid_account_id`, `name`, `mask`, `official_name`, `current_balance`, `available_balance`, `iso_currency_code`, `unofficial_currency_code`, `type`, `subtype`, `created_at`, `updated_at`) VALUES
(24, 12, 'EbDXQlqrBJt6m7NEZ7a4s1w8wRErvkCXd9Aok', 21, '15E8R7owMQuxJ6X3P6zWUQGrAmmGyrTp1oN39', 'Plaid Checking', '0000', 'Plaid Gold Standard 0% Interest Checking', '110', '100.0000000000', 'USD', NULL, 'depository', 'checking', '2023-11-30 21:59:01', NULL),
(14, 12, 'aWgWW17JaLcxk67VwQKVHa1p1AKDEEf7AE93P', 21, 'VePeedqo87I3BVlqQLyqINjDZG55JliDZAlkQ', 'Plaid Checking', '0000', 'Plaid Gold Standard 0% Interest Checking', '110', '100.0000000000', 'USD', NULL, 'depository', 'checking', '2023-11-30 00:02:41', NULL),
(22, 12, 'AEbNZwVbJnTKbngBlwXWuX9MEWWbg7t1GNd1g', 21, 'DDj7LnqjJ8cE1xaG4d36iozelWppqNS4pGZK7', 'Plaid CD', '2222', 'Plaid Bronze Standard 0.2% Interest CD', '1000', NULL, 'USD', NULL, 'depository', 'cd', '2023-11-30 21:23:34', NULL),
(23, 12, 'AEbNZwVbJnTKbngBlwXWuX9MEWWbg7t1GNd1g', 21, 'VDG4jZLGBWcyBjNrqa7RuqokMGAAyBCqAND3D', 'Plaid Credit Card', '3333', 'Plaid Diamond 12.5% APR Interest Credit Card', '410', NULL, 'USD', NULL, 'credit', 'credit card', '2023-11-30 21:23:34', NULL),
(15, 12, 'aWgWW17JaLcxk67VwQKVHa1p1AKDEEf7AE93P', 21, 'w7a77dqDBeunzJevjpGvtoqwrDddPgIQ1dM9R', 'Plaid Saving', '1111', 'Plaid Silver Standard 0.1% Interest Saving', '210', '200.0000000000', 'USD', NULL, 'depository', 'savings', '2023-11-30 00:02:41', NULL),
(16, 12, '6EbNPqZpk4tN818gDolPUQL1doXNnzugVzJvN', 21, 'NDjbdExJLyCAoRodZDEaHg9KPrwy7WCywq6kd', 'Plaid Checking', '0000', 'Plaid Gold Standard 0% Interest Checking', '110', '100.0000000000', 'USD', NULL, 'depository', 'checking', '2023-11-30 00:03:48', NULL),
(17, 12, '6EbNPqZpk4tN818gDolPUQL1doXNnzugVzJvN', 21, 'PDZX4laJLACqnQnRvDpwIreq7zgNlMioRr6VR', 'Plaid Saving', '1111', 'Plaid Silver Standard 0.1% Interest Saving', '210', '200.0000000000', 'USD', NULL, 'depository', 'savings', '2023-11-30 00:03:48', NULL),
(26, 12, 'EbDXQlqrBJt6m7NEZ7a4s1w8wRErvkCXd9Aok', 21, 'pZn4BkrXRvC5Wg319g8Lulz5yrrzk5ipdnbko', 'Plaid CD', '2222', 'Plaid Bronze Standard 0.2% Interest CD', '1000', NULL, 'USD', NULL, 'depository', 'cd', '2023-11-30 21:59:01', NULL),
(25, 12, 'EbDXQlqrBJt6m7NEZ7a4s1w8wRErvkCXd9Aok', 21, 'L6DXkxdbNJC7mXMaRXGjtGMdaAAMJdck5aqoK', 'Plaid Saving', '1111', 'Plaid Silver Standard 0.1% Interest Saving', '210', '200.0000000000', 'USD', NULL, 'depository', 'savings', '2023-11-30 21:59:01', NULL),
(70, 12, 'd4J9VBPv8wtM5Al3d5mDiB1x48olQxuZLlENa', 21, 'opLoVQg495iaPzkQDPdVtPe1P7nJyNFojeoL5', 'Plaid Checking', '0000', 'Plaid Gold Standard 0% Interest Checking', '110', '100.0000000000', 'USD', NULL, 'depository', 'checking', '2024-01-04 19:15:23', NULL),
(71, 12, 'd4J9VBPv8wtM5Al3d5mDiB1x48olQxuZLlENa', 21, 'gjJ6VdeKkbumM3NXrMlpC3x63KkEBmiEopE38', 'Plaid Saving', '1111', 'Plaid Silver Standard 0.1% Interest Saving', '210', '200.0000000000', 'USD', NULL, 'depository', 'savings', '2024-01-04 19:15:23', NULL),
(72, 12, 'rxBEXpQx46u94dbGBDnluXRvWDK6yWClGqz5p', 21, 'RK73JWPK4liVwAmQ9pxbCPllDMGzzMCP3nX9a', 'Plaid Checking', '0000', 'Plaid Gold Standard 0% Interest Checking', '110', '100.0000000000', 'USD', NULL, 'depository', 'checking', '2024-01-04 19:16:15', NULL),
(73, 12, 'rxBEXpQx46u94dbGBDnluXRvWDK6yWClGqz5p', 21, '6qAlJRPq1kTJnQwBWlxjUK55P3Qxx3u1Ldb61', 'Plaid Saving', '1111', 'Plaid Silver Standard 0.1% Interest Saving', '210', '200.0000000000', 'USD', NULL, 'depository', 'savings', '2024-01-04 19:16:15', NULL),
(45, 12, 'NvwRyLmNRQCKBblPPNWJfrJb7ZenKyuWkmeVd', 21, 'RvV8AlkM8LCLVozAAbKkiewmRB9r8RHPbjKK4', 'Plaid Checking', '0000', 'Plaid Gold Standard 0% Interest Checking', '110', '100.0000000000', 'USD', NULL, 'depository', 'checking', '2023-12-21 18:50:49', NULL),
(46, 12, 'NvwRyLmNRQCKBblPPNWJfrJb7ZenKyuWkmeVd', 21, '6jmg4kx6gMiGJakQQjbzi9ylgNV4ogU1XJWWe', 'Plaid Saving', '1111', 'Plaid Silver Standard 0.1% Interest Saving', '210', '200.0000000000', 'USD', NULL, 'depository', 'savings', '2023-12-21 18:50:49', NULL);

-- --------------------------------------------------------

--
-- Table structure for table `pos_plaid_items`
--

CREATE TABLE `pos_plaid_items` (
  `id` bigint(20) UNSIGNED NOT NULL,
  `user_id` int(11) DEFAULT NULL,
  `company_id` int(11) DEFAULT NULL,
  `plaid_access_token` varchar(255) NOT NULL,
  `plaid_item_id` varchar(255) NOT NULL,
  `plaid_institution_id` varchar(255) NOT NULL,
  `status` text,
  `created_at` datetime DEFAULT CURRENT_TIMESTAMP,
  `updated_at` datetime DEFAULT NULL,
  `transactions_cursor` text,
  `institution_name` text
) ENGINE=MyISAM DEFAULT CHARSET=utf8;

--
-- Dumping data for table `pos_plaid_items`
--

INSERT INTO `pos_plaid_items` (`id`, `user_id`, `company_id`, `plaid_access_token`, `plaid_item_id`, `plaid_institution_id`, `status`, `created_at`, `updated_at`, `transactions_cursor`, `institution_name`) VALUES
(18, 12, 21, 'access-sandbox-e470b97c-4949-4501-85d5-2454adc3565a', 'd4J9VBPv8wtM5Al3d5mDiB1x48olQxuZLlENa', 'ins_5', NULL, '2024-01-04 19:15:22', NULL, NULL, 'Citibank Online'),
(19, 12, 21, 'access-sandbox-c03a344c-d1fd-49bd-8f6b-72d7cd355d4d', 'rxBEXpQx46u94dbGBDnluXRvWDK6yWClGqz5p', 'ins_56', NULL, '2024-01-04 19:16:14', NULL, NULL, 'Chase');

-- --------------------------------------------------------

--
-- Table structure for table `pos_plaid_transactions`
--

CREATE TABLE `pos_plaid_transactions` (
  `id` int(11) NOT NULL,
  `account_id` varchar(255) NOT NULL,
  `company_id` int(11) NOT NULL,
  `plaid_transaction_id` varchar(255) NOT NULL,
  `plaid_category_id` text,
  `category` text,
  `subcategory` text,
  `type` text NOT NULL,
  `name` text NOT NULL,
  `amount` decimal(28,10) NOT NULL,
  `iso_currency_code` text,
  `unofficial_currency_code` text,
  `date` date NOT NULL,
  `pending` tinyint(1) NOT NULL,
  `account_owner` text,
  `created_at` datetime DEFAULT CURRENT_TIMESTAMP,
  `updated_at` datetime DEFAULT NULL,
  `posted` tinyint(1) NOT NULL DEFAULT '0'
) ENGINE=MyISAM DEFAULT CHARSET=utf8;

-- --------------------------------------------------------

--
-- Table structure for table `pos_purchasepostingtypes`
--

CREATE TABLE `pos_purchasepostingtypes` (
  `id` int(100) NOT NULL,
  `name` varchar(50) COLLATE utf8_unicode_ci NOT NULL,
  `inventory_acc_code` varchar(20) COLLATE utf8_unicode_ci NOT NULL,
  `cash_acc_code` varchar(20) COLLATE utf8_unicode_ci NOT NULL,
  `bank_acc_code` varchar(20) COLLATE utf8_unicode_ci NOT NULL,
  `purchasereturn_acc_code` varchar(20) COLLATE utf8_unicode_ci NOT NULL,
  `purchasedis_acc_code` varchar(20) COLLATE utf8_unicode_ci NOT NULL,
  `payable_acc_code` varchar(20) COLLATE utf8_unicode_ci NOT NULL,
  `company_id` int(100) NOT NULL,
  `forex_gain_acc_code` varchar(20) COLLATE utf8_unicode_ci DEFAULT NULL,
  `forex_loss_acc_code` varchar(20) COLLATE utf8_unicode_ci DEFAULT NULL,
  `salestax_acc_code` varchar(20) COLLATE utf8_unicode_ci NOT NULL,
  `purchase_acc_code` varchar(20) COLLATE utf8_unicode_ci DEFAULT NULL
) ENGINE=InnoDB DEFAULT CHARSET=utf8 COLLATE=utf8_unicode_ci;

--
-- Dumping data for table `pos_purchasepostingtypes`
--

INSERT INTO `pos_purchasepostingtypes` (`id`, `name`, `inventory_acc_code`, `cash_acc_code`, `bank_acc_code`, `purchasereturn_acc_code`, `purchasedis_acc_code`, `payable_acc_code`, `company_id`, `forex_gain_acc_code`, `forex_loss_acc_code`, `salestax_acc_code`, `purchase_acc_code`) VALUES
(1, 'Purchase Posting Type', '1004', '1001', '1002', '5002', '5003', '2000', 21, NULL, NULL, '2002', '5000');

-- --------------------------------------------------------

--
-- Table structure for table `pos_purchase_orders`
--

CREATE TABLE `pos_purchase_orders` (
  `receiving_id` int(10) NOT NULL,
  `invoice_no` varchar(100) NOT NULL,
  `receiving_time` timestamp NOT NULL DEFAULT CURRENT_TIMESTAMP,
  `company_id` int(255) NOT NULL,
  `supplier_id` int(10) DEFAULT NULL COMMENT 'ledger_id',
  `supplier_invoice_no` varchar(200) NOT NULL,
  `employee_id` int(10) NOT NULL DEFAULT '0',
  `user_id` int(100) NOT NULL,
  `comment` text NOT NULL,
  `payment_type` varchar(20) DEFAULT NULL,
  `account` varchar(255) NOT NULL,
  `register_mode` varchar(200) NOT NULL,
  `receiving_date` date NOT NULL,
  `amount_due` double(10,4) NOT NULL,
  `description` text,
  `discount_value` double(10,4) DEFAULT NULL,
  `total_amount` decimal(10,4) NOT NULL,
  `paid` decimal(10,4) NOT NULL,
  `exchange_rate` decimal(10,5) NOT NULL,
  `currency_id` int(10) NOT NULL,
  `created_on` timestamp NOT NULL DEFAULT CURRENT_TIMESTAMP,
  `total_tax` decimal(10,3) NOT NULL
) ENGINE=InnoDB DEFAULT CHARSET=utf8;

-- --------------------------------------------------------

--
-- Table structure for table `pos_purchase_orders_items`
--

CREATE TABLE `pos_purchase_orders_items` (
  `purchase_orders_items_id` int(10) NOT NULL,
  `receiving_id` int(10) NOT NULL DEFAULT '0',
  `invoice_no` varchar(100) NOT NULL,
  `item_id` int(10) NOT NULL DEFAULT '0',
  `description` varchar(30) DEFAULT NULL,
  `serialnumber` varchar(30) DEFAULT NULL,
  `line` int(3) NOT NULL,
  `quantity_purchased` double(10,2) NOT NULL DEFAULT '0.00',
  `item_cost_price` decimal(15,4) NOT NULL,
  `item_unit_price` double(15,4) NOT NULL,
  `discount_percent` int(11) NOT NULL DEFAULT '0',
  `size_id` int(255) NOT NULL,
  `color_id` int(255) NOT NULL,
  `unit_id` int(20) DEFAULT NULL,
  `company_id` int(20) NOT NULL,
  `tax_id` int(10) DEFAULT '0',
  `tax_rate` decimal(10,0) DEFAULT '0',
  `service` tinyint(1) NOT NULL DEFAULT '0'
) ENGINE=InnoDB DEFAULT CHARSET=utf8;

-- --------------------------------------------------------

--
-- Table structure for table `pos_receivings`
--

CREATE TABLE `pos_receivings` (
  `receiving_id` int(10) NOT NULL,
  `invoice_no` varchar(100) NOT NULL,
  `receiving_time` timestamp NOT NULL DEFAULT CURRENT_TIMESTAMP,
  `company_id` int(255) NOT NULL,
  `supplier_id` int(10) DEFAULT NULL COMMENT 'ledger_id',
  `supplier_invoice_no` varchar(200) DEFAULT NULL,
  `employee_id` int(10) NOT NULL DEFAULT '0',
  `user_id` int(100) NOT NULL,
  `payment_acc_code` varchar(100) DEFAULT NULL,
  `comment` text NOT NULL,
  `payment_type` varchar(20) DEFAULT NULL,
  `account` varchar(255) NOT NULL,
  `register_mode` varchar(200) NOT NULL,
  `receiving_date` date NOT NULL,
  `amount_due` double(10,4) NOT NULL,
  `description` text,
  `discount_value` double(10,4) DEFAULT NULL,
  `total_amount` decimal(10,4) NOT NULL,
  `paid` decimal(10,4) NOT NULL,
  `exchange_rate` decimal(10,5) NOT NULL,
  `currency_id` int(10) NOT NULL,
  `created_on` timestamp NOT NULL DEFAULT CURRENT_TIMESTAMP,
  `total_tax` decimal(10,3) NOT NULL,
  `file` varchar(200) DEFAULT NULL,
  `due_date` date DEFAULT NULL,
  `business_address` text,
  `tax_id` int(11) DEFAULT NULL,
  `tax_rate` decimal(18,2) DEFAULT NULL
) ENGINE=InnoDB DEFAULT CHARSET=utf8;

--
-- Dumping data for table `pos_receivings`
--

INSERT INTO `pos_receivings` (`receiving_id`, `invoice_no`, `receiving_time`, `company_id`, `supplier_id`, `supplier_invoice_no`, `employee_id`, `user_id`, `payment_acc_code`, `comment`, `payment_type`, `account`, `register_mode`, `receiving_date`, `amount_due`, `description`, `discount_value`, `total_amount`, `paid`, `exchange_rate`, `currency_id`, `created_on`, `total_tax`, `file`, `due_date`, `business_address`, `tax_id`, `tax_rate`) VALUES
(1, 'R1', '2022-03-22 11:49:26', 21, 0, NULL, 0, 12, NULL, '', NULL, 'cash', 'receive', '2022-03-22', 0.0000, '', 0.0000, '7395.0000', '0.0000', '0.00000', 0, '2022-03-22 11:49:26', '105.000', NULL, NULL, NULL, NULL, NULL),
(2, 'R2', '2022-03-22 11:49:57', 21, 0, NULL, 0, 12, NULL, '', NULL, 'cash', 'receive', '2022-03-22', 0.0000, '', 0.0000, '5000.0000', '0.0000', '0.00000', 0, '2022-03-22 11:49:57', '0.000', NULL, NULL, NULL, NULL, NULL),
(3, 'R3', '2022-04-06 17:58:30', 21, 1, NULL, 0, 12, NULL, '', NULL, 'cash', 'receive', '2022-04-06', 0.0000, 'desctitptoan', 0.0000, '1100.0000', '0.0000', '0.00000', 0, '2022-04-06 17:58:30', '0.000', NULL, '2022-04-21', 'business address', NULL, NULL),
(4, 'R4', '2022-04-15 15:07:15', 21, 1, NULL, 0, 12, NULL, '', NULL, 'cash', 'receive', '2022-04-15', 0.0000, '', 0.0000, '21395.0000', '0.0000', '0.00000', 0, '2022-04-15 15:07:15', '105.000', NULL, NULL, '', NULL, NULL),
(5, 'R5', '2022-05-20 14:05:21', 21, 1, NULL, 0, 12, '1001', '', NULL, 'cash', 'receive', '2022-05-20', 0.0000, '', 0.0000, '55.0000', '0.0000', '0.00000', 0, '2022-05-20 14:05:21', '0.000', NULL, NULL, '', NULL, NULL),
(6, 'R6', '2022-05-20 14:15:16', 21, NULL, NULL, 0, 12, '1001', '', NULL, 'cash', 'receive', '2022-05-20', 0.0000, '', 0.0000, '44.0000', '0.0000', '0.00000', 0, '2022-05-20 14:15:16', '0.000', NULL, NULL, '', NULL, NULL),
(7, 'R7', '2022-05-20 14:18:09', 21, 2, NULL, 0, 12, '1001', '', NULL, 'cash', 'receive', '2022-05-20', 0.0000, '', 0.0000, '77.0000', '0.0000', '0.00000', 0, '2022-05-20 14:18:09', '0.000', NULL, NULL, '', NULL, NULL),
(8, 'R8', '2022-05-20 14:20:56', 21, 0, NULL, 0, 12, '1001', '', NULL, 'cash', 'receive', '2022-05-20', 0.0000, '', 0.0000, '900.0000', '0.0000', '0.00000', 0, '2022-05-20 14:20:56', '0.000', NULL, NULL, '', NULL, NULL),
(9, 'R9', '2022-05-20 19:18:17', 21, 1, NULL, 0, 12, '1001', '', NULL, 'credit', 'receive', '2022-05-21', 0.0000, '', 0.0000, '33.0000', '33.0000', '0.00000', 0, '2022-05-20 19:18:17', '0.000', NULL, NULL, '', NULL, NULL),
(10, 'R10', '2022-05-20 19:25:51', 21, 2, NULL, 0, 12, '1001', '', NULL, 'cash', 'receive', '2022-05-21', 0.0000, '', 0.0000, '1232.0000', '0.0000', '0.00000', 0, '2022-05-20 19:25:51', '0.000', NULL, NULL, '', NULL, NULL),
(11, 'R11', '2022-06-21 16:18:40', 21, 1, NULL, 0, 12, '1001', '', NULL, 'cash', 'receive', '2022-06-21', 0.0000, '', 0.0000, '1200.0000', '0.0000', '0.00000', 0, '2022-06-21 16:18:40', '0.000', NULL, NULL, 'afasd', NULL, NULL),
(12, 'R12', '2022-08-17 18:20:33', 21, 0, NULL, 0, 12, '2000', '', NULL, 'cash', 'receive', '2022-08-17', 0.0000, '', 0.0000, '107.5000', '0.0000', '0.00000', 0, '2022-08-17 18:20:33', '7.500', NULL, NULL, '', 3, '7.50'),
(13, 'R13', '2022-08-17 18:45:58', 21, 1, NULL, 0, 12, '2000', '', NULL, 'credit', 'receive', '2022-08-17', 0.0000, '', 0.0000, '500.0000', '100.0000', '0.00000', 0, '2022-08-17 18:45:58', '37.500', NULL, NULL, '', NULL, NULL),
(20, 'R16', '2022-09-26 13:10:02', 21, 1, NULL, 0, 12, '1001', '', NULL, 'cash', 'receive', '2022-09-26', 0.0000, '', 0.0000, '1500.0000', '0.0000', '0.00000', 0, '2022-09-26 13:10:02', '0.000', NULL, NULL, '', 0, '0.00'),
(22, 'R17', '2022-09-26 17:46:00', 21, 1, NULL, 0, 12, '1001', '', NULL, 'cash', 'receive', '2022-09-26', 0.0000, '', 0.0000, '1501.0000', '0.0000', '0.00000', 0, '2022-09-26 17:46:00', '225.150', NULL, NULL, '', 1, '15.00'),
(23, 'R18', '2022-09-26 17:46:37', 21, 1, NULL, 0, 12, '1001', '', NULL, 'cash', 'receive', '2022-09-26', 0.0000, '', 0.0000, '1545.0000', '0.0000', '0.00000', 0, '2022-09-26 17:46:37', '231.750', NULL, NULL, '', 1, '15.00'),
(24, 'R19', '2022-09-26 18:45:53', 21, 1, NULL, 0, 12, '1001', '', NULL, 'cash', 'receive', '2022-09-26', 0.0000, '', 0.0000, '1500.0000', '0.0000', '0.00000', 0, '2022-09-26 18:45:53', '112.500', NULL, NULL, '', 3, '7.50'),
(25, 'R20', '2023-01-06 19:51:31', 21, 1, NULL, 0, 12, '2000', '', NULL, 'credit', 'receive', '2023-01-07', 0.0000, '', 0.0000, '4500.0000', '0.0000', '0.00000', 0, '2023-01-06 19:51:31', '0.000', NULL, NULL, '', NULL, NULL),
(26, 'R21', '2023-01-06 19:55:58', 21, 2, NULL, 0, 12, '2000', '', NULL, 'credit', 'receive', '2023-01-07', 0.0000, '', 0.0000, '5500.0000', '1500.0000', '0.00000', 0, '2023-01-06 19:55:58', '0.000', NULL, NULL, '', NULL, NULL),
(27, 'R22', '2023-01-06 20:04:46', 21, 1, NULL, 0, 12, '2000', '', NULL, 'credit', 'receive', '2023-01-06', 0.0000, '', 0.0000, '8000.0000', '4200.0000', '0.00000', 0, '2023-01-06 20:04:46', '0.000', NULL, NULL, '', NULL, NULL),
(28, 'R23', '2023-01-07 11:12:41', 21, 2, NULL, 0, 12, '2000', '', NULL, 'credit', 'receive', '2023-01-07', 0.0000, '', 0.0000, '3000.0000', '1800.0000', '0.00000', 0, '2023-01-07 11:12:41', '0.000', NULL, '2023-01-14', '', NULL, NULL),
(29, 'R24', '2023-01-07 11:17:37', 21, 2, NULL, 0, 12, '2000', '', NULL, 'credit', 'receive', '2023-01-07', 0.0000, '', 0.0000, '3000.0000', '0.0000', '0.00000', 0, '2023-01-07 11:17:37', '0.000', NULL, '2023-01-14', '', NULL, NULL),
(30, 'R25', '2023-01-16 17:14:27', 21, 2, NULL, 0, 12, '2000', '', NULL, 'credit', 'receive', '2023-01-16', 0.0000, '', 0.0000, '400.0000', '0.0000', '0.00000', 0, '2023-01-16 17:14:27', '0.000', NULL, '2023-01-18', '', NULL, NULL),
(32, 'R27', '2023-02-13 18:57:05', 21, 2, NULL, 0, 12, '1001', '', NULL, 'cash', 'receive', '2023-02-13', 0.0000, '', 0.0000, '999.0000', '0.0000', '0.00000', 0, '2023-02-13 18:57:05', '0.000', NULL, '2023-02-13', '', 0, '0.00'),
(33, 'R28', '2023-02-20 18:50:22', 21, 2, NULL, 0, 12, '1001', '', NULL, 'cash', 'receive', '2023-02-20', 0.0000, '', 0.0000, '500.0000', '0.0000', '0.00000', 0, '2023-02-20 18:50:22', '0.000', NULL, '2023-02-20', '', 0, '0.00'),
(34, 'R29', '2023-02-20 18:58:47', 21, 2, NULL, 0, 12, '1001', '', NULL, 'cash', 'receive', '2023-02-20', 0.0000, '', 0.0000, '4500.0000', '0.0000', '0.00000', 0, '2023-02-20 18:58:47', '0.000', NULL, '2023-02-20', '', 0, '0.00'),
(35, 'R30', '2023-02-20 19:08:30', 21, 1, NULL, 0, 12, '1001', '', NULL, 'cash', 'receive', '2023-02-21', 0.0000, '', 0.0000, '54000.0000', '0.0000', '0.00000', 0, '2023-02-20 19:08:30', '0.000', NULL, '2023-02-21', '', 0, '0.00'),
(37, 'R32', '2023-03-06 17:07:54', 21, 2, NULL, 0, 12, '1001', '', NULL, 'cash', 'receive', '2023-03-06', 0.0000, '', 0.0000, '680.0000', '0.0000', '0.00000', 0, '2023-03-06 17:07:54', '0.000', NULL, '2023-03-06', '', 0, '0.00'),
(41, 'R34', '2023-04-27 18:22:55', 21, 2, NULL, 0, 12, '1001', '', NULL, 'cash', 'receive', '2023-04-27', 0.0000, '', 0.0000, '130.0000', '0.0000', '0.00000', 0, '2023-04-27 18:22:55', '0.000', NULL, '2023-04-27', '', 0, '0.00'),
(42, 'R33', '2023-04-27 18:23:11', 21, 2, NULL, 0, 12, '1001', '', NULL, 'cash', 'receive', '2023-04-27', 0.0000, '', 0.0000, '110.0000', '0.0000', '0.00000', 0, '2023-04-27 18:23:11', '0.000', NULL, '2023-04-27', '', 0, '0.00'),
(47, 'R26', '2023-05-22 16:59:21', 21, 1, NULL, 0, 12, '1001', '', NULL, 'cash', 'receive', '2023-02-13', 0.0000, '', 0.0000, '999000.0000', '0.0000', '0.00000', 0, '2023-05-22 16:59:21', '0.000', NULL, '2023-02-13', '', 0, '0.00'),
(49, 'R1', '2023-10-08 13:55:02', 28, 3, NULL, 0, 18, '2000', '', NULL, 'credit', 'receive', '2023-09-01', 0.0000, '', 0.0000, '291332.0000', '0.0000', '0.00000', 0, '2023-10-08 13:55:02', '0.000', NULL, '2023-10-08', '', NULL, NULL),
(50, 'R2', '2023-10-08 13:56:05', 28, 3, NULL, 0, 18, '2000', '', NULL, 'credit', 'receive', '2023-09-08', 0.0000, '', 0.0000, '138646.0000', '0.0000', '0.00000', 0, '2023-10-08 13:56:05', '0.000', NULL, '2023-10-08', '', NULL, NULL),
(55, 'R38', '2024-01-06 10:18:29', 21, 2, NULL, 0, 12, '1001', '', NULL, 'cash', 'receive', '2024-01-06', 0.0000, '', 0.0000, '750.0000', '0.0000', '0.00000', 0, '2024-01-06 10:18:29', '0.000', NULL, '2024-01-06', 'eadfasdf', 0, '0.00'),
(56, 'R36', '2024-01-06 10:20:56', 21, 2, NULL, 0, 12, '1001', '', NULL, 'cash', 'receive', '2023-10-10', 0.0000, '', 0.0000, '2000.0000', '0.0000', '0.00000', 0, '2024-01-06 10:20:56', '0.000', NULL, '2023-10-10', '', 0, '0.00'),
(60, 'R31', '2024-01-06 11:20:32', 21, 2, NULL, 0, 12, '2000', '', NULL, 'credit', 'receive', '2023-03-06', 0.0000, '', 0.0000, '2900.0000', '200.0000', '0.00000', 0, '2024-01-06 11:20:32', '0.000', NULL, '2023-03-06', 'FF852 Deans Trade Center', NULL, NULL);

-- --------------------------------------------------------

--
-- Table structure for table `pos_receivings_items`
--

CREATE TABLE `pos_receivings_items` (
  `receivings_items_id` int(10) NOT NULL,
  `receiving_id` int(10) NOT NULL DEFAULT '0',
  `invoice_no` varchar(100) NOT NULL,
  `item_id` int(10) NOT NULL DEFAULT '0',
  `account_code` varchar(100) DEFAULT NULL,
  `description` text,
  `serialnumber` varchar(30) DEFAULT NULL,
  `line` int(3) NOT NULL,
  `quantity_purchased` double(10,2) NOT NULL DEFAULT '0.00',
  `item_cost_price` decimal(15,4) NOT NULL,
  `item_unit_price` double(15,4) NOT NULL,
  `discount_percent` int(11) NOT NULL DEFAULT '0',
  `discount_value` decimal(18,0) DEFAULT NULL,
  `size_id` int(255) NOT NULL,
  `color_id` int(255) NOT NULL,
  `unit_id` int(20) DEFAULT NULL,
  `company_id` int(20) NOT NULL,
  `tax_id` int(10) DEFAULT '0',
  `tax_rate` decimal(10,0) DEFAULT '0',
  `service` tinyint(1) NOT NULL DEFAULT '0'
) ENGINE=InnoDB DEFAULT CHARSET=utf8;

--
-- Dumping data for table `pos_receivings_items`
--

INSERT INTO `pos_receivings_items` (`receivings_items_id`, `receiving_id`, `invoice_no`, `item_id`, `account_code`, `description`, `serialnumber`, `line`, `quantity_purchased`, `item_cost_price`, `item_unit_price`, `discount_percent`, `discount_value`, `size_id`, `color_id`, `unit_id`, `company_id`, `tax_id`, `tax_rate`, `service`) VALUES
(1, 1, 'R1', 3, NULL, '', NULL, 0, 10.00, '600.0000', 700.0000, 0, '0', 0, 0, NULL, 21, 1, '15', 0),
(2, 1, 'R1', 2, NULL, '', NULL, 0, 5.00, '300.0000', 500.0000, 0, '0', 0, 0, NULL, 21, 0, '0', 0),
(3, 2, 'R2', 1, NULL, '', NULL, 0, 10.00, '500.0000', 600.0000, 0, '0', 0, 0, NULL, 21, 0, '0', 0),
(4, 3, 'R3', 1, NULL, 'desctitptoan', NULL, 0, 1.00, '500.0000', 600.0000, 0, '0', 0, 0, NULL, 21, 0, '0', 0),
(5, 3, 'R3', 2, NULL, 'desctitptoan', NULL, 0, 1.00, '300.0000', 500.0000, 0, '0', 0, 0, NULL, 21, 0, '0', 0),
(6, 4, 'R4', 1, NULL, '', NULL, 0, 10.00, '500.0000', 600.0000, 0, '0', 0, 0, NULL, 21, 0, '0', 0),
(7, 4, 'R4', 2, NULL, '', NULL, 0, 15.00, '300.0000', 500.0000, 0, '0', 0, 0, NULL, 21, 0, '0', 0),
(8, 4, 'R4', 3, NULL, '', NULL, 0, 20.00, '600.0000', 700.0000, 0, '0', 0, 0, NULL, 21, 1, '15', 0),
(9, 5, 'R5', 0, '263', '', NULL, 0, 1.00, '33.0000', 0.0000, 0, NULL, 0, 0, NULL, 21, 0, '0', 0),
(10, 5, 'R5', 0, '264', '', NULL, 0, 1.00, '22.0000', 0.0000, 0, NULL, 0, 0, NULL, 21, 0, '0', 0),
(11, 6, 'R6', 0, '263', '', NULL, 0, 1.00, '44.0000', 0.0000, 0, NULL, 0, 0, NULL, 21, 0, '0', 0),
(12, 7, 'R7', 0, '6000', 'capital added', NULL, 0, 1.00, '33.0000', 0.0000, 0, NULL, 0, 0, NULL, 21, 0, '0', 0),
(13, 7, 'R7', 0, '6001', 'started business ', NULL, 0, 1.00, '44.0000', 0.0000, 0, NULL, 0, 0, NULL, 21, 0, '0', 0),
(14, 8, 'R8', 0, '6001', '', NULL, 0, 1.00, '500.0000', 0.0000, 0, NULL, 0, 0, NULL, 21, 0, '0', 0),
(15, 8, 'R8', 0, '6002', '', NULL, 0, 1.00, '400.0000', 0.0000, 0, NULL, 0, 0, NULL, 21, 0, '0', 0),
(16, 9, 'R9', 0, '6000', '', NULL, 0, 1.00, '11.0000', 0.0000, 0, NULL, 0, 0, NULL, 21, 0, '0', 0),
(17, 9, 'R9', 0, '6005', '', NULL, 0, 1.00, '22.0000', 0.0000, 0, NULL, 0, 0, NULL, 21, 0, '0', 0),
(18, 10, 'R10', 0, '6000', 'capital added', NULL, 0, 1.00, '566.0000', 0.0000, 0, NULL, 0, 0, NULL, 21, 0, '0', 0),
(19, 10, 'R10', 0, '6006', 'given to agent 1', NULL, 0, 1.00, '666.0000', 0.0000, 0, NULL, 0, 0, NULL, 21, 0, '0', 0),
(20, 11, 'R11', 0, '2002', 'started business ', NULL, 0, 1.00, '500.0000', 0.0000, 0, NULL, 0, 0, NULL, 21, 0, '0', 0),
(21, 11, 'R11', 0, '1007', 'Adjustment of AR and Agent Acc', NULL, 0, 1.00, '700.0000', 0.0000, 0, NULL, 0, 0, NULL, 21, 0, '0', 0),
(22, 12, 'R12', 0, '1004', '', NULL, 0, 1.00, '100.0000', 0.0000, 0, NULL, 0, 0, NULL, 21, 3, '7', 0),
(23, 13, 'R13', 0, '1008', '', NULL, 0, 1.00, '500.0000', 0.0000, 0, NULL, 0, 0, NULL, 21, 3, '7', 0),
(32, 20, 'R16', 0, '6000', '', NULL, 0, 1.00, '1500.0000', 0.0000, 0, NULL, 0, 0, NULL, 21, 0, '0', 0),
(33, 22, 'R17', 0, '6000', '', NULL, 0, 1.00, '1501.0000', 0.0000, 0, NULL, 0, 0, NULL, 21, 0, '0', 0),
(34, 23, 'R18', 0, '6000', '', NULL, 0, 1.00, '1500.0000', 0.0000, 0, NULL, 0, 0, NULL, 21, 0, '0', 0),
(35, 24, 'R19', 0, '6000', '', NULL, 0, 1.00, '1500.0000', 0.0000, 0, NULL, 0, 0, NULL, 21, 0, '0', 0),
(36, 25, 'R20', 0, '1004', '', NULL, 0, 1.00, '4500.0000', 0.0000, 0, NULL, 0, 0, NULL, 21, 0, '0', 0),
(37, 26, 'R21', 0, '1004', '', NULL, 0, 1.00, '5500.0000', 0.0000, 0, NULL, 0, 0, NULL, 21, 0, '0', 0),
(38, 27, 'R22', 0, '1008', 'purchased ', NULL, 0, 1.00, '8000.0000', 0.0000, 0, NULL, 0, 0, NULL, 21, 0, '0', 0),
(39, 28, 'R23', 0, '1004', 'due for completion', NULL, 0, 1.00, '3000.0000', 0.0000, 0, NULL, 0, 0, NULL, 21, 0, '0', 0),
(40, 29, 'R24', 0, '6001', '', NULL, 0, 1.00, '3000.0000', 0.0000, 0, NULL, 0, 0, NULL, 21, 0, '0', 0),
(41, 30, 'R25', 0, '2001', '', NULL, 0, 1.00, '400.0000', 0.0000, 0, NULL, 0, 0, NULL, 21, 0, '0', 0),
(44, 32, 'R27', 0, '1001', '', NULL, 0, 1.00, '444.0000', 0.0000, 0, NULL, 0, 0, NULL, 21, 0, '0', 0),
(45, 32, 'R27', 0, '1003', '', NULL, 0, 1.00, '555.0000', 0.0000, 0, NULL, 0, 0, NULL, 21, 0, '0', 0),
(46, 33, 'R28', 0, '1004', 'expnese happen', NULL, 0, 1.00, '500.0000', 0.0000, 0, NULL, 0, 0, NULL, 21, 0, '0', 0),
(47, 34, 'R29', 0, '6000', 'office expnese happen', NULL, 0, 1.00, '4500.0000', 0.0000, 0, NULL, 0, 0, NULL, 21, 0, '0', 0),
(48, 35, 'R30', 0, '6001', 'salery paid', NULL, 0, 1.00, '54000.0000', 0.0000, 0, NULL, 0, 0, NULL, 21, 0, '0', 0),
(50, 37, 'R32', 0, '4101', 'Tax Payed on Behalf of Custome', NULL, 0, 1.00, '680.0000', 0.0000, 0, NULL, 0, 0, NULL, 21, 0, '0', 0),
(56, 41, 'R34', 0, '2000', 'started business ', NULL, 0, 1.00, '22.0000', 0.0000, 0, NULL, 0, 0, NULL, 21, 0, '0', 0),
(57, 41, 'R34', 0, '1004', '', NULL, 0, 3.00, '36.0000', 0.0000, 0, NULL, 0, 0, NULL, 21, 0, '0', 0),
(58, 42, 'R33', 0, '2000', 'started business ', NULL, 0, 5.00, '22.0000', 0.0000, 0, NULL, 0, 0, NULL, 21, 0, '0', 0),
(67, 47, 'R26', 0, '1001', 'Adjustment of AR and Agent Acc 123123', NULL, 0, 1000.00, '444.0000', 0.0000, 0, NULL, 0, 0, NULL, 21, 0, '0', 0),
(68, 47, 'R26', 0, '1003', 'Adjustment of AR and Agent Acc Adjustment of AR and Agent Acc', NULL, 0, 1000.00, '555.0000', 0.0000, 0, NULL, 0, 0, NULL, 21, 0, '0', 0),
(70, 49, 'R1', 0, '5001', 'credit purchase inv 9685', NULL, 0, 1.00, '291332.0000', 0.0000, 0, NULL, 0, 0, NULL, 28, 0, '0', 0),
(71, 50, 'R2', 0, '5001', 'credit purchase supplier inv 9697 ', NULL, 0, 1.00, '138646.0000', 0.0000, 0, NULL, 0, 0, NULL, 28, 0, '0', 0),
(76, 55, 'R38', 0, '6002', '', NULL, 0, 1.00, '500.0000', 0.0000, 0, NULL, 0, 0, NULL, 21, 0, '0', 0),
(77, 55, 'R38', 0, '1002', '', NULL, 0, 1.00, '250.0000', 0.0000, 0, NULL, 0, 0, NULL, 21, 0, '0', 0),
(78, 56, 'R36', 0, '5001', 'purchased 2', NULL, 0, 1.00, '2000.0000', 0.0000, 0, NULL, 0, 0, NULL, 21, 0, '0', 0),
(84, 60, 'R31', 0, '6005', 'training fee 2', NULL, 0, 1.00, '400.0000', 0.0000, 0, NULL, 0, 0, NULL, 21, 0, '0', 0),
(85, 60, 'R31', 0, '6006', 'started business ', NULL, 0, 1.00, '2500.0000', 0.0000, 0, NULL, 0, 0, NULL, 21, 0, '0', 0);

-- --------------------------------------------------------

--
-- Table structure for table `pos_receiving_inv_payment`
--

CREATE TABLE `pos_receiving_inv_payment` (
  `id` int(20) NOT NULL,
  `supplier_id` int(20) NOT NULL,
  `invoice_no` varchar(40) COLLATE utf8_unicode_ci NOT NULL,
  `receiving_invoice_no` varchar(40) COLLATE utf8_unicode_ci NOT NULL,
  `amount` decimal(20,4) NOT NULL,
  `company_id` int(20) NOT NULL,
  `date_created` timestamp NOT NULL DEFAULT CURRENT_TIMESTAMP
) ENGINE=InnoDB DEFAULT CHARSET=utf8 COLLATE=utf8_unicode_ci;

--
-- Dumping data for table `pos_receiving_inv_payment`
--

INSERT INTO `pos_receiving_inv_payment` (`id`, `supplier_id`, `invoice_no`, `receiving_invoice_no`, `amount`, `company_id`, `date_created`) VALUES
(1, 2, 'JV25', 'R21', '1500.0000', 21, '2023-01-06 19:56:41'),
(2, 1, 'JV26', 'R22', '1000.0000', 21, '2023-01-06 20:06:35'),
(3, 2, 'JV27', 'R23', '1800.0000', 21, '2023-01-26 18:52:53'),
(4, 1, 'JV28', 'R22', '2000.0000', 21, '2023-01-26 19:19:40'),
(5, 1, 'JV29', 'R22', '1200.0000', 21, '2023-01-26 19:20:10'),
(7, 2, 'JV67', 'R31', '200.0000', 21, '2024-01-06 11:20:46');

-- --------------------------------------------------------

--
-- Table structure for table `pos_sales`
--

CREATE TABLE `pos_sales` (
  `sale_id` int(10) NOT NULL,
  `invoice_no` varchar(20) NOT NULL,
  `company_id` int(255) NOT NULL,
  `sale_time` timestamp NOT NULL DEFAULT CURRENT_TIMESTAMP,
  `sale_date` date NOT NULL,
  `deposit_to_acc_code` varchar(100) DEFAULT NULL,
  `customer_id` int(10) DEFAULT NULL,
  `employee_id` int(10) NOT NULL DEFAULT '0',
  `user_id` int(100) NOT NULL,
  `comment` text NOT NULL,
  `register_mode` varchar(512) DEFAULT NULL,
  `account` varchar(255) NOT NULL COMMENT 'cash or credit',
  `amount_due` decimal(10,4) NOT NULL DEFAULT '0.0000',
  `description` text,
  `discount_value` decimal(10,4) DEFAULT NULL,
  `total_amount` decimal(10,4) NOT NULL DEFAULT '0.0000',
  `total_tax` decimal(20,4) NOT NULL DEFAULT '0.0000',
  `exchange_rate` decimal(10,5) NOT NULL DEFAULT '0.00000',
  `paid` decimal(10,4) NOT NULL DEFAULT '0.0000',
  `currency_id` int(10) NOT NULL DEFAULT '0',
  `created_on` timestamp NOT NULL DEFAULT CURRENT_TIMESTAMP,
  `supplier_id` int(20) DEFAULT '0',
  `is_taxable` tinyint(1) NOT NULL,
  `due_date` date DEFAULT NULL,
  `business_address` text,
  `tax_rate` decimal(18,2) DEFAULT NULL,
  `tax_id` int(11) NOT NULL
) ENGINE=InnoDB DEFAULT CHARSET=utf8;

--
-- Dumping data for table `pos_sales`
--

INSERT INTO `pos_sales` (`sale_id`, `invoice_no`, `company_id`, `sale_time`, `sale_date`, `deposit_to_acc_code`, `customer_id`, `employee_id`, `user_id`, `comment`, `register_mode`, `account`, `amount_due`, `description`, `discount_value`, `total_amount`, `total_tax`, `exchange_rate`, `paid`, `currency_id`, `created_on`, `supplier_id`, `is_taxable`, `due_date`, `business_address`, `tax_rate`, `tax_id`) VALUES
(1, 'S1', 21, '2022-03-22 11:42:11', '2022-03-22', NULL, 0, 0, 12, '', 'sale', 'cash', '0.0000', '', '0.0000', '1695.0000', '105.0000', '0.00000', '0.0000', 0, '2022-03-22 11:42:11', 0, 1, NULL, NULL, NULL, 0),
(2, 'S2', 21, '2022-03-22 11:47:53', '2022-03-22', NULL, 1, 0, 12, '', 'sale', 'cash', '0.0000', '', '0.0000', '1195.0000', '105.0000', '0.00000', '0.0000', 0, '2022-03-22 11:47:53', 0, 1, NULL, NULL, NULL, 0),
(3, 'S3', 21, '2022-04-04 18:02:14', '2022-04-04', NULL, 1, 0, 12, '', 'sale', 'cash', '0.0000', 'thansk for purchase', '0.0000', '1695.0000', '105.0000', '0.00000', '0.0000', 0, '2022-04-04 18:02:14', 0, 1, '2022-04-30', 'buiness address of customer', NULL, 0),
(4, 'S4', 21, '2022-04-04 18:07:26', '2022-04-04', NULL, 1, 0, 12, '', 'sale', 'cash', '0.0000', 'safsd', '0.0000', '600.0000', '0.0000', '0.00000', '0.0000', 0, '2022-04-04 18:07:26', 0, 1, '2022-04-21', 'asfasdf', NULL, 0),
(5, 'S5', 21, '2022-04-04 18:11:56', '2022-04-04', NULL, 1, 0, 12, '', 'sale', 'cash', '0.0000', '', '0.0000', '500.0000', '0.0000', '0.00000', '0.0000', 0, '2022-04-04 18:11:56', 0, 1, '2022-04-04', '', NULL, 0),
(6, 'S6', 21, '2022-04-04 18:12:06', '2022-04-04', NULL, NULL, 0, 12, '', 'sale', 'cash', '0.0000', '', '0.0000', '595.0000', '105.0000', '0.00000', '0.0000', 0, '2022-04-04 18:12:06', 0, 1, '2022-04-20', '', NULL, 0),
(7, 'S7', 21, '2022-04-04 18:12:38', '2022-04-04', NULL, NULL, 0, 12, '', 'sale', 'cash', '0.0000', '', '0.0000', '595.0000', '105.0000', '0.00000', '0.0000', 0, '2022-04-04 18:12:38', 0, 1, '2022-04-20', '', NULL, 0),
(8, 'S8', 21, '2022-04-04 18:12:57', '2022-04-04', NULL, NULL, 0, 12, '', 'sale', 'cash', '0.0000', '', '0.0000', '0.0000', '0.0000', '0.00000', '0.0000', 0, '2022-04-04 18:12:57', 0, 1, '2022-04-20', '', NULL, 0),
(9, 'S9', 21, '2022-04-04 18:14:47', '2022-04-04', NULL, 0, 0, 12, '', 'sale', 'cash', '0.0000', '', '0.0000', '500.0000', '0.0000', '0.00000', '0.0000', 0, '2022-04-04 18:14:47', 0, 1, '2022-04-15', '', NULL, 0),
(10, 'S10', 21, '2022-04-15 11:21:13', '2022-04-15', NULL, 1, 0, 12, '', 'sale', 'cash', '0.0000', 'narrantion', '0.0000', '1695.0000', '105.0000', '0.00000', '0.0000', 0, '2022-04-15 11:21:13', 0, 1, '2022-04-15', 'address vyadf', NULL, 0),
(11, 'S11', 21, '2022-04-15 11:24:21', '2022-04-15', NULL, 1, 0, 12, '', 'sale', 'cash', '0.0000', '', '0.0000', '1200.0000', '0.0000', '0.00000', '0.0000', 0, '2022-04-15 11:24:21', 0, 1, '2022-04-15', '', NULL, 0),
(15, 'S12', 21, '2022-04-15 14:39:07', '2022-04-15', NULL, 1, 0, 12, '', 'sale', 'cash', '0.0000', '', '0.0000', '2995.0000', '105.0000', '0.00000', '0.0000', 0, '2022-04-15 14:39:07', 0, 1, '2022-04-15', '', NULL, 0),
(16, 'S13', 21, '2022-04-29 13:14:21', '2022-04-29', NULL, 1, 0, 12, '', 'sale', 'cash', '0.0000', '', '0.0000', '1100.0000', '0.0000', '0.00000', '0.0000', 0, '2022-04-29 13:14:21', 0, 1, '2022-04-29', '', NULL, 0),
(19, 'S14', 21, '2022-05-19 19:15:31', '2022-05-20', '1001', 0, 0, 12, '', 'sale', 'cash', '0.0000', '', '0.0000', '0.0000', '0.0000', '0.00000', '0.0000', 0, '2022-05-19 19:15:31', 0, 0, '2022-05-20', '', NULL, 0),
(20, 'S15', 21, '2022-05-19 19:15:48', '2022-05-20', '1002', NULL, 0, 12, '', 'sale', 'cash', '0.0000', '', '0.0000', '0.0000', '0.0000', '0.00000', '0.0000', 0, '2022-05-19 19:15:48', 0, 0, '2022-05-20', '', NULL, 0),
(21, 'S16', 21, '2022-05-20 11:38:54', '2022-05-20', '1001', 3, 0, 12, '', 'sale', 'cash', '0.0000', '', '0.0000', '0.0000', '0.0000', '0.00000', '0.0000', 0, '2022-05-20 11:38:54', 0, 0, '2022-05-20', '', NULL, 0),
(22, 'S17', 21, '2022-05-20 11:47:22', '2022-05-20', '1002', 2, 0, 12, '', 'sale', 'cash', '0.0000', '', '0.0000', '0.0000', '0.0000', '0.00000', '0.0000', 0, '2022-05-20 11:47:22', 0, 0, '2022-05-20', '', NULL, 0),
(23, 'S18', 21, '2022-05-20 11:50:42', '2022-05-20', '1001', 1, 0, 12, '', 'sale', 'cash', '0.0000', '', '0.0000', '800.0000', '0.0000', '0.00000', '0.0000', 0, '2022-05-20 11:50:42', 0, 0, '2022-05-20', '', NULL, 0),
(24, 'S19', 21, '2022-05-20 13:59:31', '2022-05-20', '1001', 3, 0, 12, '', 'sale', 'cash', '0.0000', '', '0.0000', '99.0000', '0.0000', '0.00000', '0.0000', 0, '2022-05-20 13:59:31', 0, 0, '2022-05-20', '', NULL, 0),
(29, 'S24', 21, '2022-06-21 15:05:55', '2022-05-20', '1003', 3, 0, 12, '', 'sale', 'cash', '0.0000', '', '0.0000', '16913.0000', '0.0000', '0.00000', '0.0000', 0, '2022-06-21 15:05:55', 0, 0, '2022-05-20', 'dfasdf', NULL, 0),
(30, 'S25', 21, '2022-06-21 15:07:52', '2022-05-20', '1003', 3, 0, 12, '', 'sale', 'cash', '0.0000', '', '0.0000', '16913.0000', '0.0000', '0.00000', '0.0000', 0, '2022-06-21 15:07:52', 0, 0, '2022-05-20', 'dfasdf', NULL, 0),
(31, 'S20', 21, '2022-06-21 15:11:24', '2022-05-20', '1003', 2, 0, 12, '', 'sale', 'cash', '0.0000', '', '0.0000', '3333.0000', '0.0000', '0.00000', '0.0000', 0, '2022-06-21 15:11:24', 0, 0, '2022-05-20', '', NULL, 0),
(34, 'S26', 21, '2022-07-07 19:37:37', '2022-07-08', '1001', 3, 0, 12, '', 'sale', 'cash', '0.0000', '', '0.0000', '2520.0000', '378.0000', '0.00000', '0.0000', 0, '2022-07-07 19:37:37', 0, 0, '2022-07-08', '', NULL, 0),
(39, 'S27', 21, '2022-07-28 12:07:51', '2022-07-28', '1001', 3, 0, 12, '', 'sale', 'cash', '0.0000', '', '0.0000', '1600.0000', '240.0000', '0.00000', '0.0000', 0, '2022-07-28 12:07:51', 0, 0, '2022-07-28', '', '15.00', 1),
(40, 'S28', 21, '2022-07-29 10:59:48', '2022-07-29', '1001', 1, 0, 12, '', 'sale', 'cash', '0.0000', '', '0.0000', '700.0000', '105.0000', '0.00000', '0.0000', 0, '2022-07-29 10:59:48', 0, 0, '2022-07-29', '', '15.00', 1),
(44, 'S30', 21, '2022-07-29 15:10:26', '2022-07-29', '1003', 2, 0, 12, '', 'sale', 'credit', '0.0000', '', '0.0000', '720.0000', '108.0000', '0.00000', '828.0000', 0, '2022-07-29 15:10:26', 0, 0, '2022-07-29', '', '15.00', 1),
(45, 'S31', 21, '2022-09-22 18:23:33', '2022-09-22', '1001', 3, 0, 12, '', 'sale', 'cash', '0.0000', '', '0.0000', '2920.0000', '0.0000', '0.00000', '0.0000', 0, '2022-09-22 18:23:33', 0, 0, '2022-09-22', '', '0.00', 0),
(47, 'S32', 21, '2022-09-26 13:09:36', '2022-09-26', '1001', 3, 0, 12, '', 'sale', 'cash', '0.0000', '', '0.0000', '550.0000', '0.0000', '0.00000', '0.0000', 0, '2022-09-26 13:09:36', 0, 0, '2022-09-26', '', '0.00', 0),
(49, 'S33', 21, '2022-10-17 16:23:27', '2022-10-17', '1001', 2, 0, 12, '', 'sale', 'cash', '0.0000', '', '0.0000', '1000.0000', '0.0000', '0.00000', '0.0000', 0, '2022-10-17 16:23:27', 0, 0, '2022-10-17', '', '0.00', 0),
(53, 'S34', 21, '2023-01-16 16:59:17', '2022-10-18', '1001', 2, 0, 12, '', 'sale', 'cash', '0.0000', '', '0.0000', '500.0000', '0.0000', '0.00000', '0.0000', 0, '2023-01-16 16:59:17', 0, 0, '2022-10-18', '', '0.00', 0),
(54, 'S35', 21, '2023-01-26 19:05:11', '2023-01-07', '1003', 3, 0, 12, '', 'sale', 'credit', '0.0000', '', '0.0000', '5000.0000', '0.0000', '0.00000', '0.0000', 0, '2023-01-26 19:05:11', 0, 0, '2023-01-27', '', '0.00', 0),
(55, 'S22', 21, '2023-01-26 19:05:28', '2022-05-24', '1001', 1, 0, 12, '', 'sale', 'credit', '0.0000', '', '0.0000', '800.0000', '60.0000', '0.00000', '0.0000', 0, '2023-01-26 19:05:28', 0, 0, '2022-05-26', '', '7.50', 3),
(57, 'S36', 21, '2023-03-06 17:14:23', '2023-03-06', '1003', 5, 0, 12, '', 'sale', 'credit', '0.0000', '', '0.0000', '900.0000', '0.0000', '0.00000', '0.0000', 0, '2023-03-06 17:14:23', 0, 0, '2023-03-06', '', '0.00', 0),
(58, 'S37', 21, '2023-05-08 14:44:34', '2023-05-08', '1001', 5, 0, 12, '', 'sale', 'cash', '0.0000', '', '0.0000', '500.0000', '0.0000', '0.00000', '0.0000', 0, '2023-05-08 14:44:34', 0, 0, '2023-05-08', '', '0.00', 0),
(62, 'S38', 21, '2023-05-25 17:29:41', '2023-05-08', '1001', 2, 0, 12, '', 'sale', 'cash', '0.0000', '', '0.0000', '999999.9999', '0.0000', '0.00000', '0.0000', 0, '2023-05-25 17:29:41', 0, 0, '2023-05-08', '', '0.00', 0),
(63, 'S39', 21, '2023-06-07 15:13:35', '2023-06-07', '1003', 6, 0, 12, '', 'sale', 'credit', '0.0000', '', '0.0000', '9000.0000', '1350.0000', '0.00000', '200.0000', 0, '2023-06-07 15:13:35', 0, 0, '2023-06-07', '', '15.00', 1),
(64, 'S40', 21, '2023-05-09 12:45:38', '2023-07-09', '1003', 6, 0, 12, '', 'sale', 'credit', '0.0000', '', '0.0000', '5200.0000', '0.0000', '0.00000', '1000.0000', 0, '2023-07-09 12:45:38', 0, 0, '2023-07-09', '', '0.00', 0),
(65, 'S41', 21, '2023-05-09 12:49:29', '2023-07-09', '1003', 6, 0, 12, '', 'sale', 'credit', '0.0000', '', '0.0000', '1500.0000', '0.0000', '0.00000', '0.0000', 0, '2023-07-09 12:49:29', 0, 0, '2023-07-09', '', '0.00', 0),
(66, 'INV-1', 21, '2023-07-24 17:48:17', '2023-07-24', '1003', 2, 0, 12, '', 'sale', 'credit', '0.0000', '', '0.0000', '30.0000', '0.0000', '0.00000', '0.0000', 0, '2023-07-24 17:48:17', 0, 0, '2023-07-24', '', '0.00', 0),
(67, 'INV-1', 21, '2023-07-24 17:48:54', '2023-07-24', '1003', 6, 0, 12, '', 'sale', 'credit', '0.0000', '', '0.0000', '2000.0000', '0.0000', '0.00000', '0.0000', 0, '2023-07-24 17:48:54', 0, 0, '2023-07-24', '', '0.00', 0),
(68, 'INV-2', 21, '2023-07-24 18:25:35', '2023-07-24', '1003', 5, 0, 12, '', 'sale', 'credit', '0.0000', '', '0.0000', '250.0000', '0.0000', '0.00000', '0.0000', 0, '2023-07-24 18:25:35', 0, 0, '2023-07-24', '', '0.00', 0),
(69, 'INV-3', 21, '2023-07-24 18:25:57', '2023-07-24', '1003', 1, 0, 12, '', 'sale', 'credit', '0.0000', '', '0.0000', '450.0000', '0.0000', '0.00000', '0.0000', 0, '2023-07-24 18:25:57', 0, 0, '2023-07-24', '', '0.00', 0),
(71, 'INV-4', 21, '2023-07-24 18:27:30', '2023-07-24', '1003', 5, 0, 12, '', 'sale', 'credit', '0.0000', '', '0.0000', '165000.0000', '0.0000', '0.00000', '0.0000', 0, '2023-07-24 18:27:30', 0, 0, '2023-07-24', '', '0.00', 0),
(72, 'INV-5', 21, '2023-07-24 18:36:17', '2023-07-24', '1003', 2, 0, 12, '', 'sale', 'credit', '0.0000', '', '0.0000', '454.0000', '0.0000', '0.00000', '0.0000', 0, '2023-07-24 18:36:17', 0, 0, '2023-07-24', '', '0.00', 0),
(73, 'INV-1', 21, '2023-07-24 19:06:40', '2023-07-25', '1003', 5, 0, 12, '', 'sale', 'credit', '0.0000', '', '0.0000', '5000.0000', '0.0000', '0.00000', '0.0000', 0, '2023-07-24 19:06:40', 0, 0, '2023-07-25', '', '0.00', 0),
(74, 'S42', 21, '2023-05-24 19:17:57', '2023-07-24', '1001', 3, 0, 12, '', 'sale', 'cash', '0.0000', '', '0.0000', '6500.0000', '0.0000', '0.00000', '0.0000', 0, '2023-07-24 19:17:57', 0, 0, '2023-07-24', '', '0.00', 0),
(75, 'S43', 21, '2023-08-03 15:49:40', '2023-08-03', '1001', 6, 0, 12, '', 'sale', 'cash', '0.0000', '', '0.0000', '1000.0000', '0.0000', '0.00000', '0.0000', 0, '2023-08-03 15:49:40', 0, 0, '2023-08-03', '', '0.00', 0),
(76, 'S1', 28, '2023-10-08 14:22:46', '2023-10-08', '1001', 7, 0, 18, '', 'sale', 'cash', '0.0000', '', '0.0000', '500.0000', '0.0000', '0.00000', '0.0000', 0, '2023-10-08 14:22:46', 0, 0, '2023-10-08', '', '0.00', 0),
(77, 'S44', 21, '2023-10-10 15:37:53', '2023-10-10', '1001', 6, 0, 12, '', 'sale', 'cash', '0.0000', '', '0.0000', '4500.0000', '0.0000', '0.00000', '0.0000', 0, '2023-10-10 15:37:53', 0, 0, '2023-10-10', '', '0.00', 0),
(78, 'S45', 21, '2023-10-11 15:26:10', '2023-10-11', '1001', 6, 0, 12, '', 'sale', 'cash', '0.0000', '', '0.0000', '5000.0000', '0.0000', '0.00000', '0.0000', 0, '2023-10-11 15:26:10', 0, 0, '2023-10-11', '', '0.00', 0),
(80, 'S46', 21, '2024-01-06 10:10:17', '2023-12-16', '1001', 6, 0, 12, '', 'sale', 'cash', '0.0000', '', '0.0000', '333.0000', '0.0000', '0.00000', '0.0000', 0, '2024-01-06 10:10:17', 0, 0, '2023-12-23', 'FF852 Deans Trade Center', '0.00', 0);

-- --------------------------------------------------------

--
-- Table structure for table `pos_salespostingtypes`
--

CREATE TABLE `pos_salespostingtypes` (
  `id` int(100) NOT NULL,
  `name` varchar(100) COLLATE utf8_unicode_ci NOT NULL,
  `inventory_acc_code` varchar(20) COLLATE utf8_unicode_ci NOT NULL,
  `sales_acc_code` varchar(20) COLLATE utf8_unicode_ci NOT NULL,
  `cash_acc_code` varchar(20) COLLATE utf8_unicode_ci NOT NULL,
  `bank_acc_code` varchar(20) COLLATE utf8_unicode_ci NOT NULL,
  `receivable_acc_code` varchar(20) COLLATE utf8_unicode_ci NOT NULL,
  `cos_acc_code` varchar(20) COLLATE utf8_unicode_ci NOT NULL,
  `salesreturn_acc_code` varchar(20) COLLATE utf8_unicode_ci NOT NULL,
  `salesdis_acc_code` varchar(20) COLLATE utf8_unicode_ci NOT NULL,
  `company_id` int(100) NOT NULL,
  `forex_gain_acc_code` varchar(20) COLLATE utf8_unicode_ci DEFAULT NULL,
  `forex_loss_acc_code` varchar(20) COLLATE utf8_unicode_ci DEFAULT NULL,
  `salestax_acc_code` varchar(20) COLLATE utf8_unicode_ci NOT NULL
) ENGINE=InnoDB DEFAULT CHARSET=utf8 COLLATE=utf8_unicode_ci;

--
-- Dumping data for table `pos_salespostingtypes`
--

INSERT INTO `pos_salespostingtypes` (`id`, `name`, `inventory_acc_code`, `sales_acc_code`, `cash_acc_code`, `bank_acc_code`, `receivable_acc_code`, `cos_acc_code`, `salesreturn_acc_code`, `salesdis_acc_code`, `company_id`, `forex_gain_acc_code`, `forex_loss_acc_code`, `salestax_acc_code`) VALUES
(1, 'Sales Posting Type', '1004', '4000', '1001', '1002', '1003', '5000', '4001', '4002', 21, NULL, NULL, '2002');

-- --------------------------------------------------------

--
-- Table structure for table `pos_sales_inv_payment`
--

CREATE TABLE `pos_sales_inv_payment` (
  `id` int(20) NOT NULL,
  `customer_id` int(20) NOT NULL,
  `invoice_no` varchar(40) COLLATE utf8_unicode_ci NOT NULL,
  `sales_invoice_no` varchar(40) COLLATE utf8_unicode_ci NOT NULL,
  `amount` decimal(20,4) NOT NULL,
  `company_id` int(20) NOT NULL,
  `date_created` timestamp NOT NULL DEFAULT CURRENT_TIMESTAMP
) ENGINE=InnoDB DEFAULT CHARSET=utf8 COLLATE=utf8_unicode_ci;

--
-- Dumping data for table `pos_sales_inv_payment`
--

INSERT INTO `pos_sales_inv_payment` (`id`, `customer_id`, `invoice_no`, `sales_invoice_no`, `amount`, `company_id`, `date_created`) VALUES
(1, 6, 'JV30', 'S39', '200.0000', 21, '2023-06-17 08:51:07'),
(2, 6, 'JV31', 'S40', '1000.0000', 21, '2023-07-09 13:01:40'),
(4, 5, 'JV33', 'INV-1', '1000.0000', 21, '2023-07-24 19:22:23'),
(5, 5, 'JV33', 'INV-1', '1000.0000', 21, '2023-07-24 19:24:50'),
(6, 5, 'JV33', 'INV-1', '2500.0000', 21, '2023-07-24 19:27:24'),
(7, 5, 'JV33', 'INV-1', '500.0000', 21, '2023-07-24 19:29:30'),
(8, 5, 'JV70', 'INV-14', '210.0000', 21, '2024-01-17 16:13:51'),
(9, 5, 'JV72', 'INV-14', '20000.0000', 21, '2024-02-19 14:28:23'),
(10, 5, 'JV73', 'INV-12', '2333.0000', 21, '2024-02-19 14:29:07');

-- --------------------------------------------------------

--
-- Table structure for table `pos_sales_items`
--

CREATE TABLE `pos_sales_items` (
  `sale_item_id` int(10) NOT NULL,
  `invoice_no` varchar(20) NOT NULL,
  `sale_id` int(10) NOT NULL DEFAULT '0',
  `item_id` int(10) NOT NULL DEFAULT '0',
  `account_code` varchar(100) DEFAULT NULL,
  `description` text,
  `serialnumber` varchar(30) DEFAULT NULL,
  `line` int(3) NOT NULL DEFAULT '0',
  `quantity_sold` decimal(15,2) NOT NULL DEFAULT '0.00',
  `item_cost_price` decimal(15,4) NOT NULL,
  `item_unit_price` decimal(15,4) NOT NULL,
  `discount_percent` int(11) NOT NULL DEFAULT '0',
  `unit_id` int(20) DEFAULT NULL,
  `currency_id` int(10) DEFAULT NULL,
  `company_id` int(20) NOT NULL,
  `discount_value` decimal(10,4) DEFAULT NULL,
  `tax_id` int(20) NOT NULL DEFAULT '0',
  `tax_rate` int(20) NOT NULL DEFAULT '0',
  `inventory_acc_code` varchar(20) DEFAULT '0'
) ENGINE=InnoDB DEFAULT CHARSET=utf8;

--
-- Dumping data for table `pos_sales_items`
--

INSERT INTO `pos_sales_items` (`sale_item_id`, `invoice_no`, `sale_id`, `item_id`, `account_code`, `description`, `serialnumber`, `line`, `quantity_sold`, `item_cost_price`, `item_unit_price`, `discount_percent`, `unit_id`, `currency_id`, `company_id`, `discount_value`, `tax_id`, `tax_rate`, `inventory_acc_code`) VALUES
(1, 'S1', 1, 1, NULL, '', NULL, 0, '1.00', '500.0000', '600.0000', 0, 0, NULL, 21, '0.0000', 0, 0, ''),
(2, 'S1', 1, 2, NULL, '', NULL, 0, '1.00', '300.0000', '500.0000', 0, 0, NULL, 21, '0.0000', 0, 0, ''),
(3, 'S1', 1, 3, NULL, '', NULL, 0, '1.00', '600.0000', '700.0000', 0, 0, NULL, 21, '0.0000', 1, 15, ''),
(4, 'S2', 2, 1, NULL, '', NULL, 0, '1.00', '500.0000', '600.0000', 0, 0, NULL, 21, '0.0000', 0, 0, ''),
(5, 'S2', 2, 3, NULL, '', NULL, 0, '1.00', '600.0000', '700.0000', 0, 0, NULL, 21, '0.0000', 1, 15, ''),
(6, 'S3', 3, 1, NULL, 'thansk for purchase', NULL, 0, '1.00', '500.0000', '600.0000', 0, 0, NULL, 21, '0.0000', 0, 0, ''),
(7, 'S3', 3, 2, NULL, 'thansk for purchase', NULL, 0, '1.00', '300.0000', '500.0000', 0, 0, NULL, 21, '0.0000', 0, 0, ''),
(8, 'S3', 3, 3, NULL, 'thansk for purchase', NULL, 0, '1.00', '600.0000', '700.0000', 0, 0, NULL, 21, '0.0000', 1, 15, ''),
(9, 'S4', 4, 1, NULL, 'safsd', NULL, 0, '1.00', '500.0000', '600.0000', 0, 0, NULL, 21, '0.0000', 0, 0, ''),
(10, 'S5', 5, 2, NULL, '', NULL, 0, '1.00', '300.0000', '500.0000', 0, 0, NULL, 21, '0.0000', 0, 0, ''),
(11, 'S6', 6, 3, NULL, '', NULL, 0, '1.00', '600.0000', '700.0000', 0, 0, NULL, 21, '0.0000', 1, 15, ''),
(12, 'S9', 9, 2, NULL, '', NULL, 0, '1.00', '300.0000', '500.0000', 0, 0, NULL, 21, '0.0000', 0, 0, ''),
(13, 'S10', 10, 1, NULL, 'narrantion', NULL, 0, '1.00', '500.0000', '600.0000', 0, 0, NULL, 21, '0.0000', 0, 0, ''),
(14, 'S10', 10, 2, NULL, 'narrantion', NULL, 0, '1.00', '300.0000', '500.0000', 0, 0, NULL, 21, '0.0000', 0, 0, ''),
(15, 'S10', 10, 3, NULL, 'narrantion', NULL, 0, '1.00', '600.0000', '700.0000', 0, 0, NULL, 21, '0.0000', 1, 15, ''),
(16, 'S11', 11, 1, NULL, '', NULL, 0, '2.00', '500.0000', '600.0000', 0, 0, NULL, 21, '0.0000', 0, 0, ''),
(23, 'S12', 15, 2, NULL, '', NULL, 0, '2.00', '300.0000', '500.0000', 0, 0, NULL, 21, '0.0000', 0, 0, ''),
(24, 'S12', 15, 3, NULL, '', NULL, 0, '3.00', '600.0000', '700.0000', 0, 0, NULL, 21, '0.0000', 1, 15, ''),
(25, 'S13', 16, 1, NULL, 'capital added', NULL, 0, '1.00', '500.0000', '600.0000', 0, 0, NULL, 21, NULL, 0, 0, ''),
(26, 'S13', 16, 2, NULL, 'started business ', NULL, 0, '1.00', '300.0000', '500.0000', 0, 0, NULL, 21, NULL, 0, 0, ''),
(27, 'S14', 19, 0, '2000', '', NULL, 0, '1.00', '0.0000', '3333.0000', 0, 0, NULL, 21, NULL, 0, 0, ''),
(28, 'S15', 20, 0, '2001', '', NULL, 0, '1.00', '0.0000', '666.0000', 0, 0, NULL, 21, NULL, 0, 0, ''),
(29, 'S16', 21, 0, '2000', 'ddss', NULL, 0, '1.00', '0.0000', '300.0000', 0, 0, NULL, 21, NULL, 0, 0, ''),
(30, 'S17', 22, 0, '2000', '', NULL, 0, '1.00', '0.0000', '222.0000', 0, 0, NULL, 21, NULL, 0, 0, ''),
(31, 'S17', 22, 0, '2001', '', NULL, 0, '1.00', '0.0000', '55.0000', 0, 0, NULL, 21, NULL, 0, 0, ''),
(32, 'S17', 22, 0, '3002', '', NULL, 0, '1.00', '0.0000', '100.0000', 0, 0, NULL, 21, NULL, 0, 0, ''),
(33, 'S18', 23, 0, '2001', '', NULL, 0, '1.00', '0.0000', '300.0000', 0, 0, NULL, 21, NULL, 0, 0, ''),
(34, 'S18', 23, 0, '2002', '', NULL, 0, '1.00', '0.0000', '500.0000', 0, 0, NULL, 21, NULL, 0, 0, ''),
(35, 'S19', 24, 0, '2000', 'Adjustment of AR and Agent Acc', NULL, 0, '1.00', '0.0000', '44.0000', 0, 0, NULL, 21, NULL, 0, 0, ''),
(36, 'S19', 24, 0, '3002', 'capital added', NULL, 0, '1.00', '0.0000', '55.0000', 0, 0, NULL, 21, NULL, 0, 0, ''),
(42, 'S24', 29, 0, '2002', 'capital added', NULL, 0, '5.00', '0.0000', '3338.0000', 0, 0, NULL, 21, NULL, 0, 0, ''),
(43, 'S24', 29, 0, '1007', 'Adjustment of AR and Agent Acc', NULL, 0, '1.00', '0.0000', '223.0000', 0, 0, NULL, 21, NULL, 0, 0, ''),
(44, 'S25', 30, 0, '2002', 'capital added', NULL, 0, '5.00', '0.0000', '3338.0000', 0, 0, NULL, 21, NULL, 0, 0, ''),
(45, 'S25', 30, 0, '1007', 'Adjustment of AR and Agent Acc', NULL, 0, '1.00', '0.0000', '223.0000', 0, 0, NULL, 21, NULL, 0, 0, ''),
(46, 'S20', 31, 0, '2002', 'capital added', NULL, 0, '2.00', '0.0000', '3333.0000', 0, 0, NULL, 21, NULL, 0, 0, ''),
(50, 'S26', 34, 0, '1004', 'capital added', NULL, 0, '3.00', '0.0000', '340.0000', 0, 0, NULL, 21, NULL, 1, 0, ''),
(51, 'S26', 34, 0, '3000', 'capital added', NULL, 0, '3.00', '0.0000', '500.0000', 0, 0, NULL, 21, NULL, 5, 0, ''),
(63, 'S27', 39, 0, '1001', 'given to agent 1', NULL, 0, '1.00', '0.0000', '400.0000', 0, 0, NULL, 21, NULL, 0, 0, '0'),
(64, 'S27', 39, 0, '1002', 'Cash given to Agent 3 for loan', NULL, 0, '1.00', '0.0000', '500.0000', 0, 0, NULL, 21, NULL, 0, 0, '0'),
(65, 'S27', 39, 0, '1003', 'capital added', NULL, 0, '1.00', '0.0000', '700.0000', 0, 0, NULL, 21, NULL, 0, 0, '0'),
(66, 'S28', 40, 0, '1004', 'abc', NULL, 0, '1.00', '0.0000', '400.0000', 0, 0, NULL, 21, NULL, 0, 0, '0'),
(67, 'S28', 40, 0, '4000', 'dfg', NULL, 0, '1.00', '0.0000', '300.0000', 0, 0, NULL, 21, NULL, 0, 0, '0'),
(70, 'S30', 44, 0, '6001', '', NULL, 0, '1.00', '0.0000', '500.0000', 0, 0, NULL, 21, NULL, 0, 0, '0'),
(71, 'S30', 44, 0, '6000', '', NULL, 0, '1.00', '0.0000', '220.0000', 0, 0, NULL, 21, NULL, 0, 0, '0'),
(72, 'S31', 45, 0, '1002', '', NULL, 0, '1.00', '0.0000', '500.0000', 0, 0, NULL, 21, NULL, 0, 0, '0'),
(73, 'S31', 45, 0, '1003', '', NULL, 0, '1.00', '0.0000', '300.0000', 0, 0, NULL, 21, NULL, 0, 0, '0'),
(74, 'S31', 45, 0, '1003', '', NULL, 0, '1.00', '0.0000', '100.0000', 0, 0, NULL, 21, NULL, 0, 0, '0'),
(75, 'S31', 45, 0, '1007', '', NULL, 0, '1.00', '0.0000', '150.0000', 0, 0, NULL, 21, NULL, 0, 0, '0'),
(76, 'S31', 45, 0, '1008', '', NULL, 0, '1.00', '0.0000', '140.0000', 0, 0, NULL, 21, NULL, 0, 0, '0'),
(77, 'S31', 45, 0, '4004', '', NULL, 0, '1.00', '0.0000', '540.0000', 0, 0, NULL, 21, NULL, 0, 0, '0'),
(78, 'S31', 45, 0, '6004', '', NULL, 0, '1.00', '0.0000', '600.0000', 0, 0, NULL, 21, NULL, 0, 0, '0'),
(79, 'S31', 45, 0, '4100', '', NULL, 0, '1.00', '0.0000', '590.0000', 0, 0, NULL, 21, NULL, 0, 0, '0'),
(81, 'S32', 47, 0, '4000', 'gull', NULL, 0, '1.00', '0.0000', '500.0000', 0, 0, NULL, 21, NULL, 0, 0, '0'),
(82, 'S32', 47, 0, '2002', 'tac', NULL, 0, '1.00', '0.0000', '50.0000', 0, 0, NULL, 21, NULL, 0, 0, '0'),
(84, 'S33', 49, 0, '3000', '', NULL, 0, '1.00', '0.0000', '1000.0000', 0, 0, NULL, 21, NULL, 0, 0, '0'),
(88, 'S34', 53, 0, '5003', 'capital added', NULL, 0, '1.00', '0.0000', '500.0000', 0, 0, NULL, 21, NULL, 0, 0, '0'),
(89, 'S35', 54, 0, '4000', '', NULL, 0, '1.00', '0.0000', '5000.0000', 0, 0, NULL, 21, NULL, 0, 0, '0'),
(90, 'S22', 55, 0, '4100', 'started business ', NULL, 0, '2.00', '0.0000', '400.0000', 0, 0, NULL, 21, NULL, 0, 0, '0'),
(92, 'S36', 57, 0, '1004', 'Adjustment of AR and Agent Acc', NULL, 0, '1.00', '0.0000', '900.0000', 0, 0, NULL, 21, NULL, 0, 0, '0'),
(93, 'S37', 58, 0, '1004', 'testing product', NULL, 0, '1.00', '0.0000', '500.0000', 0, 0, NULL, 21, NULL, 0, 0, '0'),
(98, 'S38', 62, 0, '1004', 'n0w again', NULL, 0, '2.00', '0.0000', '150000.0000', 0, 0, NULL, 21, NULL, 0, 0, '0'),
(99, 'S38', 62, 0, '1008', 'Cash given to Agent 3 for loan the quick brown fox jumps over the lazy dogs', NULL, 0, '1000.00', '0.0000', '152000.0000', 0, 0, NULL, 21, NULL, 0, 0, '0'),
(100, 'S39', 63, 0, '1004', '', NULL, 0, '1.00', '0.0000', '5000.0000', 0, 0, NULL, 21, NULL, 0, 0, '0'),
(101, 'S39', 63, 0, '1004', '', NULL, 0, '1.00', '0.0000', '4000.0000', 0, 0, NULL, 21, NULL, 0, 0, '0'),
(102, 'S40', 64, 0, '1004', 'Adjustment of AR and Agent Accounts', NULL, 0, '1.00', '0.0000', '5200.0000', 0, 0, NULL, 21, NULL, 0, 0, '0'),
(103, 'S41', 65, 0, '4000', '', NULL, 0, '1.00', '0.0000', '1500.0000', 0, 0, NULL, 21, NULL, 0, 0, '0'),
(104, 'INV-1', 66, 0, '1004', 'apple', NULL, 0, '1.00', '0.0000', '30.0000', 0, 0, NULL, 21, NULL, 0, 0, '0'),
(105, 'INV-1', 67, 0, '1004', 'pro max', NULL, 0, '1.00', '0.0000', '2000.0000', 0, 0, NULL, 21, NULL, 0, 0, '0'),
(106, 'INV-2', 68, 0, '1004', 'keyboard', NULL, 0, '1.00', '0.0000', '250.0000', 0, 0, NULL, 21, NULL, 0, 0, '0'),
(107, 'INV-3', 69, 0, '1004', 'inventory', NULL, 0, '1.00', '0.0000', '450.0000', 0, 0, NULL, 21, NULL, 0, 0, '0'),
(109, 'INV-4', 71, 0, '1004', 's21 ultra', NULL, 0, '1.00', '0.0000', '165000.0000', 0, 0, NULL, 21, NULL, 0, 0, '0'),
(110, 'INV-5', 72, 0, '1004', 'capital added', NULL, 0, '1.00', '0.0000', '454.0000', 0, 0, NULL, 21, NULL, 0, 0, '0'),
(111, 'INV-1', 73, 0, '1004', 'Adjustment of AR and Agent Accounts', NULL, 0, '1.00', '0.0000', '5000.0000', 0, 0, NULL, 21, NULL, 0, 0, '0'),
(112, 'S42', 74, 0, '1004', 'apple', NULL, 0, '1.00', '0.0000', '5000.0000', 0, 0, NULL, 21, NULL, 0, 0, '0'),
(113, 'S42', 74, 0, '4004', 'testing product', NULL, 0, '1.00', '0.0000', '1500.0000', 0, 0, NULL, 21, NULL, 0, 0, '0'),
(114, 'S43', 75, 0, '4000', '', NULL, 0, '1.00', '0.0000', '1000.0000', 0, 0, NULL, 21, NULL, 0, 0, '0'),
(115, 'S1', 76, 0, '1004', '', NULL, 0, '1.00', '0.0000', '500.0000', 0, 0, NULL, 28, NULL, 0, 0, '0'),
(116, 'S44', 77, 0, '4000', 'sale 3', NULL, 0, '1.00', '0.0000', '4500.0000', 0, 0, NULL, 21, NULL, 0, 0, '0'),
(117, 'S45', 78, 0, '4000', 'sale 3', NULL, 0, '1.00', '0.0000', '5000.0000', 0, 0, NULL, 21, NULL, 0, 0, '0'),
(119, 'S46', 80, 0, '1004', 'capital added', NULL, 0, '1.00', '0.0000', '333.0000', 0, 0, NULL, 21, NULL, 0, 0, '0');

-- --------------------------------------------------------

--
-- Table structure for table `pos_sizes`
--

CREATE TABLE `pos_sizes` (
  `id` int(100) NOT NULL,
  `company_id` int(255) NOT NULL,
  `name` varchar(32) NOT NULL,
  `status` enum('active','inactive') NOT NULL
) ENGINE=InnoDB DEFAULT CHARSET=utf8;

-- --------------------------------------------------------

--
-- Table structure for table `pos_supplier`
--

CREATE TABLE `pos_supplier` (
  `id` int(255) NOT NULL,
  `company_id` int(255) NOT NULL,
  `name` varchar(255) COLLATE utf8_unicode_ci NOT NULL,
  `address` varchar(255) COLLATE utf8_unicode_ci DEFAULT NULL,
  `email` varchar(255) COLLATE utf8_unicode_ci DEFAULT NULL,
  `contact_no` varchar(255) COLLATE utf8_unicode_ci DEFAULT NULL,
  `status` enum('active','inactive') COLLATE utf8_unicode_ci NOT NULL,
  `posting_type_id` int(100) NOT NULL,
  `currency_id` int(10) DEFAULT '0',
  `op_balance_dr` decimal(10,4) DEFAULT '0.0000',
  `op_balance_cr` decimal(10,4) DEFAULT '0.0000',
  `created_on` timestamp NOT NULL DEFAULT CURRENT_TIMESTAMP,
  `exchange_rate` decimal(10,0) DEFAULT '0',
  `acc_code` int(11) DEFAULT NULL,
  `isSupplier` tinyint(1) NOT NULL DEFAULT '1',
  `also_customer` tinyint(1) NOT NULL DEFAULT '0',
  `sale_posting_type_id` int(20) DEFAULT NULL
) ENGINE=InnoDB DEFAULT CHARSET=utf8 COLLATE=utf8_unicode_ci;

--
-- Dumping data for table `pos_supplier`
--

INSERT INTO `pos_supplier` (`id`, `company_id`, `name`, `address`, `email`, `contact_no`, `status`, `posting_type_id`, `currency_id`, `op_balance_dr`, `op_balance_cr`, `created_on`, `exchange_rate`, `acc_code`, `isSupplier`, `also_customer`, `sale_posting_type_id`) VALUES
(1, 21, 'Saif Autos', 'pesahwar', 'saif@gmail.com', '23131', 'active', 0, NULL, NULL, NULL, '2022-04-06 17:58:16', NULL, NULL, 1, 0, 0),
(2, 21, 'Suzuki Center', 'eadfasdf', 'asdfasf@gmail', '242342', 'active', 0, NULL, NULL, NULL, '2022-05-20 14:17:54', NULL, NULL, 1, 0, 0),
(3, 28, 'Rafi & Company', NULL, '', NULL, 'active', 0, 0, '0.0000', '0.0000', '2023-10-08 13:53:19', '0', NULL, 1, 0, 0);

-- --------------------------------------------------------

--
-- Table structure for table `pos_supplier_payments`
--

CREATE TABLE `pos_supplier_payments` (
  `id` int(100) NOT NULL,
  `invoice_no` varchar(100) NOT NULL,
  `supplier_id` int(100) NOT NULL,
  `account_code` varchar(100) NOT NULL,
  `dueTo_acc_code` varchar(100) NOT NULL,
  `ref_account_id` int(20) DEFAULT '0' COMMENT 'its supplier id',
  `debit` double(15,4) NOT NULL,
  `credit` double(15,4) NOT NULL,
  `narration` text,
  `creation_date` timestamp NOT NULL DEFAULT CURRENT_TIMESTAMP,
  `date` date NOT NULL,
  `exchange_rate` decimal(10,5) NOT NULL,
  `company_id` int(20) NOT NULL,
  `entry_id` int(20) DEFAULT NULL,
  `due_date` date DEFAULT NULL
) ENGINE=InnoDB DEFAULT CHARSET=utf8;

--
-- Dumping data for table `pos_supplier_payments`
--

INSERT INTO `pos_supplier_payments` (`id`, `invoice_no`, `supplier_id`, `account_code`, `dueTo_acc_code`, `ref_account_id`, `debit`, `credit`, `narration`, `creation_date`, `date`, `exchange_rate`, `company_id`, `entry_id`, `due_date`) VALUES
(1, 'R20', 1, '2000', '0', 0, 0.0000, 0.0000, '', '2023-01-06 19:51:31', '2023-01-07', '1.00000', 21, 1, NULL),
(2, 'R21', 2, '2000', '0', 0, 0.0000, 5500.0000, '', '2023-01-06 19:55:58', '2023-01-07', '1.00000', 21, 1, NULL),
(3, 'JV25', 2, '1001', '2000', 0, 1500.0000, 0.0000, '', '2023-01-06 19:56:41', '2023-01-07', '1.00000', 21, 1, NULL),
(4, 'R22', 1, '2000', '0', 0, 0.0000, 8000.0000, '', '2023-01-06 20:04:46', '2023-01-06', '1.00000', 21, 27, NULL),
(5, 'JV26', 1, '1001', '2000', 0, 1000.0000, 0.0000, '', '2023-01-06 20:06:35', '2023-01-07', '1.00000', 21, 334, NULL),
(6, 'R23', 2, '2000', '0', 0, 0.0000, 3000.0000, '', '2023-01-07 11:12:41', '2023-01-07', '1.00000', 21, 28, '2023-01-14'),
(7, 'R24', 2, '2000', '0', 0, 0.0000, 3000.0000, '', '2023-01-07 11:17:37', '2023-01-07', '1.00000', 21, 29, '2023-01-14'),
(8, 'R25', 2, '2000', '0', 0, 0.0000, 400.0000, '', '2023-01-16 17:14:27', '2023-01-16', '1.00000', 21, 345, '2023-01-18'),
(9, 'JV27', 2, '1001', '2000', 0, 1800.0000, 0.0000, '', '2023-01-26 18:52:53', '2023-01-26', '1.00000', 21, 350, '0000-00-00'),
(10, 'JV28', 1, '1001', '2000', 0, 2000.0000, 0.0000, '', '2023-01-26 19:19:40', '2023-01-27', '1.00000', 21, 360, '0000-00-00'),
(11, 'JV29', 1, '1001', '2000', 0, 1200.0000, 0.0000, '', '2023-01-26 19:20:10', '2023-01-27', '1.00000', 21, 362, '0000-00-00'),
(14, 'JV32', 2, '1001', '2000', 0, 50.0000, 0.0000, '', '2023-07-09 14:59:51', '2023-07-09', '1.00000', 21, 511, '0000-00-00'),
(15, 'R1', 3, '2000', '0', 0, 0.0000, 291332.0000, '', '2023-10-08 13:55:02', '2023-09-01', '1.00000', 28, 631, '2023-10-08'),
(16, 'R2', 3, '2000', '0', 0, 0.0000, 138646.0000, '', '2023-10-08 13:56:05', '2023-09-08', '1.00000', 28, 635, '2023-10-08'),
(20, 'R31', 2, '2000', '0', 0, 0.0000, 2900.0000, '', '2024-01-06 11:20:32', '2023-03-06', '1.00000', 21, 798, '2023-03-06');

-- --------------------------------------------------------

--
-- Table structure for table `pos_supplier_payment_history`
--

CREATE TABLE `pos_supplier_payment_history` (
  `id` int(20) NOT NULL,
  `supplier_id` int(20) NOT NULL,
  `invoice_no` varchar(40) COLLATE utf8_unicode_ci NOT NULL,
  `receiving_invoice_no` varchar(40) COLLATE utf8_unicode_ci NOT NULL,
  `amount` decimal(20,4) NOT NULL,
  `company_id` int(20) NOT NULL,
  `date_created` timestamp NOT NULL DEFAULT CURRENT_TIMESTAMP
) ENGINE=InnoDB DEFAULT CHARSET=utf8 COLLATE=utf8_unicode_ci;

-- --------------------------------------------------------

--
-- Table structure for table `pos_taxes`
--

CREATE TABLE `pos_taxes` (
  `id` int(255) NOT NULL,
  `account_code` varchar(100) DEFAULT NULL,
  `name` varchar(50) NOT NULL,
  `rate` varchar(50) DEFAULT NULL,
  `description` text,
  `company_id` int(20) NOT NULL,
  `status` tinyint(1) NOT NULL,
  `date_created` timestamp NOT NULL DEFAULT CURRENT_TIMESTAMP
) ENGINE=InnoDB DEFAULT CHARSET=utf8;

--
-- Dumping data for table `pos_taxes`
--

INSERT INTO `pos_taxes` (`id`, `account_code`, `name`, `rate`, `description`, `company_id`, `status`, `date_created`) VALUES
(1, '2002', 'GST 15%', '15', '', 21, 1, '2022-03-22 08:05:47'),
(2, '1002', 'DHL', '45', '', 21, 0, '2022-07-06 14:23:29'),
(3, '2002', '7.5%', '7.5', 'tax', 21, 1, '2022-08-17 16:26:11');

-- --------------------------------------------------------

--
-- Table structure for table `pos_units`
--

CREATE TABLE `pos_units` (
  `id` int(100) NOT NULL,
  `company_id` int(255) NOT NULL,
  `name` varchar(32) NOT NULL,
  `status` enum('active','inactive') NOT NULL,
  `date_created` timestamp NOT NULL DEFAULT CURRENT_TIMESTAMP
) ENGINE=InnoDB DEFAULT CHARSET=utf8;

-- --------------------------------------------------------

--
-- Table structure for table `unsubscribe`
--

CREATE TABLE `unsubscribe` (
  `id` int(11) NOT NULL,
  `company_id` int(11) NOT NULL,
  `business_name` text,
  `customer_name` varchar(200) DEFAULT NULL,
  `email` varchar(100) DEFAULT NULL,
  `phone_no` varchar(100) DEFAULT NULL,
  `comments` text,
  `date_created` date NOT NULL,
  `email_sent` tinyint(1) NOT NULL
) ENGINE=MyISAM DEFAULT CHARSET=utf8;

--
-- Dumping data for table `unsubscribe`
--

INSERT INTO `unsubscribe` (`id`, `company_id`, `business_name`, `customer_name`, `email`, `phone_no`, `comments`, `date_created`, `email_sent`) VALUES
(1, 0, NULL, '', '', '', '', '0000-00-00', 0),
(2, 0, NULL, '', '', '', '', '0000-00-00', 0),
(3, 0, NULL, '', '', '', '', '0000-00-00', 0),
(4, 0, NULL, '', '', '', '', '2023-04-27', 0),
(5, 0, 'kasbook', 'Ahsan Ullah', 'ahsankhan50@gmail.com', '03119809070', '', '2023-04-27', 0),
(6, 21, 'kasbook', 'Ahsan Ullah', 'ahsankhan50@gmail.com', '03119809070', '', '2023-05-08', 0);

-- --------------------------------------------------------

--
-- Table structure for table `users`
--

CREATE TABLE `users` (
  `id` int(20) NOT NULL,
  `username` varchar(30) COLLATE utf8_unicode_ci NOT NULL,
  `password` varchar(250) COLLATE utf8_unicode_ci NOT NULL,
  `company_id` int(20) NOT NULL,
  `created_on` timestamp NOT NULL DEFAULT CURRENT_TIMESTAMP,
  `name` varchar(50) COLLATE utf8_unicode_ci NOT NULL,
  `role` varchar(20) COLLATE utf8_unicode_ci NOT NULL,
  `status` tinyint(1) NOT NULL,
  `forgot_pass_identity` text COLLATE utf8_unicode_ci,
  `email` varchar(200) COLLATE utf8_unicode_ci DEFAULT NULL
) ENGINE=InnoDB DEFAULT CHARSET=utf8 COLLATE=utf8_unicode_ci;

--
-- Dumping data for table `users`
--

INSERT INTO `users` (`id`, `username`, `password`, `company_id`, `created_on`, `name`, `role`, `status`, `forgot_pass_identity`, `email`) VALUES
(12, 'admin', '21232f297a57a5a743894a0e4a801fc3', 21, '2017-10-20 05:42:29', 'demo', 'admin', 1, '22ce276e82e7ecbdea0344892fef8b29', 'ahsankhan50@gmail.com'),
(13, 'guven', 'c8b01d82323b6eee4d117fa834cca5d4', 23, '2022-06-22 15:13:14', 'guven', 'admin', 1, NULL, NULL),
(14, 'abc', '900150983cd24fb0d6963f7d28e17f72', 24, '2022-09-05 18:25:59', 'ABC Accounts', 'admin', 1, NULL, NULL),
(15, 'abc123', '21232f297a57a5a743894a0e4a801fc3', 25, '2022-09-27 06:15:24', 'abc electronics', 'admin', 1, NULL, NULL),
(16, 'irfan', '24b90bc48a67ac676228385a7c71a119', 26, '2023-04-29 09:08:46', '   ', 'admin', 1, NULL, 'irfan@domain.com'),
(17, 'shirka', '69a51f6824e2e6b2b031afe7f1fa3041', 27, '2023-04-29 09:12:40', 'Shirka', 'admin', 1, NULL, 'shirka@domain.com'),
(18, 'babakheel', '21232f297a57a5a743894a0e4a801fc3', 28, '2023-10-08 13:51:24', 'SAR Shinwari Traders', 'admin', 1, NULL, 'babakheel@gmail.com');

-- --------------------------------------------------------

--
-- Structure for view `monthly_sales_view`
--
DROP TABLE IF EXISTS `monthly_sales_view`;

CREATE ALGORITHM=UNDEFINED DEFINER=`root`@`localhost` SQL SECURITY DEFINER VIEW `monthly_sales_view`  AS  select year(`pos_invoices`.`sale_date`) AS `sales_year`,month(`pos_invoices`.`sale_date`) AS `sales_month`,sum(`pos_invoices`.`total_amount`) AS `total_sales` from `pos_invoices` group by `sales_year`,`sales_month` ;

--
-- Indexes for dumped tables
--

--
-- Indexes for table `account_types`
--
ALTER TABLE `account_types`
  ADD PRIMARY KEY (`id`);

--
-- Indexes for table `acc_bank_deposit_detail`
--
ALTER TABLE `acc_bank_deposit_detail`
  ADD PRIMARY KEY (`id`),
  ADD KEY `invoice_no` (`invoice_no`,`bank_deposit_id`,`account_code`),
  ADD KEY `company_id` (`company_id`);

--
-- Indexes for table `acc_bank_deposit_header`
--
ALTER TABLE `acc_bank_deposit_header`
  ADD PRIMARY KEY (`id`),
  ADD KEY `employee_id` (`employee_id`),
  ADD KEY `company_id` (`company_id`),
  ADD KEY `invoice_no` (`invoice_no`),
  ADD KEY `user_id` (`user_id`);

--
-- Indexes for table `acc_entries`
--
ALTER TABLE `acc_entries`
  ADD PRIMARY KEY (`id`),
  ADD KEY `company_id` (`company_id`),
  ADD KEY `invoice_no` (`invoice_no`),
  ADD KEY `entry_no` (`entry_no`);

--
-- Indexes for table `acc_entry_items`
--
ALTER TABLE `acc_entry_items`
  ADD PRIMARY KEY (`id`),
  ADD KEY `entry_no` (`entry_no`),
  ADD KEY `account_code` (`account_code`),
  ADD KEY `invoice_no` (`invoice_no`),
  ADD KEY `entry_id` (`entry_id`),
  ADD KEY `company_id` (`company_id`),
  ADD KEY `ref_account_code` (`ref_account_id`);

--
-- Indexes for table `acc_fiscal_years`
--
ALTER TABLE `acc_fiscal_years`
  ADD PRIMARY KEY (`id`),
  ADD KEY `company_id` (`company_id`);

--
-- Indexes for table `acc_groups`
--
ALTER TABLE `acc_groups`
  ADD PRIMARY KEY (`id`),
  ADD KEY `account_code` (`account_code`),
  ADD KEY `company_id` (`company_id`),
  ADD KEY `parent_code` (`parent_code`,`account_type_id`);

--
-- Indexes for table `acc_payments`
--
ALTER TABLE `acc_payments`
  ADD PRIMARY KEY (`id`);

--
-- Indexes for table `acc_transfer`
--
ALTER TABLE `acc_transfer`
  ADD PRIMARY KEY (`id`),
  ADD KEY `entry_no` (`entry_no`),
  ADD KEY `account_code` (`account_code`),
  ADD KEY `invoice_no` (`invoice_no`),
  ADD KEY `entry_id` (`entry_id`),
  ADD KEY `company_id` (`company_id`),
  ADD KEY `ref_account_code` (`ref_account_id`);

--
-- Indexes for table `ci_sessions`
--
ALTER TABLE `ci_sessions`
  ADD PRIMARY KEY (`id`),
  ADD KEY `ci_sessions_timestamp` (`timestamp`);

--
-- Indexes for table `companies`
--
ALTER TABLE `companies`
  ADD PRIMARY KEY (`id`),
  ADD KEY `email` (`email`),
  ADD KEY `locked` (`locked`,`expire`);

--
-- Indexes for table `dashboard_users`
--
ALTER TABLE `dashboard_users`
  ADD PRIMARY KEY (`id`);

--
-- Indexes for table `logs`
--
ALTER TABLE `logs`
  ADD PRIMARY KEY (`id`),
  ADD KEY `company_id` (`company_id`);

--
-- Indexes for table `mfg_bom`
--
ALTER TABLE `mfg_bom`
  ADD PRIMARY KEY (`id`),
  ADD KEY `component` (`component`),
  ADD KEY `id` (`id`),
  ADD KEY `loc_code` (`loc_code`),
  ADD KEY `item_id` (`item_id`,`loc_code`),
  ADD KEY `workcentre_added` (`workcentre_added`);

--
-- Indexes for table `mfg_workcenters`
--
ALTER TABLE `mfg_workcenters`
  ADD PRIMARY KEY (`id`),
  ADD KEY `company_id` (`company_id`);

--
-- Indexes for table `mfg_workorders`
--
ALTER TABLE `mfg_workorders`
  ADD PRIMARY KEY (`id`),
  ADD KEY `item_id` (`item_id`),
  ADD KEY `wo_ref` (`wo_ref`);

--
-- Indexes for table `mfg_wo_costing`
--
ALTER TABLE `mfg_wo_costing`
  ADD PRIMARY KEY (`id`);

--
-- Indexes for table `mfg_wo_manufacture`
--
ALTER TABLE `mfg_wo_manufacture`
  ADD PRIMARY KEY (`id`),
  ADD KEY `workorder_id` (`workorder_id`);

--
-- Indexes for table `mfg_wo_requirements`
--
ALTER TABLE `mfg_wo_requirements`
  ADD PRIMARY KEY (`id`),
  ADD KEY `workorder_id` (`workorder_id`);

--
-- Indexes for table `modules`
--
ALTER TABLE `modules`
  ADD PRIMARY KEY (`id`),
  ADD KEY `parent_id` (`parent_id`);

--
-- Indexes for table `pos_banking`
--
ALTER TABLE `pos_banking`
  ADD PRIMARY KEY (`id`);

--
-- Indexes for table `pos_bank_payments`
--
ALTER TABLE `pos_bank_payments`
  ADD PRIMARY KEY (`id`),
  ADD KEY `invoice_no` (`invoice_no`,`bank_id`,`account_code`),
  ADD KEY `company_id` (`company_id`),
  ADD KEY `ref_account_id` (`ref_account_id`);

--
-- Indexes for table `pos_categories`
--
ALTER TABLE `pos_categories`
  ADD PRIMARY KEY (`id`),
  ADD KEY `company_id` (`company_id`);

--
-- Indexes for table `pos_colors`
--
ALTER TABLE `pos_colors`
  ADD PRIMARY KEY (`id`),
  ADD KEY `company_id` (`company_id`);

--
-- Indexes for table `pos_currencies`
--
ALTER TABLE `pos_currencies`
  ADD PRIMARY KEY (`id`),
  ADD KEY `company_id` (`company_id`);

--
-- Indexes for table `pos_customers`
--
ALTER TABLE `pos_customers`
  ADD PRIMARY KEY (`id`),
  ADD KEY `company_id` (`company_id`),
  ADD KEY `company_id_2` (`company_id`);

--
-- Indexes for table `pos_customer_payments`
--
ALTER TABLE `pos_customer_payments`
  ADD PRIMARY KEY (`id`),
  ADD KEY `invoice_no` (`invoice_no`,`customer_id`,`account_code`),
  ADD KEY `company_id` (`company_id`),
  ADD KEY `ref_account_id` (`ref_account_id`),
  ADD KEY `debit` (`debit`),
  ADD KEY `credit` (`credit`);

--
-- Indexes for table `pos_customer_payment_history`
--
ALTER TABLE `pos_customer_payment_history`
  ADD PRIMARY KEY (`id`);

--
-- Indexes for table `pos_employees`
--
ALTER TABLE `pos_employees`
  ADD PRIMARY KEY (`id`),
  ADD KEY `company_id` (`company_id`),
  ADD KEY `ledger_id` (`salary_acc_code`);

--
-- Indexes for table `pos_employee_payments`
--
ALTER TABLE `pos_employee_payments`
  ADD PRIMARY KEY (`id`),
  ADD KEY `invoice_no` (`invoice_no`,`employee_id`,`account_code`),
  ADD KEY `company_id` (`company_id`);

--
-- Indexes for table `pos_emp_area`
--
ALTER TABLE `pos_emp_area`
  ADD PRIMARY KEY (`id`);

--
-- Indexes for table `pos_emp_modules`
--
ALTER TABLE `pos_emp_modules`
  ADD PRIMARY KEY (`id`),
  ADD KEY `emp_id` (`emp_id`,`module_id`);

--
-- Indexes for table `pos_estimate`
--
ALTER TABLE `pos_estimate`
  ADD PRIMARY KEY (`sale_id`),
  ADD KEY `customer_id` (`customer_id`),
  ADD KEY `employee_id` (`employee_id`),
  ADD KEY `company_id` (`company_id`),
  ADD KEY `invoice_no` (`invoice_no`),
  ADD KEY `supplier_id` (`supplier_id`),
  ADD KEY `user_id` (`user_id`);

--
-- Indexes for table `pos_estimate_items`
--
ALTER TABLE `pos_estimate_items`
  ADD PRIMARY KEY (`sale_item_id`),
  ADD KEY `invoice_no` (`invoice_no`,`sale_id`,`account_code`),
  ADD KEY `company_id` (`company_id`);

--
-- Indexes for table `pos_eventcalendar`
--
ALTER TABLE `pos_eventcalendar`
  ADD PRIMARY KEY (`id`);

--
-- Indexes for table `pos_inventory`
--
ALTER TABLE `pos_inventory`
  ADD PRIMARY KEY (`trans_id`),
  ADD KEY `ospos_inventory_ibfk_1` (`trans_item`),
  ADD KEY `ospos_inventory_ibfk_2` (`trans_user`),
  ADD KEY `company_id` (`company_id`),
  ADD KEY `invoice_no` (`invoice_no`);

--
-- Indexes for table `pos_invoices`
--
ALTER TABLE `pos_invoices`
  ADD PRIMARY KEY (`sale_id`),
  ADD KEY `customer_id` (`customer_id`),
  ADD KEY `employee_id` (`employee_id`),
  ADD KEY `company_id` (`company_id`),
  ADD KEY `invoice_no` (`invoice_no`),
  ADD KEY `supplier_id` (`supplier_id`),
  ADD KEY `user_id` (`user_id`);

--
-- Indexes for table `pos_invoices_items`
--
ALTER TABLE `pos_invoices_items`
  ADD PRIMARY KEY (`sale_item_id`),
  ADD KEY `invoice_no` (`invoice_no`,`sale_id`,`item_id`),
  ADD KEY `company_id` (`company_id`);

--
-- Indexes for table `pos_items_detail`
--
ALTER TABLE `pos_items_detail`
  ADD PRIMARY KEY (`id`),
  ADD KEY `cost_price` (`cost_price`,`unit_price`),
  ADD KEY `avg_cost` (`avg_cost`),
  ADD KEY `item_code` (`item_code`);

--
-- Indexes for table `pos_locations`
--
ALTER TABLE `pos_locations`
  ADD PRIMARY KEY (`id`),
  ADD KEY `company_id` (`company_id`);

--
-- Indexes for table `pos_plaid_accounts`
--
ALTER TABLE `pos_plaid_accounts`
  ADD PRIMARY KEY (`id`),
  ADD UNIQUE KEY `plaid_account_id` (`plaid_account_id`);

--
-- Indexes for table `pos_plaid_items`
--
ALTER TABLE `pos_plaid_items`
  ADD PRIMARY KEY (`id`),
  ADD UNIQUE KEY `id` (`id`),
  ADD UNIQUE KEY `plaid_access_token` (`plaid_access_token`),
  ADD UNIQUE KEY `plaid_item_id` (`plaid_item_id`);

--
-- Indexes for table `pos_plaid_transactions`
--
ALTER TABLE `pos_plaid_transactions`
  ADD PRIMARY KEY (`id`),
  ADD UNIQUE KEY `plaid_transaction_id` (`plaid_transaction_id`);

--
-- Indexes for table `pos_purchasepostingtypes`
--
ALTER TABLE `pos_purchasepostingtypes`
  ADD PRIMARY KEY (`id`);

--
-- Indexes for table `pos_purchase_orders`
--
ALTER TABLE `pos_purchase_orders`
  ADD PRIMARY KEY (`receiving_id`),
  ADD KEY `supplier_id` (`supplier_id`),
  ADD KEY `employee_id` (`employee_id`),
  ADD KEY `company_id` (`company_id`),
  ADD KEY `invoice_no` (`invoice_no`),
  ADD KEY `user_id` (`user_id`);

--
-- Indexes for table `pos_purchase_orders_items`
--
ALTER TABLE `pos_purchase_orders_items`
  ADD PRIMARY KEY (`purchase_orders_items_id`),
  ADD KEY `receiving_id` (`receiving_id`,`invoice_no`,`item_id`,`size_id`),
  ADD KEY `company_id` (`company_id`);

--
-- Indexes for table `pos_receivings`
--
ALTER TABLE `pos_receivings`
  ADD PRIMARY KEY (`receiving_id`),
  ADD KEY `supplier_id` (`supplier_id`),
  ADD KEY `employee_id` (`employee_id`),
  ADD KEY `company_id` (`company_id`),
  ADD KEY `invoice_no` (`invoice_no`),
  ADD KEY `user_id` (`user_id`);

--
-- Indexes for table `pos_receivings_items`
--
ALTER TABLE `pos_receivings_items`
  ADD PRIMARY KEY (`receivings_items_id`),
  ADD KEY `receiving_id` (`receiving_id`,`invoice_no`,`item_id`,`size_id`),
  ADD KEY `company_id` (`company_id`);

--
-- Indexes for table `pos_receiving_inv_payment`
--
ALTER TABLE `pos_receiving_inv_payment`
  ADD PRIMARY KEY (`id`);

--
-- Indexes for table `pos_sales`
--
ALTER TABLE `pos_sales`
  ADD PRIMARY KEY (`sale_id`),
  ADD KEY `customer_id` (`customer_id`),
  ADD KEY `employee_id` (`employee_id`),
  ADD KEY `company_id` (`company_id`),
  ADD KEY `invoice_no` (`invoice_no`),
  ADD KEY `supplier_id` (`supplier_id`),
  ADD KEY `user_id` (`user_id`);

--
-- Indexes for table `pos_salespostingtypes`
--
ALTER TABLE `pos_salespostingtypes`
  ADD PRIMARY KEY (`id`);

--
-- Indexes for table `pos_sales_inv_payment`
--
ALTER TABLE `pos_sales_inv_payment`
  ADD PRIMARY KEY (`id`);

--
-- Indexes for table `pos_sales_items`
--
ALTER TABLE `pos_sales_items`
  ADD PRIMARY KEY (`sale_item_id`),
  ADD KEY `invoice_no` (`invoice_no`,`sale_id`,`item_id`),
  ADD KEY `company_id` (`company_id`);

--
-- Indexes for table `pos_sizes`
--
ALTER TABLE `pos_sizes`
  ADD PRIMARY KEY (`id`),
  ADD KEY `company_id` (`company_id`);

--
-- Indexes for table `pos_supplier`
--
ALTER TABLE `pos_supplier`
  ADD PRIMARY KEY (`id`),
  ADD KEY `company_id` (`company_id`),
  ADD KEY `acc_code` (`acc_code`);

--
-- Indexes for table `pos_supplier_payments`
--
ALTER TABLE `pos_supplier_payments`
  ADD PRIMARY KEY (`id`),
  ADD KEY `invoice_no` (`invoice_no`,`supplier_id`,`account_code`),
  ADD KEY `company_id` (`company_id`),
  ADD KEY `ref_account_id` (`ref_account_id`);

--
-- Indexes for table `pos_supplier_payment_history`
--
ALTER TABLE `pos_supplier_payment_history`
  ADD PRIMARY KEY (`id`);

--
-- Indexes for table `pos_taxes`
--
ALTER TABLE `pos_taxes`
  ADD PRIMARY KEY (`id`);

--
-- Indexes for table `pos_units`
--
ALTER TABLE `pos_units`
  ADD PRIMARY KEY (`id`),
  ADD KEY `company_id` (`company_id`);

--
-- Indexes for table `unsubscribe`
--
ALTER TABLE `unsubscribe`
  ADD PRIMARY KEY (`id`);

--
-- Indexes for table `users`
--
ALTER TABLE `users`
  ADD PRIMARY KEY (`id`),
  ADD KEY `company_id` (`company_id`),
  ADD KEY `username` (`username`);

--
-- AUTO_INCREMENT for dumped tables
--

--
-- AUTO_INCREMENT for table `account_types`
--
ALTER TABLE `account_types`
  MODIFY `id` int(22) NOT NULL AUTO_INCREMENT, AUTO_INCREMENT=7;
--
-- AUTO_INCREMENT for table `acc_bank_deposit_detail`
--
ALTER TABLE `acc_bank_deposit_detail`
  MODIFY `id` int(10) NOT NULL AUTO_INCREMENT, AUTO_INCREMENT=10;
--
-- AUTO_INCREMENT for table `acc_bank_deposit_header`
--
ALTER TABLE `acc_bank_deposit_header`
  MODIFY `id` int(10) NOT NULL AUTO_INCREMENT, AUTO_INCREMENT=8;
--
-- AUTO_INCREMENT for table `acc_entries`
--
ALTER TABLE `acc_entries`
  MODIFY `id` int(11) NOT NULL AUTO_INCREMENT, AUTO_INCREMENT=35;
--
-- AUTO_INCREMENT for table `acc_entry_items`
--
ALTER TABLE `acc_entry_items`
  MODIFY `id` int(11) NOT NULL AUTO_INCREMENT, AUTO_INCREMENT=863;
--
-- AUTO_INCREMENT for table `acc_fiscal_years`
--
ALTER TABLE `acc_fiscal_years`
  MODIFY `id` int(100) NOT NULL AUTO_INCREMENT, AUTO_INCREMENT=24;
--
-- AUTO_INCREMENT for table `acc_groups`
--
ALTER TABLE `acc_groups`
  MODIFY `id` int(11) NOT NULL AUTO_INCREMENT, AUTO_INCREMENT=703;
--
-- AUTO_INCREMENT for table `acc_payments`
--
ALTER TABLE `acc_payments`
  MODIFY `id` int(10) NOT NULL AUTO_INCREMENT;
--
-- AUTO_INCREMENT for table `acc_transfer`
--
ALTER TABLE `acc_transfer`
  MODIFY `id` int(11) NOT NULL AUTO_INCREMENT, AUTO_INCREMENT=305;
--
-- AUTO_INCREMENT for table `companies`
--
ALTER TABLE `companies`
  MODIFY `id` int(255) NOT NULL AUTO_INCREMENT, AUTO_INCREMENT=29;
--
-- AUTO_INCREMENT for table `dashboard_users`
--
ALTER TABLE `dashboard_users`
  MODIFY `id` int(11) NOT NULL AUTO_INCREMENT, AUTO_INCREMENT=5;
--
-- AUTO_INCREMENT for table `logs`
--
ALTER TABLE `logs`
  MODIFY `id` int(11) NOT NULL AUTO_INCREMENT, AUTO_INCREMENT=1465;
--
-- AUTO_INCREMENT for table `mfg_bom`
--
ALTER TABLE `mfg_bom`
  MODIFY `id` int(11) NOT NULL AUTO_INCREMENT, AUTO_INCREMENT=12;
--
-- AUTO_INCREMENT for table `mfg_workcenters`
--
ALTER TABLE `mfg_workcenters`
  MODIFY `id` int(11) NOT NULL AUTO_INCREMENT;
--
-- AUTO_INCREMENT for table `mfg_workorders`
--
ALTER TABLE `mfg_workorders`
  MODIFY `id` int(11) NOT NULL AUTO_INCREMENT;
--
-- AUTO_INCREMENT for table `mfg_wo_costing`
--
ALTER TABLE `mfg_wo_costing`
  MODIFY `id` int(11) NOT NULL AUTO_INCREMENT;
--
-- AUTO_INCREMENT for table `mfg_wo_manufacture`
--
ALTER TABLE `mfg_wo_manufacture`
  MODIFY `id` int(11) NOT NULL AUTO_INCREMENT;
--
-- AUTO_INCREMENT for table `mfg_wo_requirements`
--
ALTER TABLE `mfg_wo_requirements`
  MODIFY `id` int(11) NOT NULL AUTO_INCREMENT;
--
-- AUTO_INCREMENT for table `modules`
--
ALTER TABLE `modules`
  MODIFY `id` int(255) NOT NULL AUTO_INCREMENT, AUTO_INCREMENT=46;
--
-- AUTO_INCREMENT for table `pos_banking`
--
ALTER TABLE `pos_banking`
  MODIFY `id` int(20) NOT NULL AUTO_INCREMENT, AUTO_INCREMENT=3;
--
-- AUTO_INCREMENT for table `pos_bank_payments`
--
ALTER TABLE `pos_bank_payments`
  MODIFY `id` int(100) NOT NULL AUTO_INCREMENT, AUTO_INCREMENT=13;
--
-- AUTO_INCREMENT for table `pos_categories`
--
ALTER TABLE `pos_categories`
  MODIFY `id` int(100) NOT NULL AUTO_INCREMENT;
--
-- AUTO_INCREMENT for table `pos_colors`
--
ALTER TABLE `pos_colors`
  MODIFY `id` int(100) NOT NULL AUTO_INCREMENT;
--
-- AUTO_INCREMENT for table `pos_currencies`
--
ALTER TABLE `pos_currencies`
  MODIFY `id` int(11) NOT NULL AUTO_INCREMENT, AUTO_INCREMENT=132;
--
-- AUTO_INCREMENT for table `pos_customers`
--
ALTER TABLE `pos_customers`
  MODIFY `id` int(255) NOT NULL AUTO_INCREMENT, AUTO_INCREMENT=22;
--
-- AUTO_INCREMENT for table `pos_customer_payments`
--
ALTER TABLE `pos_customer_payments`
  MODIFY `id` int(100) NOT NULL AUTO_INCREMENT, AUTO_INCREMENT=55;
--
-- AUTO_INCREMENT for table `pos_customer_payment_history`
--
ALTER TABLE `pos_customer_payment_history`
  MODIFY `id` int(20) NOT NULL AUTO_INCREMENT;
--
-- AUTO_INCREMENT for table `pos_employees`
--
ALTER TABLE `pos_employees`
  MODIFY `id` int(255) NOT NULL AUTO_INCREMENT;
--
-- AUTO_INCREMENT for table `pos_employee_payments`
--
ALTER TABLE `pos_employee_payments`
  MODIFY `id` int(100) NOT NULL AUTO_INCREMENT;
--
-- AUTO_INCREMENT for table `pos_emp_area`
--
ALTER TABLE `pos_emp_area`
  MODIFY `id` int(20) NOT NULL AUTO_INCREMENT;
--
-- AUTO_INCREMENT for table `pos_emp_modules`
--
ALTER TABLE `pos_emp_modules`
  MODIFY `id` int(100) NOT NULL AUTO_INCREMENT, AUTO_INCREMENT=1845;
--
-- AUTO_INCREMENT for table `pos_estimate`
--
ALTER TABLE `pos_estimate`
  MODIFY `sale_id` int(10) NOT NULL AUTO_INCREMENT, AUTO_INCREMENT=15;
--
-- AUTO_INCREMENT for table `pos_estimate_items`
--
ALTER TABLE `pos_estimate_items`
  MODIFY `sale_item_id` int(10) NOT NULL AUTO_INCREMENT, AUTO_INCREMENT=21;
--
-- AUTO_INCREMENT for table `pos_eventcalendar`
--
ALTER TABLE `pos_eventcalendar`
  MODIFY `id` int(20) NOT NULL AUTO_INCREMENT, AUTO_INCREMENT=13;
--
-- AUTO_INCREMENT for table `pos_inventory`
--
ALTER TABLE `pos_inventory`
  MODIFY `trans_id` int(11) NOT NULL AUTO_INCREMENT, AUTO_INCREMENT=93;
--
-- AUTO_INCREMENT for table `pos_invoices`
--
ALTER TABLE `pos_invoices`
  MODIFY `sale_id` int(10) NOT NULL AUTO_INCREMENT, AUTO_INCREMENT=5;
--
-- AUTO_INCREMENT for table `pos_invoices_items`
--
ALTER TABLE `pos_invoices_items`
  MODIFY `sale_item_id` int(10) NOT NULL AUTO_INCREMENT, AUTO_INCREMENT=6;
--
-- AUTO_INCREMENT for table `pos_items_detail`
--
ALTER TABLE `pos_items_detail`
  MODIFY `id` int(255) NOT NULL AUTO_INCREMENT, AUTO_INCREMENT=11;
--
-- AUTO_INCREMENT for table `pos_locations`
--
ALTER TABLE `pos_locations`
  MODIFY `id` int(100) NOT NULL AUTO_INCREMENT;
--
-- AUTO_INCREMENT for table `pos_plaid_accounts`
--
ALTER TABLE `pos_plaid_accounts`
  MODIFY `id` int(11) NOT NULL AUTO_INCREMENT, AUTO_INCREMENT=74;
--
-- AUTO_INCREMENT for table `pos_plaid_items`
--
ALTER TABLE `pos_plaid_items`
  MODIFY `id` bigint(20) UNSIGNED NOT NULL AUTO_INCREMENT, AUTO_INCREMENT=20;
--
-- AUTO_INCREMENT for table `pos_plaid_transactions`
--
ALTER TABLE `pos_plaid_transactions`
  MODIFY `id` int(11) NOT NULL AUTO_INCREMENT, AUTO_INCREMENT=1204;
--
-- AUTO_INCREMENT for table `pos_purchasepostingtypes`
--
ALTER TABLE `pos_purchasepostingtypes`
  MODIFY `id` int(100) NOT NULL AUTO_INCREMENT, AUTO_INCREMENT=2;
--
-- AUTO_INCREMENT for table `pos_purchase_orders`
--
ALTER TABLE `pos_purchase_orders`
  MODIFY `receiving_id` int(10) NOT NULL AUTO_INCREMENT;
--
-- AUTO_INCREMENT for table `pos_purchase_orders_items`
--
ALTER TABLE `pos_purchase_orders_items`
  MODIFY `purchase_orders_items_id` int(10) NOT NULL AUTO_INCREMENT;
--
-- AUTO_INCREMENT for table `pos_receivings`
--
ALTER TABLE `pos_receivings`
  MODIFY `receiving_id` int(10) NOT NULL AUTO_INCREMENT, AUTO_INCREMENT=61;
--
-- AUTO_INCREMENT for table `pos_receivings_items`
--
ALTER TABLE `pos_receivings_items`
  MODIFY `receivings_items_id` int(10) NOT NULL AUTO_INCREMENT, AUTO_INCREMENT=86;
--
-- AUTO_INCREMENT for table `pos_receiving_inv_payment`
--
ALTER TABLE `pos_receiving_inv_payment`
  MODIFY `id` int(20) NOT NULL AUTO_INCREMENT, AUTO_INCREMENT=8;
--
-- AUTO_INCREMENT for table `pos_sales`
--
ALTER TABLE `pos_sales`
  MODIFY `sale_id` int(10) NOT NULL AUTO_INCREMENT, AUTO_INCREMENT=81;
--
-- AUTO_INCREMENT for table `pos_salespostingtypes`
--
ALTER TABLE `pos_salespostingtypes`
  MODIFY `id` int(100) NOT NULL AUTO_INCREMENT, AUTO_INCREMENT=2;
--
-- AUTO_INCREMENT for table `pos_sales_inv_payment`
--
ALTER TABLE `pos_sales_inv_payment`
  MODIFY `id` int(20) NOT NULL AUTO_INCREMENT, AUTO_INCREMENT=11;
--
-- AUTO_INCREMENT for table `pos_sales_items`
--
ALTER TABLE `pos_sales_items`
  MODIFY `sale_item_id` int(10) NOT NULL AUTO_INCREMENT, AUTO_INCREMENT=120;
--
-- AUTO_INCREMENT for table `pos_sizes`
--
ALTER TABLE `pos_sizes`
  MODIFY `id` int(100) NOT NULL AUTO_INCREMENT;
--
-- AUTO_INCREMENT for table `pos_supplier`
--
ALTER TABLE `pos_supplier`
  MODIFY `id` int(255) NOT NULL AUTO_INCREMENT, AUTO_INCREMENT=4;
--
-- AUTO_INCREMENT for table `pos_supplier_payments`
--
ALTER TABLE `pos_supplier_payments`
  MODIFY `id` int(100) NOT NULL AUTO_INCREMENT, AUTO_INCREMENT=21;
--
-- AUTO_INCREMENT for table `pos_supplier_payment_history`
--
ALTER TABLE `pos_supplier_payment_history`
  MODIFY `id` int(20) NOT NULL AUTO_INCREMENT;
--
-- AUTO_INCREMENT for table `pos_taxes`
--
ALTER TABLE `pos_taxes`
  MODIFY `id` int(255) NOT NULL AUTO_INCREMENT, AUTO_INCREMENT=4;
--
-- AUTO_INCREMENT for table `pos_units`
--
ALTER TABLE `pos_units`
  MODIFY `id` int(100) NOT NULL AUTO_INCREMENT;
--
-- AUTO_INCREMENT for table `unsubscribe`
--
ALTER TABLE `unsubscribe`
  MODIFY `id` int(11) NOT NULL AUTO_INCREMENT, AUTO_INCREMENT=7;
--
-- AUTO_INCREMENT for table `users`
--
ALTER TABLE `users`
  MODIFY `id` int(20) NOT NULL AUTO_INCREMENT, AUTO_INCREMENT=19;
/*!40101 SET CHARACTER_SET_CLIENT=@OLD_CHARACTER_SET_CLIENT */;
/*!40101 SET CHARACTER_SET_RESULTS=@OLD_CHARACTER_SET_RESULTS */;
/*!40101 SET COLLATION_CONNECTION=@OLD_COLLATION_CONNECTION */;
